<?xml version="1.0" encoding="UTF-8" standalone="yes"?>
<p:sld xmlns:a="http://schemas.openxmlformats.org/drawingml/2006/main" xmlns:r="http://schemas.openxmlformats.org/officeDocument/2006/relationships" xmlns:p="http://schemas.openxmlformats.org/presentationml/2006/main"><p:cSld><p:spTree><p:nvGrpSpPr><p:cNvPr id="1" name=""/><p:cNvGrpSpPr/><p:nvPr/></p:nvGrpSpPr><p:grpSpPr><a:xfrm><a:off x="0" y="0"/><a:ext cx="0" cy="0"/><a:chOff x="0" y="0"/><a:chExt cx="0" cy="0"/></a:xfrm></p:grpSpPr><p:sp><p:nvSpPr><p:cNvPr id="58" name="Title 57"/><p:cNvSpPr><a:spLocks noGrp="1"/></p:cNvSpPr><p:nvPr><p:ph type="title"/></p:nvPr></p:nvSpPr><p:spPr/><p:txBody><a:bodyPr/><a:lstStyle/><a:p><a:pPr><a:lnSpc><a:spcPct val="100000"/></a:lnSpc></a:pPr><a:r><a:rPr lang="en-US" dirty="0"><a:solidFill><a:srgbClr val="7FACD1"/></a:solidFill></a:rPr><a:t>THE FAMILY </a:t></a:r><a:endParaRPr lang="en-US" sz="2000" b="0" dirty="0"><a:solidFill><a:schemeClr val="tx1"/></a:solidFill><a:latin typeface="Proxima Nova Thin"/><a:cs typeface="Proxima Nova Thin"/></a:endParaRPr></a:p></p:txBody></p:sp><p:pic><p:nvPicPr><p:cNvPr id="47" name="Picture 46" descr="CSI_logo.JPG"/><p:cNvPicPr><a:picLocks noChangeAspect="1"/></p:cNvPicPr><p:nvPr/></p:nvPicPr><p:blipFill><a:blip r:embed="rId2" cstate="print"/><a:stretch><a:fillRect/></a:stretch></p:blipFill><p:spPr><a:xfrm><a:off x="2293248" y="3824293"/><a:ext cx="1005840" cy="601532"/></a:xfrm><a:prstGeom prst="rect"><a:avLst/></a:prstGeom></p:spPr></p:pic><p:sp><p:nvSpPr><p:cNvPr id="31" name="Slide Number Placeholder 3"/><p:cNvSpPr txBox="1"><a:spLocks/></p:cNvSpPr><p:nvPr/></p:nvSpPr><p:spPr><a:xfrm><a:off x="6786863" y="6312017"/><a:ext cx="2135186" cy="400112"/></a:xfrm><a:prstGeom prst="rect"><a:avLst/></a:prstGeom><a:ln><a:noFill/></a:ln></p:spPr><p:txBody><a:bodyPr lIns="91342" tIns="45672" rIns="91342" bIns="45672" anchor="ctr" anchorCtr="0"/><a:lstStyle/><a:p><a:pPr algn="r" defTabSz="913626"><a:defRPr/></a:pPr><a:fld id="{64A0274D-0BBD-4112-B835-ED6A1269B84A}" type="slidenum"><a:rPr lang="en-US" sz="1000" kern="0" smtClean="0"><a:solidFill><a:srgbClr val="FFFFFF"/></a:solidFill><a:latin typeface="Proxima Nova Regular"/><a:cs typeface="Arial" pitchFamily="34" charset="0"/></a:rPr><a:pPr algn="r" defTabSz="913626"><a:defRPr/></a:pPr><a:t>48</a:t></a:fld><a:endParaRPr lang="en-US" sz="1000" kern="0" dirty="0" smtClean="0"><a:solidFill><a:srgbClr val="FFFFFF"/></a:solidFill><a:latin typeface="Proxima Nova Regular"/><a:cs typeface="Arial" pitchFamily="34" charset="0"/></a:endParaRPr></a:p></p:txBody></p:sp><p:sp><p:nvSpPr><p:cNvPr id="28" name="TextBox 27"/><p:cNvSpPr txBox="1"/><p:nvPr/></p:nvSpPr><p:spPr><a:xfrm><a:off x="2271920" y="5009182"/><a:ext cx="1052305" cy="523220"/></a:xfrm><a:prstGeom prst="rect"><a:avLst/></a:prstGeom><a:noFill/></p:spPr><p:txBody><a:bodyPr wrap="square" rtlCol="0"><a:spAutoFit/></a:bodyPr><a:lstStyle/><a:p><a:pPr algn="ctr" defTabSz="914400"/><a:r><a:rPr lang="en-US" sz="1400" dirty="0"><a:solidFill><a:srgbClr val="000000"/></a:solidFill></a:rPr><a:t>LIMITED</a:t></a:r><a:r><a:rPr lang="en-US" sz="1400" dirty="0" smtClean="0"><a:solidFill><a:srgbClr val="000000"/></a:solidFill><a:latin typeface="Arial"/><a:cs typeface="Arial" pitchFamily="34" charset="0"/></a:rPr><a:t> </a:t></a:r><a:br><a:rPr lang="en-US" sz="1400" dirty="0" smtClean="0"><a:solidFill><a:srgbClr val="000000"/></a:solidFill><a:latin typeface="Arial"/><a:cs typeface="Arial" pitchFamily="34" charset="0"/></a:rPr></a:br><a:r><a:rPr lang="en-US" sz="1400" dirty="0"><a:solidFill><a:srgbClr val="000000"/></a:solidFill></a:rPr><a:t>SERVICE</a:t></a:r></a:p></p:txBody></p:sp><p:sp><p:nvSpPr><p:cNvPr id="29" name="TextBox 28"/><p:cNvSpPr txBox="1"/><p:nvPr/></p:nvSpPr><p:spPr><a:xfrm><a:off x="627026" y="2253723"/><a:ext cx="2218152" cy="307777"/></a:xfrm><a:prstGeom prst="rect"><a:avLst/></a:prstGeom><a:noFill/></p:spPr><p:txBody><a:bodyPr wrap="square" rtlCol="0"><a:spAutoFit/></a:bodyPr><a:lstStyle/><a:p><a:pPr defTabSz="914400"/><a:r><a:rPr lang="en-US" sz="1400" dirty="0"><a:solidFill><a:srgbClr val="000000"/></a:solidFill></a:rPr><a:t>Luxury</a:t></a:r></a:p></p:txBody></p:sp><p:sp><p:nvSpPr><p:cNvPr id="32" name="TextBox 31"/><p:cNvSpPr txBox="1"/><p:nvPr/></p:nvSpPr><p:spPr><a:xfrm><a:off x="627026" y="2803850"/><a:ext cx="2218152" cy="338554"/></a:xfrm><a:prstGeom prst="rect"><a:avLst/></a:prstGeom><a:noFill/></p:spPr><p:txBody><a:bodyPr wrap="square" rtlCol="0"><a:spAutoFit/></a:bodyPr><a:lstStyle/><a:p><a:pPr defTabSz="914400"/><a:r><a:rPr lang="en-US" sz="1400" dirty="0"><a:solidFill><a:srgbClr val="000000"/></a:solidFill></a:rPr><a:t>Upper</a:t></a:r><a:r><a:rPr lang="en-US" sz="1600" dirty="0" smtClean="0"><a:solidFill><a:srgbClr val="000000"/></a:solidFill><a:latin typeface="Arial"/><a:cs typeface="Arial" pitchFamily="34" charset="0"/></a:rPr><a:t> </a:t></a:r><a:r><a:rPr lang="en-US" sz="1400" dirty="0"><a:solidFill><a:srgbClr val="000000"/></a:solidFill></a:rPr><a:t>Upscale</a:t></a:r></a:p></p:txBody></p:sp><p:sp><p:nvSpPr><p:cNvPr id="33" name="TextBox 32"/><p:cNvSpPr txBox="1"/><p:nvPr/></p:nvSpPr><p:spPr><a:xfrm><a:off x="627026" y="3388594"/><a:ext cx="1946868" cy="307777"/></a:xfrm><a:prstGeom prst="rect"><a:avLst/></a:prstGeom><a:noFill/></p:spPr><p:txBody><a:bodyPr wrap="square" rtlCol="0"><a:spAutoFit/></a:bodyPr><a:lstStyle/><a:p><a:pPr defTabSz="914400"/><a:r><a:rPr lang="en-US" sz="1400" dirty="0"><a:solidFill><a:srgbClr val="000000"/></a:solidFill></a:rPr><a:t>Upscale</a:t></a:r></a:p></p:txBody></p:sp><p:sp><p:nvSpPr><p:cNvPr id="35" name="TextBox 34"/><p:cNvSpPr txBox="1"/><p:nvPr/></p:nvSpPr><p:spPr><a:xfrm><a:off x="627026" y="3976271"/><a:ext cx="2234110" cy="307777"/></a:xfrm><a:prstGeom prst="rect"><a:avLst/></a:prstGeom><a:noFill/></p:spPr><p:txBody><a:bodyPr wrap="square" rtlCol="0"><a:spAutoFit/></a:bodyPr><a:lstStyle/><a:p><a:pPr defTabSz="914400"/><a:r><a:rPr lang="en-US" sz="1400" dirty="0"><a:solidFill><a:srgbClr val="000000"/></a:solidFill></a:rPr><a:t>Midscale</a:t></a:r></a:p></p:txBody></p:sp><p:sp><p:nvSpPr><p:cNvPr id="36" name="TextBox 35"/><p:cNvSpPr txBox="1"/><p:nvPr/></p:nvSpPr><p:spPr><a:xfrm><a:off x="627026" y="4518277"/><a:ext cx="2234110" cy="307777"/></a:xfrm><a:prstGeom prst="rect"><a:avLst/></a:prstGeom><a:noFill/></p:spPr><p:txBody><a:bodyPr wrap="square" rtlCol="0"><a:spAutoFit/></a:bodyPr><a:lstStyle/><a:p><a:pPr defTabSz="914400"/><a:r><a:rPr lang="en-US" sz="1400" dirty="0"><a:solidFill><a:srgbClr val="000000"/></a:solidFill></a:rPr><a:t>Economy</a:t></a:r></a:p></p:txBody></p:sp><p:cxnSp><p:nvCxnSpPr><p:cNvPr id="37" name="Straight Connector 36"/><p:cNvCxnSpPr/><p:nvPr/></p:nvCxnSpPr><p:spPr><a:xfrm><a:off x="674235" y="4949092"/><a:ext cx="8229600" cy="0"/></a:xfrm><a:prstGeom prst="line"><a:avLst/></a:prstGeom><a:ln w="28575"><a:solidFill><a:srgbClr val="669ECC"/></a:solidFill><a:headEnd type="none" w="med" len="med"/><a:tailEnd type="triangle" w="med" len="med"/></a:ln></p:spPr><p:style><a:lnRef idx="1"><a:schemeClr val="accent1"/></a:lnRef><a:fillRef idx="0"><a:schemeClr val="accent1"/></a:fillRef><a:effectRef idx="0"><a:schemeClr val="accent1"/></a:effectRef><a:fontRef idx="minor"><a:schemeClr val="tx1"/></a:fontRef></p:style></p:cxnSp><p:cxnSp><p:nvCxnSpPr><p:cNvPr id="38" name="Straight Connector 37"/><p:cNvCxnSpPr/><p:nvPr/></p:nvCxnSpPr><p:spPr><a:xfrm><a:off x="2247900" y="1962150"/><a:ext cx="1042" cy="3475325"/></a:xfrm><a:prstGeom prst="line"><a:avLst/></a:prstGeom><a:ln w="28575"><a:solidFill><a:srgbClr val="669ECC"/></a:solidFill><a:headEnd type="arrow" w="med" len="med"/><a:tailEnd type="none" w="med" len="med"/></a:ln></p:spPr><p:style><a:lnRef idx="1"><a:schemeClr val="accent1"/></a:lnRef><a:fillRef idx="0"><a:schemeClr val="accent1"/></a:fillRef><a:effectRef idx="0"><a:schemeClr val="accent1"/></a:effectRef><a:fontRef idx="minor"><a:schemeClr val="tx1"/></a:fontRef></p:style></p:cxnSp><p:cxnSp><p:nvCxnSpPr><p:cNvPr id="39" name="Straight Connector 38"/><p:cNvCxnSpPr/><p:nvPr/></p:nvCxnSpPr><p:spPr><a:xfrm><a:off x="3333750" y="2047875"/><a:ext cx="9643" cy="3389600"/></a:xfrm><a:prstGeom prst="line"><a:avLst/></a:prstGeom><a:ln w="9525"><a:solidFill><a:srgbClr val="B0B0B0"/></a:solidFill><a:headEnd type="none" w="med" len="med"/><a:tailEnd type="none" w="med" len="med"/></a:ln></p:spPr><p:style><a:lnRef idx="1"><a:schemeClr val="accent1"/></a:lnRef><a:fillRef idx="0"><a:schemeClr val="accent1"/></a:fillRef><a:effectRef idx="0"><a:schemeClr val="accent1"/></a:effectRef><a:fontRef idx="minor"><a:schemeClr val="tx1"/></a:fontRef></p:style></p:cxnSp><p:cxnSp><p:nvCxnSpPr><p:cNvPr id="40" name="Straight Connector 39"/><p:cNvCxnSpPr/><p:nvPr/></p:nvCxnSpPr><p:spPr><a:xfrm><a:off x="4467225" y="2038350"/><a:ext cx="9525" cy="3400425"/></a:xfrm><a:prstGeom prst="line"><a:avLst/></a:prstGeom><a:ln w="9525"><a:solidFill><a:srgbClr val="B0B0B0"/></a:solidFill><a:headEnd type="none" w="med" len="med"/><a:tailEnd type="none" w="med" len="med"/></a:ln></p:spPr><p:style><a:lnRef idx="1"><a:schemeClr val="accent1"/></a:lnRef><a:fillRef idx="0"><a:schemeClr val="accent1"/></a:fillRef><a:effectRef idx="0"><a:schemeClr val="accent1"/></a:effectRef><a:fontRef idx="minor"><a:schemeClr val="tx1"/></a:fontRef></p:style></p:cxnSp><p:sp><p:nvSpPr><p:cNvPr id="41" name="TextBox 40"/><p:cNvSpPr txBox="1"/><p:nvPr/></p:nvSpPr><p:spPr><a:xfrm><a:off x="3317506" y="5009182"/><a:ext cx="1206869" cy="523220"/></a:xfrm><a:prstGeom prst="rect"><a:avLst/></a:prstGeom><a:noFill/></p:spPr><p:txBody><a:bodyPr wrap="square" rtlCol="0"><a:spAutoFit/></a:bodyPr><a:lstStyle/><a:p><a:pPr algn="ctr" defTabSz="914400"/><a:r><a:rPr lang="en-US" sz="1400" dirty="0"><a:solidFill><a:srgbClr val="000000"/></a:solidFill></a:rPr><a:t>SELECT</a:t></a:r><a:r><a:rPr lang="en-US" sz="1400" dirty="0" smtClean="0"><a:solidFill><a:srgbClr val="000000"/></a:solidFill><a:latin typeface="Arial"/><a:cs typeface="Arial" pitchFamily="34" charset="0"/></a:rPr><a:t> </a:t></a:r><a:br><a:rPr lang="en-US" sz="1400" dirty="0" smtClean="0"><a:solidFill><a:srgbClr val="000000"/></a:solidFill><a:latin typeface="Arial"/><a:cs typeface="Arial" pitchFamily="34" charset="0"/></a:rPr></a:br><a:r><a:rPr lang="en-US" sz="1400" dirty="0"><a:solidFill><a:srgbClr val="000000"/></a:solidFill></a:rPr><a:t>SERVICE</a:t></a:r></a:p></p:txBody></p:sp><p:cxnSp><p:nvCxnSpPr><p:cNvPr id="42" name="Straight Connector 41"/><p:cNvCxnSpPr/><p:nvPr/></p:nvCxnSpPr><p:spPr><a:xfrm><a:off x="674235" y="4413474"/><a:ext cx="8046720" cy="0"/></a:xfrm><a:prstGeom prst="line"><a:avLst/></a:prstGeom><a:ln w="9525"><a:solidFill><a:srgbClr val="B0B0B0"/></a:solidFill><a:headEnd type="none" w="med" len="med"/><a:tailEnd type="none" w="med" len="med"/></a:ln></p:spPr><p:style><a:lnRef idx="1"><a:schemeClr val="accent1"/></a:lnRef><a:fillRef idx="0"><a:schemeClr val="accent1"/></a:fillRef><a:effectRef idx="0"><a:schemeClr val="accent1"/></a:effectRef><a:fontRef idx="minor"><a:schemeClr val="tx1"/></a:fontRef></p:style></p:cxnSp><p:cxnSp><p:nvCxnSpPr><p:cNvPr id="43" name="Straight Connector 42"/><p:cNvCxnSpPr/><p:nvPr/></p:nvCxnSpPr><p:spPr><a:xfrm><a:off x="674235" y="3877856"/><a:ext cx="8046720" cy="0"/></a:xfrm><a:prstGeom prst="line"><a:avLst/></a:prstGeom><a:ln w="9525"><a:solidFill><a:srgbClr val="B0B0B0"/></a:solidFill><a:headEnd type="none" w="med" len="med"/><a:tailEnd type="none" w="med" len="med"/></a:ln></p:spPr><p:style><a:lnRef idx="1"><a:schemeClr val="accent1"/></a:lnRef><a:fillRef idx="0"><a:schemeClr val="accent1"/></a:fillRef><a:effectRef idx="0"><a:schemeClr val="accent1"/></a:effectRef><a:fontRef idx="minor"><a:schemeClr val="tx1"/></a:fontRef></p:style></p:cxnSp><p:cxnSp><p:nvCxnSpPr><p:cNvPr id="44" name="Straight Connector 43"/><p:cNvCxnSpPr/><p:nvPr/></p:nvCxnSpPr><p:spPr><a:xfrm><a:off x="674235" y="3875638"/><a:ext cx="8046720" cy="0"/></a:xfrm><a:prstGeom prst="line"><a:avLst/></a:prstGeom><a:ln w="9525"><a:solidFill><a:srgbClr val="B0B0B0"/></a:solidFill><a:headEnd type="none" w="med" len="med"/><a:tailEnd type="none" w="med" len="med"/></a:ln></p:spPr><p:style><a:lnRef idx="1"><a:schemeClr val="accent1"/></a:lnRef><a:fillRef idx="0"><a:schemeClr val="accent1"/></a:fillRef><a:effectRef idx="0"><a:schemeClr val="accent1"/></a:effectRef><a:fontRef idx="minor"><a:schemeClr val="tx1"/></a:fontRef></p:style></p:cxnSp><p:cxnSp><p:nvCxnSpPr><p:cNvPr id="45" name="Straight Connector 44"/><p:cNvCxnSpPr/><p:nvPr/></p:nvCxnSpPr><p:spPr><a:xfrm><a:off x="674235" y="3244770"/><a:ext cx="8046720" cy="0"/></a:xfrm><a:prstGeom prst="line"><a:avLst/></a:prstGeom><a:ln w="9525"><a:solidFill><a:srgbClr val="B0B0B0"/></a:solidFill><a:headEnd type="none" w="med" len="med"/><a:tailEnd type="none" w="med" len="med"/></a:ln></p:spPr><p:style><a:lnRef idx="1"><a:schemeClr val="accent1"/></a:lnRef><a:fillRef idx="0"><a:schemeClr val="accent1"/></a:fillRef><a:effectRef idx="0"><a:schemeClr val="accent1"/></a:effectRef><a:fontRef idx="minor"><a:schemeClr val="tx1"/></a:fontRef></p:style></p:cxnSp><p:cxnSp><p:nvCxnSpPr><p:cNvPr id="46" name="Straight Connector 45"/><p:cNvCxnSpPr/><p:nvPr/></p:nvCxnSpPr><p:spPr><a:xfrm><a:off x="674235" y="2709152"/><a:ext cx="8046720" cy="0"/></a:xfrm><a:prstGeom prst="line"><a:avLst/></a:prstGeom><a:ln w="9525"><a:solidFill><a:srgbClr val="B0B0B0"/></a:solidFill><a:headEnd type="none" w="med" len="med"/><a:tailEnd type="none" w="med" len="med"/></a:ln></p:spPr><p:style><a:lnRef idx="1"><a:schemeClr val="accent1"/></a:lnRef><a:fillRef idx="0"><a:schemeClr val="accent1"/></a:fillRef><a:effectRef idx="0"><a:schemeClr val="accent1"/></a:effectRef><a:fontRef idx="minor"><a:schemeClr val="tx1"/></a:fontRef></p:style></p:cxnSp><p:sp><p:nvSpPr><p:cNvPr id="53" name="TextBox 52"/><p:cNvSpPr txBox="1"/><p:nvPr/></p:nvSpPr><p:spPr><a:xfrm><a:off x="5339845" y="5009182"/><a:ext cx="2631064" cy="523220"/></a:xfrm><a:prstGeom prst="rect"><a:avLst/></a:prstGeom><a:noFill/></p:spPr><p:txBody><a:bodyPr wrap="square" rtlCol="0"><a:spAutoFit/></a:bodyPr><a:lstStyle/><a:p><a:pPr defTabSz="914400"/><a:r><a:rPr lang="en-US" sz="1400" dirty="0"><a:solidFill><a:srgbClr val="000000"/></a:solidFill></a:rPr><a:t>FULL </a:t></a:r><a:r><a:rPr lang="en-US" sz="1400" dirty="0" smtClean="0"><a:solidFill><a:srgbClr val="000000"/></a:solidFill></a:rPr><a:t/></a:r><a:br><a:rPr lang="en-US" sz="1400" dirty="0" smtClean="0"><a:solidFill><a:srgbClr val="000000"/></a:solidFill></a:rPr></a:br><a:r><a:rPr lang="en-US" sz="1400" dirty="0" smtClean="0"><a:solidFill><a:srgbClr val="000000"/></a:solidFill></a:rPr><a:t>SERVICE</a:t></a:r><a:endParaRPr lang="en-US" sz="1400" dirty="0"><a:solidFill><a:srgbClr val="000000"/></a:solidFill></a:endParaRPr></a:p></p:txBody></p:sp><p:sp><p:nvSpPr><p:cNvPr id="54" name="TextBox 53"/><p:cNvSpPr txBox="1"/><p:nvPr/></p:nvSpPr><p:spPr><a:xfrm><a:off x="598607" y="1512056"/><a:ext cx="1610968" cy="523220"/></a:xfrm><a:prstGeom prst="rect"><a:avLst/></a:prstGeom><a:noFill/></p:spPr><p:txBody><a:bodyPr wrap="square" rtlCol="0"><a:spAutoFit/></a:bodyPr><a:lstStyle/><a:p><a:pPr defTabSz="914400"/><a:r><a:rPr lang="en-US" sz="1400" dirty="0" smtClean="0"><a:solidFill><a:srgbClr val="000000"/></a:solidFill></a:rPr><a:t>AVERAGE </a:t></a:r><a:br><a:rPr lang="en-US" sz="1400" dirty="0" smtClean="0"><a:solidFill><a:srgbClr val="000000"/></a:solidFill></a:rPr></a:br><a:r><a:rPr lang="en-US" sz="1400" dirty="0" smtClean="0"><a:solidFill><a:srgbClr val="000000"/></a:solidFill></a:rPr><a:t>DAILY RATE</a:t></a:r><a:endParaRPr lang="en-US" sz="1400" dirty="0"><a:solidFill><a:srgbClr val="000000"/></a:solidFill></a:endParaRPr></a:p></p:txBody></p:sp><p:pic><p:nvPicPr><p:cNvPr id="48" name="Picture 6" descr="Park Plaza Hotels &amp; Resorts-clr"/><p:cNvPicPr><a:picLocks noChangeAspect="1" noChangeArrowheads="1"/></p:cNvPicPr><p:nvPr/></p:nvPicPr><p:blipFill><a:blip r:embed="rId3" cstate="print"><a:clrChange><a:clrFrom><a:srgbClr val="FFFFFF"/></a:clrFrom><a:clrTo><a:srgbClr val="FFFFFF"><a:alpha val="0"/></a:srgbClr></a:clrTo></a:clrChange></a:blip><a:srcRect/><a:stretch><a:fillRect/></a:stretch></p:blipFill><p:spPr bwMode="auto"><a:xfrm><a:off x="4618038" y="3349468"/><a:ext cx="731520" cy="403889"/></a:xfrm><a:prstGeom prst="rect"><a:avLst/></a:prstGeom><a:noFill/><a:ln w="9525"><a:noFill/><a:miter lim="800000"/><a:headEnd/><a:tailEnd/></a:ln></p:spPr></p:pic><p:pic><p:nvPicPr><p:cNvPr id="49" name="Picture 48" descr="PI by R.JPG"/><p:cNvPicPr><a:picLocks noChangeAspect="1"/></p:cNvPicPr><p:nvPr/></p:nvPicPr><p:blipFill><a:blip r:embed="rId4" cstate="print"/><a:stretch><a:fillRect/></a:stretch></p:blipFill><p:spPr><a:xfrm><a:off x="4572318" y="4025034"/><a:ext cx="822960" cy="276815"/></a:xfrm><a:prstGeom prst="rect"><a:avLst/></a:prstGeom></p:spPr></p:pic><p:pic><p:nvPicPr><p:cNvPr id="50" name="Picture 1" descr="C:\Documents and Settings\UJXE288\Desktop\brand logos 01.18.12\Brand Logos\RAD_Blu\RADBlu_cmyk_Logo.jpg"/><p:cNvPicPr><a:picLocks noChangeAspect="1" noChangeArrowheads="1"/></p:cNvPicPr><p:nvPr/></p:nvPicPr><p:blipFill><a:blip r:embed="rId5" cstate="print"/><a:srcRect/><a:stretch><a:fillRect/></a:stretch></p:blipFill><p:spPr bwMode="auto"><a:xfrm><a:off x="6365425" y="2778844"/><a:ext cx="1005840" cy="397064"/></a:xfrm><a:prstGeom prst="rect"><a:avLst/></a:prstGeom><a:noFill/></p:spPr></p:pic><p:pic><p:nvPicPr><p:cNvPr id="51" name="Picture 2" descr="C:\Documents and Settings\UJXE288\Desktop\brand logos 01.18.12\Brand Logos\RAD_Green\RadGreen_Logo-01.jpg"/><p:cNvPicPr><a:picLocks noChangeAspect="1" noChangeArrowheads="1"/></p:cNvPicPr><p:nvPr/></p:nvPicPr><p:blipFill><a:blip r:embed="rId6" cstate="print"/><a:srcRect l="9974" t="32292" r="8093" b="26562"/><a:stretch><a:fillRect/></a:stretch></p:blipFill><p:spPr bwMode="auto"><a:xfrm><a:off x="5467351" y="3400301"/><a:ext cx="914400" cy="367363"/></a:xfrm><a:prstGeom prst="rect"><a:avLst/></a:prstGeom><a:noFill/></p:spPr></p:pic><p:pic><p:nvPicPr><p:cNvPr id="52" name="Picture 51" descr="Radisson Red Logo_RGB.png"/><p:cNvPicPr><a:picLocks noChangeAspect="1"/></p:cNvPicPr><p:nvPr/></p:nvPicPr><p:blipFill><a:blip r:embed="rId7" cstate="print"/><a:stretch><a:fillRect/></a:stretch></p:blipFill><p:spPr><a:xfrm><a:off x="3270760" y="3393718"/><a:ext cx="1280160" cy="426321"/></a:xfrm><a:prstGeom prst="rect"><a:avLst/></a:prstGeom></p:spPr></p:pic><p:pic><p:nvPicPr><p:cNvPr id="55" name="Picture 54" descr="QUORVUS COLLECTION_LANDSCAPE_RGB.png"/><p:cNvPicPr><a:picLocks noChangeAspect="1"/></p:cNvPicPr><p:nvPr/></p:nvPicPr><p:blipFill><a:blip r:embed="rId8" cstate="print"/><a:stretch><a:fillRect/></a:stretch></p:blipFill><p:spPr><a:xfrm><a:off x="7439150" y="2382719"/><a:ext cx="1097280" cy="223374"/></a:xfrm><a:prstGeom prst="rect"><a:avLst/></a:prstGeom></p:spPr></p:pic></p:spTree><p:extLst><p:ext uri="{BB962C8B-B14F-4D97-AF65-F5344CB8AC3E}"><p14:creationId xmlns:p14="http://schemas.microsoft.com/office/powerpoint/2010/main" val="448905048"/></p:ext></p:extLst></p:cSld><p:clrMapOvr><a:masterClrMapping/></p:clrMapOvr><p:transition spd="med"><p:wipe dir="r"/></p:transition><p:timing><p:tnLst><p:par><p:cTn id="1" dur="indefinite" restart="never" nodeType="tmRoot"/></p:par></p:tnLst></p:timing></p:sld>