<?xml version="1.0" encoding="UTF-8" standalone="yes"?>
<p:sld xmlns:a="http://schemas.openxmlformats.org/drawingml/2006/main" xmlns:r="http://schemas.openxmlformats.org/officeDocument/2006/relationships" xmlns:p="http://schemas.openxmlformats.org/presentationml/2006/main"><p:cSld><p:spTree><p:nvGrpSpPr><p:cNvPr id="1" name=""/><p:cNvGrpSpPr/><p:nvPr/></p:nvGrpSpPr><p:grpSpPr><a:xfrm><a:off x="0" y="0"/><a:ext cx="0" cy="0"/><a:chOff x="0" y="0"/><a:chExt cx="0" cy="0"/></a:xfrm></p:grpSpPr><p:sp><p:nvSpPr><p:cNvPr id="4" name="Slide Number Placeholder 3"/><p:cNvSpPr><a:spLocks noGrp="1"/></p:cNvSpPr><p:nvPr><p:ph type="sldNum" sz="quarter" idx="4"/></p:nvPr></p:nvSpPr><p:spPr/><p:txBody><a:bodyPr/><a:lstStyle/><a:p><a:fld id="{64A0274D-0BBD-4112-B835-ED6A1269B84A}" type="slidenum"><a:rPr/><a:pPr/><a:t>50</a:t></a:fld><a:endParaRPr dirty="0"/></a:p></p:txBody></p:sp><p:sp><p:nvSpPr><p:cNvPr id="7" name="Title 5"/><p:cNvSpPr txBox="1"><a:spLocks/></p:cNvSpPr><p:nvPr/></p:nvSpPr><p:spPr bwMode="gray"><a:xfrm><a:off x="295564" y="275318"/><a:ext cx="8848436" cy="1001713"/></a:xfrm><a:prstGeom prst="rect"><a:avLst/></a:prstGeom><a:noFill/><a:ln w="9525"><a:noFill/><a:miter lim="800000"/><a:headEnd/><a:tailEnd/></a:ln><a:effectLst/></p:spPr><p:txBody><a:bodyPr vert="horz" wrap="square" lIns="91424" tIns="45713" rIns="91424" bIns="45713" numCol="1" anchor="ctr" anchorCtr="0" compatLnSpc="1"><a:prstTxWarp prst="textNoShape"><a:avLst/></a:prstTxWarp><a:noAutofit/></a:bodyPr><a:lstStyle/><a:p><a:pPr defTabSz="914559" fontAlgn="base"><a:lnSpc><a:spcPct val="85000"/></a:lnSpc><a:spcBef><a:spcPct val="0"/></a:spcBef><a:spcAft><a:spcPct val="0"/></a:spcAft><a:defRPr/></a:pPr><a:r><a:rPr lang="en-GB" altLang="zh-TW" sz="2800" dirty="0"><a:solidFill><a:srgbClr val="669ECC"/></a:solidFill><a:cs typeface="Arial" pitchFamily="34" charset="0"/></a:rPr><a:t>GLOBAL </a:t></a:r><a:r><a:rPr lang="en-GB" altLang="zh-TW" sz="2800" dirty="0" smtClean="0"><a:solidFill><a:srgbClr val="669ECC"/></a:solidFill><a:cs typeface="Arial" pitchFamily="34" charset="0"/></a:rPr><a:t>FOOTPRINT </a:t></a:r><a:r><a:rPr lang="en-GB" sz="2800" dirty="0" smtClean="0"><a:solidFill><a:srgbClr val="669ECC"/></a:solidFill><a:cs typeface="Arial" pitchFamily="34" charset="0"/></a:rPr><a:t>HOTELS </a:t></a:r><a:r><a:rPr lang="en-GB" sz="2800" dirty="0"><a:solidFill><a:srgbClr val="669ECC"/></a:solidFill><a:cs typeface="Arial" pitchFamily="34" charset="0"/></a:rPr><a:t>IN </a:t></a:r><a:r><a:rPr lang="en-GB" sz="2800" dirty="0" smtClean="0"><a:solidFill><a:srgbClr val="669ECC"/></a:solidFill><a:cs typeface="Arial" pitchFamily="34" charset="0"/></a:rPr><a:t>OPERATION …</a:t></a:r><a:endParaRPr lang="en-GB" sz="2800" dirty="0"><a:solidFill><a:srgbClr val="669ECC"/></a:solidFill><a:cs typeface="Arial" pitchFamily="34" charset="0"/></a:endParaRPr></a:p></p:txBody></p:sp><p:grpSp><p:nvGrpSpPr><p:cNvPr id="2" name="Group 8"/><p:cNvGrpSpPr/><p:nvPr/></p:nvGrpSpPr><p:grpSpPr><a:xfrm><a:off x="232230" y="1265057"/><a:ext cx="8693402" cy="4874486"/><a:chOff x="232230" y="1265057"/><a:chExt cx="8693402" cy="4874486"/></a:xfrm></p:grpSpPr><p:pic><p:nvPicPr><p:cNvPr id="1026" name="Picture 2"/><p:cNvPicPr><a:picLocks noChangeAspect="1" noChangeArrowheads="1"/></p:cNvPicPr><p:nvPr/></p:nvPicPr><p:blipFill><a:blip r:embed="rId3" cstate="email"/><a:srcRect/><a:stretch><a:fillRect/></a:stretch></p:blipFill><p:spPr bwMode="auto"><a:xfrm><a:off x="232230" y="1265057"/><a:ext cx="8679542" cy="4874486"/></a:xfrm><a:prstGeom prst="rect"><a:avLst/></a:prstGeom><a:noFill/><a:ln w="9525"><a:noFill/><a:miter lim="800000"/><a:headEnd/><a:tailEnd/></a:ln><a:effectLst/></p:spPr></p:pic><p:sp><p:nvSpPr><p:cNvPr id="5" name="Rectangle 4"/><p:cNvSpPr/><p:nvPr/></p:nvSpPr><p:spPr bwMode="auto"><a:xfrm><a:off x="337896" y="4397949"/><a:ext cx="2154584" cy="395785"/></a:xfrm><a:prstGeom prst="rect"><a:avLst/></a:prstGeom><a:solidFill><a:srgbClr val="FFFFFF"/></a:solidFill><a:ln w="9525" cap="flat" cmpd="sng" algn="ctr"><a:noFill/><a:prstDash val="solid"/><a:round/><a:headEnd type="none" w="med" len="med"/><a:tailEnd type="none" w="med" len="med"/></a:ln><a:effectLst/></p:spPr><p:txBody><a:bodyPr vert="horz" wrap="square" lIns="91440" tIns="45720" rIns="91440" bIns="45720" numCol="1" rtlCol="0" anchor="t" anchorCtr="0" compatLnSpc="1"><a:prstTxWarp prst="textNoShape"><a:avLst/></a:prstTxWarp></a:bodyPr><a:lstStyle/><a:p><a:pPr defTabSz="1306513" fontAlgn="base"><a:spcBef><a:spcPct val="0"/></a:spcBef><a:spcAft><a:spcPct val="0"/></a:spcAft></a:pPr><a:r><a:rPr lang="en-GB" sz="2800" dirty="0"><a:solidFill><a:srgbClr val="669ECC"/></a:solidFill><a:cs typeface="Arial" pitchFamily="34" charset="0"/></a:rPr><a:t>AMERICAS 4</a:t></a:r></a:p></p:txBody></p:sp><p:sp><p:nvSpPr><p:cNvPr id="6" name="Rectangle 5"/><p:cNvSpPr/><p:nvPr/></p:nvSpPr><p:spPr bwMode="auto"><a:xfrm><a:off x="7233309" y="3850943"/><a:ext cx="1692323" cy="395785"/></a:xfrm><a:prstGeom prst="rect"><a:avLst/></a:prstGeom><a:solidFill><a:srgbClr val="FFFFFF"/></a:solidFill><a:ln w="9525" cap="flat" cmpd="sng" algn="ctr"><a:noFill/><a:prstDash val="solid"/><a:round/><a:headEnd type="none" w="med" len="med"/><a:tailEnd type="none" w="med" len="med"/></a:ln><a:effectLst/></p:spPr><p:txBody><a:bodyPr vert="horz" wrap="square" lIns="91440" tIns="45720" rIns="91440" bIns="45720" numCol="1" rtlCol="0" anchor="t" anchorCtr="0" compatLnSpc="1"><a:prstTxWarp prst="textNoShape"><a:avLst/></a:prstTxWarp></a:bodyPr><a:lstStyle/><a:p><a:pPr defTabSz="1306513" fontAlgn="base"><a:spcBef><a:spcPct val="0"/></a:spcBef><a:spcAft><a:spcPct val="0"/></a:spcAft></a:pPr><a:r><a:rPr lang="en-GB" sz="2800" dirty="0"><a:solidFill><a:srgbClr val="669ECC"/></a:solidFill><a:cs typeface="Arial" pitchFamily="34" charset="0"/></a:rPr><a:t>APAC 41</a:t></a:r></a:p></p:txBody></p:sp><p:sp><p:nvSpPr><p:cNvPr id="8" name="Rectangle 7"/><p:cNvSpPr/><p:nvPr/></p:nvSpPr><p:spPr bwMode="auto"><a:xfrm><a:off x="3930556" y="1858370"/><a:ext cx="1842448" cy="395785"/></a:xfrm><a:prstGeom prst="rect"><a:avLst/></a:prstGeom><a:solidFill><a:srgbClr val="FFFFFF"/></a:solidFill><a:ln w="9525" cap="flat" cmpd="sng" algn="ctr"><a:noFill/><a:prstDash val="solid"/><a:round/><a:headEnd type="none" w="med" len="med"/><a:tailEnd type="none" w="med" len="med"/></a:ln><a:effectLst/></p:spPr><p:txBody><a:bodyPr vert="horz" wrap="square" lIns="91440" tIns="45720" rIns="91440" bIns="45720" numCol="1" rtlCol="0" anchor="t" anchorCtr="0" compatLnSpc="1"><a:prstTxWarp prst="textNoShape"><a:avLst/></a:prstTxWarp></a:bodyPr><a:lstStyle/><a:p><a:pPr defTabSz="1306513" fontAlgn="base"><a:spcBef><a:spcPct val="0"/></a:spcBef><a:spcAft><a:spcPct val="0"/></a:spcAft></a:pPr><a:r><a:rPr lang="en-GB" sz="2800" dirty="0"><a:solidFill><a:srgbClr val="669ECC"/></a:solidFill><a:cs typeface="Arial" pitchFamily="34" charset="0"/></a:rPr><a:t>EMEA 239</a:t></a:r></a:p></p:txBody></p:sp></p:grpSp><p:sp><p:nvSpPr><p:cNvPr id="9" name="Rectangle 8"/><p:cNvSpPr/><p:nvPr/></p:nvSpPr><p:spPr bwMode="auto"><a:xfrm><a:off x="3314699" y="5731023"/><a:ext cx="5324475" cy="781050"/></a:xfrm><a:prstGeom prst="rect"><a:avLst/></a:prstGeom><a:noFill/><a:ln w="9525" cap="flat" cmpd="sng" algn="ctr"><a:noFill/><a:prstDash val="solid"/><a:round/><a:headEnd type="none" w="med" len="med"/><a:tailEnd type="none" w="med" len="med"/></a:ln><a:effectLst/></p:spPr><p:txBody><a:bodyPr vert="horz" wrap="square" lIns="91440" tIns="45720" rIns="91440" bIns="45720" numCol="1" rtlCol="0" anchor="t" anchorCtr="0" compatLnSpc="1"><a:prstTxWarp prst="textNoShape"><a:avLst/></a:prstTxWarp></a:bodyPr><a:lstStyle/><a:p><a:pPr defTabSz="1306513" fontAlgn="base"><a:spcBef><a:spcPct val="0"/></a:spcBef><a:spcAft><a:spcPct val="0"/></a:spcAft></a:pPr><a:r><a:rPr lang="en-GB" sz="2800" dirty="0" smtClean="0"><a:solidFill><a:srgbClr val="669ECC"/></a:solidFill><a:cs typeface="Arial" pitchFamily="34" charset="0"/></a:rPr><a:t>… AND OVER 90 IN PIPELINE</a:t></a:r><a:endParaRPr lang="en-GB" sz="2800" dirty="0"><a:solidFill><a:srgbClr val="669ECC"/></a:solidFill><a:cs typeface="Arial" pitchFamily="34" charset="0"/></a:endParaRPr></a:p></p:txBody></p:sp></p:spTree><p:extLst><p:ext uri="{BB962C8B-B14F-4D97-AF65-F5344CB8AC3E}"><p14:creationId xmlns:p14="http://schemas.microsoft.com/office/powerpoint/2010/main" val="42783202"/></p:ext></p:extLst></p:cSld><p:clrMapOvr><a:masterClrMapping/></p:clrMapOvr><p:transition spd="med"><p:wipe dir="r"/></p:transition><p:timing><p:tnLst><p:par><p:cTn id="1" dur="indefinite" restart="never" nodeType="tmRoot"/></p:par></p:tnLst></p:timing></p:sld>