<?xml version="1.0" encoding="UTF-8" standalone="yes"?>
<p:sld xmlns:a="http://schemas.openxmlformats.org/drawingml/2006/main" xmlns:r="http://schemas.openxmlformats.org/officeDocument/2006/relationships" xmlns:p="http://schemas.openxmlformats.org/presentationml/2006/main"><p:cSld><p:spTree><p:nvGrpSpPr><p:cNvPr id="1" name=""/><p:cNvGrpSpPr/><p:nvPr/></p:nvGrpSpPr><p:grpSpPr><a:xfrm><a:off x="0" y="0"/><a:ext cx="0" cy="0"/><a:chOff x="0" y="0"/><a:chExt cx="0" cy="0"/></a:xfrm></p:grpSpPr><p:sp><p:nvSpPr><p:cNvPr id="2" name="Slide Number Placeholder 1"/><p:cNvSpPr><a:spLocks noGrp="1"/></p:cNvSpPr><p:nvPr><p:ph type="sldNum" sz="quarter" idx="4"/></p:nvPr></p:nvSpPr><p:spPr/><p:txBody><a:bodyPr/><a:lstStyle/><a:p><a:fld id="{64A0274D-0BBD-4112-B835-ED6A1269B84A}" type="slidenum"><a:rPr/><a:pPr/><a:t>54</a:t></a:fld><a:endParaRPr dirty="0"/></a:p></p:txBody></p:sp><p:sp><p:nvSpPr><p:cNvPr id="10" name="Title Placeholder 1"/><p:cNvSpPr txBox="1"><a:spLocks/></p:cNvSpPr><p:nvPr/></p:nvSpPr><p:spPr><a:xfrm><a:off x="1469419" y="6333949"/><a:ext cx="6222670" cy="390383"/></a:xfrm><a:prstGeom prst="rect"><a:avLst/></a:prstGeom></p:spPr><p:txBody><a:bodyPr vert="horz" lIns="91440" tIns="45720" rIns="91440" bIns="45720" rtlCol="0" anchor="t"><a:noAutofit/></a:bodyPr><a:lstStyle><a:lvl1pPr algn="l" defTabSz="457200" rtl="0" eaLnBrk="1" latinLnBrk="0" hangingPunct="1"><a:spcBef><a:spcPct val="0"/></a:spcBef><a:buNone/><a:defRPr sz="4400" b="0" i="0" kern="1200"><a:solidFill><a:schemeClr val="tx1"/></a:solidFill><a:latin typeface="Gill Sans Light"/><a:ea typeface="+mj-ea"/><a:cs typeface="Gill Sans Light"/></a:defRPr></a:lvl1pPr></a:lstStyle><a:p><a:pPr algn="ctr" fontAlgn="base"><a:spcAft><a:spcPct val="0"/></a:spcAft></a:pPr><a:r><a:rPr lang="en-GB" sz="1000" dirty="0" smtClean="0"><a:solidFill><a:srgbClr val="FFFFFF"/></a:solidFill></a:rPr><a:t>RADISSON BLU HOTEL PLAZA BANGKOK</a:t></a:r><a:br><a:rPr lang="en-GB" sz="1000" dirty="0" smtClean="0"><a:solidFill><a:srgbClr val="FFFFFF"/></a:solidFill></a:rPr></a:br><a:r><a:rPr lang="en-GB" sz="1000" dirty="0" smtClean="0"><a:solidFill><a:srgbClr val="FFFFFF"/></a:solidFill></a:rPr><a:t>MAY 2014</a:t></a:r></a:p><a:p><a:pPr algn="ctr" fontAlgn="base"><a:spcAft><a:spcPct val="0"/></a:spcAft></a:pPr><a:endParaRPr lang="en-US" sz="1000" dirty="0"><a:solidFill><a:srgbClr val="FFFFFF"/></a:solidFill><a:latin typeface="Gill Sans Std Light"/><a:cs typeface="Gill Sans Std Light"/></a:endParaRPr></a:p></p:txBody></p:sp><p:cxnSp><p:nvCxnSpPr><p:cNvPr id="19" name="Straight Connector 18"/><p:cNvCxnSpPr/><p:nvPr/></p:nvCxnSpPr><p:spPr bwMode="auto"><a:xfrm flipH="1" flipV="1"><a:off x="6341423" y="-17271"/><a:ext cx="12250" cy="3843783"/></a:xfrm><a:prstGeom prst="line"><a:avLst/></a:prstGeom><a:solidFill><a:schemeClr val="accent1"/></a:solidFill><a:ln w="82550" cap="flat" cmpd="sng" algn="ctr"><a:solidFill><a:srgbClr val="FFFFFF"/></a:solidFill><a:prstDash val="solid"/><a:round/><a:headEnd type="none" w="med" len="med"/><a:tailEnd type="none" w="med" len="med"/></a:ln><a:effectLst/></p:spPr></p:cxnSp><p:pic><p:nvPicPr><p:cNvPr id="20" name="Picture 19"/><p:cNvPicPr><a:picLocks noChangeAspect="1"/></p:cNvPicPr><p:nvPr/></p:nvPicPr><p:blipFill rotWithShape="1"><a:blip r:embed="rId3" cstate="screen"><a:extLst><a:ext uri="{28A0092B-C50C-407E-A947-70E740481C1C}"><a14:useLocalDpi xmlns:a14="http://schemas.microsoft.com/office/drawing/2010/main"/></a:ext></a:extLst></a:blip><a:srcRect/><a:stretch/></p:blipFill><p:spPr><a:xfrm><a:off x="-9525" y="-9525"/><a:ext cx="5102186" cy="6200776"/></a:xfrm><a:prstGeom prst="rect"><a:avLst/></a:prstGeom></p:spPr></p:pic><p:pic><p:nvPicPr><p:cNvPr id="24" name="Picture 23"/><p:cNvPicPr><a:picLocks noChangeAspect="1"/></p:cNvPicPr><p:nvPr/></p:nvPicPr><p:blipFill rotWithShape="1"><a:blip r:embed="rId4" cstate="screen"><a:extLst><a:ext uri="{28A0092B-C50C-407E-A947-70E740481C1C}"><a14:useLocalDpi xmlns:a14="http://schemas.microsoft.com/office/drawing/2010/main"/></a:ext></a:extLst></a:blip><a:srcRect l="-30755"/><a:stretch/></p:blipFill><p:spPr><a:xfrm><a:off x="3879563" y="2656055"/><a:ext cx="5264437" cy="3544721"/></a:xfrm><a:prstGeom prst="rect"><a:avLst/></a:prstGeom></p:spPr></p:pic><p:pic><p:nvPicPr><p:cNvPr id="25" name="Picture 24"/><p:cNvPicPr><a:picLocks noChangeAspect="1"/></p:cNvPicPr><p:nvPr/></p:nvPicPr><p:blipFill><a:blip r:embed="rId5"><a:extLst><a:ext uri="{28A0092B-C50C-407E-A947-70E740481C1C}"><a14:useLocalDpi xmlns:a14="http://schemas.microsoft.com/office/drawing/2010/main"/></a:ext></a:extLst></a:blip><a:stretch><a:fillRect/></a:stretch></p:blipFill><p:spPr><a:xfrm><a:off x="5115544" y="-2843"/><a:ext cx="4047627" cy="2698418"/></a:xfrm><a:prstGeom prst="rect"><a:avLst/></a:prstGeom></p:spPr></p:pic><p:cxnSp><p:nvCxnSpPr><p:cNvPr id="27" name="Straight Connector 26"/><p:cNvCxnSpPr/><p:nvPr/></p:nvCxnSpPr><p:spPr bwMode="auto"><a:xfrm><a:off x="-9525" y="6191251"/><a:ext cx="9180000" cy="0"/></a:xfrm><a:prstGeom prst="line"><a:avLst/></a:prstGeom><a:solidFill><a:schemeClr val="accent1"/></a:solidFill><a:ln w="82550" cap="flat" cmpd="sng" algn="ctr"><a:solidFill><a:srgbClr val="FFFFFF"/></a:solidFill><a:prstDash val="solid"/><a:round/><a:headEnd type="none" w="med" len="med"/><a:tailEnd type="none" w="med" len="med"/></a:ln><a:effectLst/></p:spPr></p:cxnSp><p:cxnSp><p:nvCxnSpPr><p:cNvPr id="28" name="Straight Connector 27"/><p:cNvCxnSpPr/><p:nvPr/></p:nvCxnSpPr><p:spPr bwMode="auto"><a:xfrm flipH="1" flipV="1"><a:off x="5080411" y="1"/><a:ext cx="35133" cy="6191250"/></a:xfrm><a:prstGeom prst="line"><a:avLst/></a:prstGeom><a:solidFill><a:schemeClr val="accent1"/></a:solidFill><a:ln w="82550" cap="flat" cmpd="sng" algn="ctr"><a:solidFill><a:srgbClr val="FFFFFF"/></a:solidFill><a:prstDash val="solid"/><a:round/><a:headEnd type="none" w="med" len="med"/><a:tailEnd type="none" w="med" len="med"/></a:ln><a:effectLst/></p:spPr></p:cxnSp><p:cxnSp><p:nvCxnSpPr><p:cNvPr id="30" name="Straight Connector 29"/><p:cNvCxnSpPr/><p:nvPr/></p:nvCxnSpPr><p:spPr bwMode="auto"><a:xfrm><a:off x="5080411" y="2695575"/><a:ext cx="4099589" cy="0"/></a:xfrm><a:prstGeom prst="line"><a:avLst/></a:prstGeom><a:solidFill><a:schemeClr val="accent1"/></a:solidFill><a:ln w="82550" cap="flat" cmpd="sng" algn="ctr"><a:solidFill><a:srgbClr val="FFFFFF"/></a:solidFill><a:prstDash val="solid"/><a:round/><a:headEnd type="none" w="med" len="med"/><a:tailEnd type="none" w="med" len="med"/></a:ln><a:effectLst/></p:spPr></p:cxnSp></p:spTree><p:extLst><p:ext uri="{BB962C8B-B14F-4D97-AF65-F5344CB8AC3E}"><p14:creationId xmlns:p14="http://schemas.microsoft.com/office/powerpoint/2010/main" val="918934554"/></p:ext></p:extLst></p:cSld><p:clrMapOvr><a:masterClrMapping/></p:clrMapOvr><p:transition spd="med"><p:wipe dir="r"/></p:transition><p:timing><p:tnLst><p:par><p:cTn id="1" dur="indefinite" restart="never" nodeType="tmRoot"/></p:par></p:tnLst></p:timing></p:sld>