<?xml version="1.0" encoding="UTF-8" standalone="yes"?>
<p:sld xmlns:a="http://schemas.openxmlformats.org/drawingml/2006/main" xmlns:r="http://schemas.openxmlformats.org/officeDocument/2006/relationships" xmlns:p="http://schemas.openxmlformats.org/presentationml/2006/main"><p:cSld><p:spTree><p:nvGrpSpPr><p:cNvPr id="1" name=""/><p:cNvGrpSpPr/><p:nvPr/></p:nvGrpSpPr><p:grpSpPr><a:xfrm><a:off x="0" y="0"/><a:ext cx="0" cy="0"/><a:chOff x="0" y="0"/><a:chExt cx="0" cy="0"/></a:xfrm></p:grpSpPr><p:sp><p:nvSpPr><p:cNvPr id="71682" name="Rectangle 2"/><p:cNvSpPr><a:spLocks noGrp="1" noChangeArrowheads="1"/></p:cNvSpPr><p:nvPr><p:ph idx="1"/></p:nvPr></p:nvSpPr><p:spPr bwMode="auto"><a:xfrm><a:off x="154782" y="868113"/><a:ext cx="4797227" cy="5324597"/></a:xfrm><a:solidFill><a:srgbClr val="FFFFFF"/></a:solidFill><a:ln><a:miter lim="800000"/><a:headEnd/><a:tailEnd/></a:ln></p:spPr><p:txBody><a:bodyPr vert="horz" wrap="square" lIns="91420" tIns="45710" rIns="91420" bIns="45710" numCol="1" anchor="t" anchorCtr="0" compatLnSpc="1"><a:prstTxWarp prst="textNoShape"><a:avLst/></a:prstTxWarp><a:noAutofit/></a:bodyPr><a:lstStyle/><a:p><a:r><a:rPr lang="en-GB" dirty="0" smtClean="0"/><a:t>Harmonizing to every individual detail, bringing together the best of world-class services and products</a:t></a:r></a:p><a:p><a:r><a:rPr lang="en-GB" dirty="0" smtClean="0"/><a:t>Brain Food: Innovative and responsible food and beverage solutions developed by expert chefs</a:t></a:r></a:p><a:p><a:r><a:rPr lang="en-GB" dirty="0" smtClean="0"/><a:t>Brain Box: A unique breakout room – designed to stimulate engagement, original thinking and creativity</a:t></a:r></a:p><a:p><a:r><a:rPr lang="en-GB" dirty="0" smtClean="0"/><a:t>Free Internet: Fast and reliable Internet for all meeting delegates</a:t></a:r></a:p><a:p><a:r><a:rPr lang="en-GB" dirty="0" smtClean="0"/><a:t>Positive, helpful, “Yes I Can!” staff</a:t></a:r></a:p><a:p><a:r><a:rPr lang="en-GB" dirty="0" smtClean="0"/><a:t>Highly trained, professional event planners</a:t></a:r></a:p></p:txBody></p:sp><p:sp><p:nvSpPr><p:cNvPr id="5" name="Title 1"/><p:cNvSpPr><a:spLocks noGrp="1"/></p:cNvSpPr><p:nvPr><p:ph type="title"/></p:nvPr></p:nvSpPr><p:spPr><a:xfrm><a:off x="296447" y="339214"/><a:ext cx="8655844" cy="998806"/></a:xfrm></p:spPr><p:txBody><a:bodyPr><a:normAutofit/></a:bodyPr><a:lstStyle/><a:p><a:r><a:rPr lang="en-US" dirty="0" smtClean="0"><a:solidFill><a:srgbClr val="7FACD1"/></a:solidFill></a:rPr><a:t>EXPERIENCE MEETINGS</a:t></a:r><a:endParaRPr lang="en-US" dirty="0"><a:solidFill><a:srgbClr val="7FACD1"/></a:solidFill></a:endParaRPr></a:p></p:txBody></p:sp><p:pic><p:nvPicPr><p:cNvPr id="6" name="Picture 5" descr="21113 RADISSON BLU BUSINESS DEVELOPMENT PPT UPDATES_29.jpg"/><p:cNvPicPr><a:picLocks noChangeAspect="1"/></p:cNvPicPr><p:nvPr/></p:nvPicPr><p:blipFill rotWithShape="1"><a:blip r:embed="rId3" cstate="email"><a:extLst><a:ext uri="{28A0092B-C50C-407E-A947-70E740481C1C}"><a14:useLocalDpi xmlns:a14="http://schemas.microsoft.com/office/drawing/2010/main"/></a:ext></a:extLst></a:blip><a:srcRect/><a:stretch/></p:blipFill><p:spPr><a:xfrm><a:off x="5054057" y="0"/><a:ext cx="4089943" cy="6222206"/></a:xfrm><a:prstGeom prst="rect"><a:avLst/></a:prstGeom></p:spPr></p:pic></p:spTree><p:extLst><p:ext uri="{BB962C8B-B14F-4D97-AF65-F5344CB8AC3E}"><p14:creationId xmlns:p14="http://schemas.microsoft.com/office/powerpoint/2010/main" val="330782607"/></p:ext></p:extLst></p:cSld><p:clrMapOvr><a:masterClrMapping/></p:clrMapOvr><p:transition spd="med"><p:wipe dir="r"/></p:transition><p:timing><p:tnLst><p:par><p:cTn id="1" dur="indefinite" restart="never" nodeType="tmRoot"/></p:par></p:tnLst></p:timing></p:sld>