<?xml version="1.0" encoding="UTF-8" standalone="yes"?>
<p:sld xmlns:a="http://schemas.openxmlformats.org/drawingml/2006/main" xmlns:r="http://schemas.openxmlformats.org/officeDocument/2006/relationships" xmlns:p="http://schemas.openxmlformats.org/presentationml/2006/main"><p:cSld><p:spTree><p:nvGrpSpPr><p:cNvPr id="1" name=""/><p:cNvGrpSpPr/><p:nvPr/></p:nvGrpSpPr><p:grpSpPr><a:xfrm><a:off x="0" y="0"/><a:ext cx="0" cy="0"/><a:chOff x="0" y="0"/><a:chExt cx="0" cy="0"/></a:xfrm></p:grpSpPr><p:sp><p:nvSpPr><p:cNvPr id="22530" name="Rectangle 6"/><p:cNvSpPr><a:spLocks noChangeArrowheads="1"/></p:cNvSpPr><p:nvPr/></p:nvSpPr><p:spPr bwMode="auto"><a:xfrm><a:off x="500034" y="428605"/><a:ext cx="8215370" cy="460940"/></a:xfrm><a:prstGeom prst="rect"><a:avLst/></a:prstGeom><a:noFill/><a:ln w="9525"><a:noFill/><a:miter lim="800000"/><a:headEnd/><a:tailEnd/></a:ln></p:spPr><p:txBody><a:bodyPr wrap="square" lIns="91420" tIns="45710" rIns="91420" bIns="45710"><a:spAutoFit/></a:bodyPr><a:lstStyle/><a:p><a:pPr defTabSz="914163" eaLnBrk="0" fontAlgn="base" hangingPunct="0"><a:lnSpc><a:spcPct val="85000"/></a:lnSpc><a:spcBef><a:spcPct val="0"/></a:spcBef><a:spcAft><a:spcPct val="0"/></a:spcAft></a:pPr><a:r><a:rPr lang="en-US" sz="2800" dirty="0" smtClean="0"><a:solidFill><a:srgbClr val="7FACD1"/></a:solidFill><a:cs typeface="Arial" pitchFamily="34" charset="0"/></a:rPr><a:t>OUR MOST RECOGNIZABLE BRAND IMAGE</a:t></a:r><a:endParaRPr lang="en-US" sz="2800" dirty="0"><a:solidFill><a:srgbClr val="7FACD1"/></a:solidFill><a:cs typeface="Arial" pitchFamily="34" charset="0"/></a:endParaRPr></a:p></p:txBody></p:sp><p:pic><p:nvPicPr><p:cNvPr id="22531" name="Picture 5"/><p:cNvPicPr><a:picLocks noGrp="1" noChangeAspect="1" noChangeArrowheads="1"/></p:cNvPicPr><p:nvPr><p:ph idx="1"/></p:nvPr></p:nvPicPr><p:blipFill><a:blip r:embed="rId3" cstate="print"/><a:srcRect/><a:stretch><a:fillRect/></a:stretch></p:blipFill><p:spPr bwMode="auto"><a:xfrm><a:off x="2071688" y="2643188"/><a:ext cx="5054600" cy="1511300"/></a:xfrm><a:noFill/><a:ln><a:miter lim="800000"/><a:headEnd/><a:tailEnd/></a:ln></p:spPr></p:pic></p:spTree><p:extLst><p:ext uri="{BB962C8B-B14F-4D97-AF65-F5344CB8AC3E}"><p14:creationId xmlns:p14="http://schemas.microsoft.com/office/powerpoint/2010/main" val="3822929687"/></p:ext></p:extLst></p:cSld><p:clrMapOvr><a:masterClrMapping/></p:clrMapOvr><p:transition spd="med"><p:wipe dir="r"/></p:transition><p:timing><p:tnLst><p:par><p:cTn id="1" dur="indefinite" restart="never" nodeType="tmRoot"/></p:par></p:tnLst></p:timing></p:sld>