<?xml version="1.0" encoding="UTF-8" standalone="yes"?>
<p:sld xmlns:a="http://schemas.openxmlformats.org/drawingml/2006/main" xmlns:r="http://schemas.openxmlformats.org/officeDocument/2006/relationships" xmlns:p="http://schemas.openxmlformats.org/presentationml/2006/main"><p:cSld><p:spTree><p:nvGrpSpPr><p:cNvPr id="1" name=""/><p:cNvGrpSpPr/><p:nvPr/></p:nvGrpSpPr><p:grpSpPr><a:xfrm><a:off x="0" y="0"/><a:ext cx="0" cy="0"/><a:chOff x="0" y="0"/><a:chExt cx="0" cy="0"/></a:xfrm></p:grpSpPr><p:sp><p:nvSpPr><p:cNvPr id="2" name="Slide Number Placeholder 1"/><p:cNvSpPr><a:spLocks noGrp="1"/></p:cNvSpPr><p:nvPr><p:ph type="sldNum" sz="quarter" idx="4"/></p:nvPr></p:nvSpPr><p:spPr/><p:txBody><a:bodyPr/><a:lstStyle/><a:p><a:fld id="{64A0274D-0BBD-4112-B835-ED6A1269B84A}" type="slidenum"><a:rPr/><a:pPr/><a:t>61</a:t></a:fld><a:endParaRPr dirty="0"/></a:p></p:txBody></p:sp><p:pic><p:nvPicPr><p:cNvPr id="3" name="Picture 2"/><p:cNvPicPr><a:picLocks noChangeAspect="1"/></p:cNvPicPr><p:nvPr/></p:nvPicPr><p:blipFill rotWithShape="1"><a:blip r:embed="rId3" cstate="screen"><a:extLst><a:ext uri="{28A0092B-C50C-407E-A947-70E740481C1C}"><a14:useLocalDpi xmlns:a14="http://schemas.microsoft.com/office/drawing/2010/main"/></a:ext></a:extLst></a:blip><a:srcRect l="24057" t="6148" r="24303" b="8709"/><a:stretch/></p:blipFill><p:spPr><a:xfrm><a:off x="4422099" y="0"/><a:ext cx="4721902" cy="6228414"/></a:xfrm><a:prstGeom prst="rect"><a:avLst/></a:prstGeom></p:spPr></p:pic><p:pic><p:nvPicPr><p:cNvPr id="4" name="Picture 3"/><p:cNvPicPr><a:picLocks noChangeAspect="1"/></p:cNvPicPr><p:nvPr/></p:nvPicPr><p:blipFill rotWithShape="1"><a:blip r:embed="rId4" cstate="screen"><a:extLst><a:ext uri="{28A0092B-C50C-407E-A947-70E740481C1C}"><a14:useLocalDpi xmlns:a14="http://schemas.microsoft.com/office/drawing/2010/main"/></a:ext></a:extLst></a:blip><a:srcRect/><a:stretch/></p:blipFill><p:spPr><a:xfrm><a:off x="-12088" y="3078957"/><a:ext cx="4434187" cy="3147934"/></a:xfrm><a:prstGeom prst="rect"><a:avLst/></a:prstGeom></p:spPr></p:pic><p:pic><p:nvPicPr><p:cNvPr id="5" name="Picture 4"/><p:cNvPicPr><a:picLocks noChangeAspect="1"/></p:cNvPicPr><p:nvPr/></p:nvPicPr><p:blipFill rotWithShape="1"><a:blip r:embed="rId5" cstate="screen"><a:extLst><a:ext uri="{28A0092B-C50C-407E-A947-70E740481C1C}"><a14:useLocalDpi xmlns:a14="http://schemas.microsoft.com/office/drawing/2010/main"/></a:ext></a:extLst></a:blip><a:srcRect/><a:stretch/></p:blipFill><p:spPr><a:xfrm><a:off x="0" y="1"/><a:ext cx="4480665" cy="2963850"/></a:xfrm><a:prstGeom prst="rect"><a:avLst/></a:prstGeom></p:spPr></p:pic><p:cxnSp><p:nvCxnSpPr><p:cNvPr id="7" name="Straight Connector 6"/><p:cNvCxnSpPr/><p:nvPr/></p:nvCxnSpPr><p:spPr bwMode="auto"><a:xfrm><a:off x="-16828" y="6221144"/><a:ext cx="9160828" cy="0"/></a:xfrm><a:prstGeom prst="line"><a:avLst/></a:prstGeom><a:solidFill><a:schemeClr val="accent1"/></a:solidFill><a:ln w="82550" cap="flat" cmpd="sng" algn="ctr"><a:solidFill><a:srgbClr val="FFFFFF"/></a:solidFill><a:prstDash val="solid"/><a:round/><a:headEnd type="none" w="med" len="med"/><a:tailEnd type="none" w="med" len="med"/></a:ln><a:effectLst/></p:spPr></p:cxnSp><p:cxnSp><p:nvCxnSpPr><p:cNvPr id="8" name="Straight Connector 7"/><p:cNvCxnSpPr/><p:nvPr/></p:nvCxnSpPr><p:spPr bwMode="auto"><a:xfrm flipV="1"><a:off x="4437089" y="-1"/><a:ext cx="0" cy="6213876"/></a:xfrm><a:prstGeom prst="line"><a:avLst/></a:prstGeom><a:solidFill><a:schemeClr val="accent1"/></a:solidFill><a:ln w="82550" cap="flat" cmpd="sng" algn="ctr"><a:solidFill><a:srgbClr val="FFFFFF"/></a:solidFill><a:prstDash val="solid"/><a:round/><a:headEnd type="none" w="med" len="med"/><a:tailEnd type="none" w="med" len="med"/></a:ln><a:effectLst/></p:spPr></p:cxnSp><p:sp><p:nvSpPr><p:cNvPr id="10" name="Title Placeholder 1"/><p:cNvSpPr txBox="1"><a:spLocks/></p:cNvSpPr><p:nvPr/></p:nvSpPr><p:spPr><a:xfrm><a:off x="1469419" y="6333949"/><a:ext cx="6222670" cy="390383"/></a:xfrm><a:prstGeom prst="rect"><a:avLst/></a:prstGeom></p:spPr><p:txBody><a:bodyPr vert="horz" lIns="91440" tIns="45720" rIns="91440" bIns="45720" rtlCol="0" anchor="t"><a:noAutofit/></a:bodyPr><a:lstStyle><a:lvl1pPr algn="l" defTabSz="457200" rtl="0" eaLnBrk="1" latinLnBrk="0" hangingPunct="1"><a:spcBef><a:spcPct val="0"/></a:spcBef><a:buNone/><a:defRPr sz="4400" b="0" i="0" kern="1200"><a:solidFill><a:schemeClr val="tx1"/></a:solidFill><a:latin typeface="Gill Sans Light"/><a:ea typeface="+mj-ea"/><a:cs typeface="Gill Sans Light"/></a:defRPr></a:lvl1pPr></a:lstStyle><a:p><a:pPr algn="ctr" fontAlgn="base"><a:spcAft><a:spcPct val="0"/></a:spcAft></a:pPr><a:r><a:rPr lang="en-GB" sz="1000" dirty="0" smtClean="0"><a:solidFill><a:srgbClr val="FFFFFF"/></a:solidFill></a:rPr><a:t>RADISSON BLU HOTEL, MOSCOW SHEREMETYEVO AIRPORT</a:t></a:r><a:br><a:rPr lang="en-GB" sz="1000" dirty="0" smtClean="0"><a:solidFill><a:srgbClr val="FFFFFF"/></a:solidFill></a:rPr></a:br><a:r><a:rPr lang="en-GB" sz="1000" dirty="0" smtClean="0"><a:solidFill><a:srgbClr val="FFFFFF"/></a:solidFill></a:rPr><a:t>SEPTEMBER 2014</a:t></a:r></a:p><a:p><a:pPr algn="ctr" fontAlgn="base"><a:spcAft><a:spcPct val="0"/></a:spcAft></a:pPr><a:endParaRPr lang="en-US" sz="1000" dirty="0"><a:solidFill><a:srgbClr val="FFFFFF"/></a:solidFill><a:latin typeface="Gill Sans Std Light"/><a:cs typeface="Gill Sans Std Light"/></a:endParaRPr></a:p></p:txBody></p:sp></p:spTree><p:extLst><p:ext uri="{BB962C8B-B14F-4D97-AF65-F5344CB8AC3E}"><p14:creationId xmlns:p14="http://schemas.microsoft.com/office/powerpoint/2010/main" val="3393477750"/></p:ext></p:extLst></p:cSld><p:clrMapOvr><a:masterClrMapping/></p:clrMapOvr><p:transition spd="med"><p:wipe dir="r"/></p:transition><p:timing><p:tnLst><p:par><p:cTn id="1" dur="indefinite" restart="never" nodeType="tmRoot"/></p:par></p:tnLst></p:timing></p:sld>