<?xml version="1.0" encoding="UTF-8" standalone="yes"?>
<p:sld xmlns:a="http://schemas.openxmlformats.org/drawingml/2006/main" xmlns:r="http://schemas.openxmlformats.org/officeDocument/2006/relationships" xmlns:p="http://schemas.openxmlformats.org/presentationml/2006/main"><p:cSld><p:spTree><p:nvGrpSpPr><p:cNvPr id="1" name=""/><p:cNvGrpSpPr/><p:nvPr/></p:nvGrpSpPr><p:grpSpPr><a:xfrm><a:off x="0" y="0"/><a:ext cx="0" cy="0"/><a:chOff x="0" y="0"/><a:chExt cx="0" cy="0"/></a:xfrm></p:grpSpPr><p:sp><p:nvSpPr><p:cNvPr id="2" name="Title 1"/><p:cNvSpPr><a:spLocks noGrp="1"/></p:cNvSpPr><p:nvPr><p:ph type="title"/></p:nvPr></p:nvSpPr><p:spPr><a:xfrm><a:off x="321469" y="446063"/><a:ext cx="4238656" cy="998806"/></a:xfrm></p:spPr><p:txBody><a:bodyPr><a:normAutofit/></a:bodyPr><a:lstStyle/><a:p><a:r><a:rPr lang="en-US" dirty="0"><a:solidFill><a:srgbClr val="7FACD1"/></a:solidFill></a:rPr><a:t>100% SATISFACTION GUARANTEE</a:t></a:r></a:p></p:txBody></p:sp><p:sp><p:nvSpPr><p:cNvPr id="4" name="Slide Number Placeholder 3"/><p:cNvSpPr><a:spLocks noGrp="1"/></p:cNvSpPr><p:nvPr><p:ph type="sldNum" sz="quarter" idx="4"/></p:nvPr></p:nvSpPr><p:spPr/><p:txBody><a:bodyPr/><a:lstStyle/><a:p><a:fld id="{64A0274D-0BBD-4112-B835-ED6A1269B84A}" type="slidenum"><a:rPr/><a:pPr/><a:t>66</a:t></a:fld><a:endParaRPr dirty="0"/></a:p></p:txBody></p:sp><p:sp><p:nvSpPr><p:cNvPr id="5" name="Content Placeholder 4"/><p:cNvSpPr><a:spLocks noGrp="1"/></p:cNvSpPr><p:nvPr><p:ph idx="1"/></p:nvPr></p:nvSpPr><p:spPr><a:xfrm><a:off x="324181" y="1566544"/><a:ext cx="4235944" cy="4203139"/></a:xfrm></p:spPr><p:txBody><a:bodyPr><a:normAutofit/></a:bodyPr><a:lstStyle/><a:p><a:pPr lvl="0"><a:spcAft><a:spcPct val="0"/></a:spcAft><a:buFont typeface="Arial"/><a:buChar char="•"/></a:pPr><a:r><a:rPr lang="en-US" dirty="0" smtClean="0"><a:solidFill><a:srgbClr val="000000"/></a:solidFill><a:latin typeface="+mn-lt"/><a:cs typeface="Arial" pitchFamily="34" charset="0"/></a:rPr><a:t>A mindset for Radisson Blu’s people and a means to encourage guest loyalty</a:t></a:r></a:p><a:p><a:pPr lvl="0"><a:spcAft><a:spcPct val="0"/></a:spcAft><a:buFont typeface="Arial"/><a:buChar char="•"/></a:pPr><a:r><a:rPr lang="en-US" dirty="0" smtClean="0"><a:solidFill><a:srgbClr val="000000"/></a:solidFill><a:latin typeface="+mn-lt"/><a:cs typeface="Arial" pitchFamily="34" charset="0"/></a:rPr><a:t>A complete commitment to everything guests expect from a world-leading hotel brand</a:t></a:r></a:p><a:p><a:pPr lvl="0"><a:spcAft><a:spcPct val="0"/></a:spcAft><a:buFont typeface="Arial"/><a:buChar char="•"/></a:pPr><a:r><a:rPr lang="en-US" dirty="0" smtClean="0"><a:latin typeface="+mn-lt"/><a:cs typeface="Arial" pitchFamily="34" charset="0"/></a:rPr><a:t>The Radisson Blu brand promise: </a:t></a:r><a:br><a:rPr lang="en-US" dirty="0" smtClean="0"><a:latin typeface="+mn-lt"/><a:cs typeface="Arial" pitchFamily="34" charset="0"/></a:rPr></a:br><a:r><a:rPr lang="en-US" dirty="0" smtClean="0"><a:latin typeface="+mn-lt"/><a:cs typeface="Arial" pitchFamily="34" charset="0"/></a:rPr><a:t>If a guest isn’t satisfied with something, we'll make it right. It’s guaranteed.</a:t></a:r></a:p><a:p><a:endParaRPr lang="en-US" sz="2000" dirty="0" smtClean="0"><a:solidFill><a:srgbClr val="000000"/></a:solidFill><a:latin typeface="+mn-lt"/><a:cs typeface="Arial" pitchFamily="34" charset="0"/></a:endParaRPr></a:p></p:txBody></p:sp><p:pic><p:nvPicPr><p:cNvPr id="7" name="Picture 6" descr="20822 RAD BLU DEV PRES_127.png"/><p:cNvPicPr><a:picLocks noChangeAspect="1"/></p:cNvPicPr><p:nvPr/></p:nvPicPr><p:blipFill rotWithShape="1"><a:blip r:embed="rId3" cstate="email"><a:extLst><a:ext uri="{28A0092B-C50C-407E-A947-70E740481C1C}"><a14:useLocalDpi xmlns:a14="http://schemas.microsoft.com/office/drawing/2010/main"/></a:ext></a:extLst></a:blip><a:srcRect/><a:stretch/></p:blipFill><p:spPr><a:xfrm><a:off x="4649391" y="0"/><a:ext cx="4488873" cy="6246421"/></a:xfrm><a:prstGeom prst="rect"><a:avLst/></a:prstGeom></p:spPr></p:pic></p:spTree><p:extLst><p:ext uri="{BB962C8B-B14F-4D97-AF65-F5344CB8AC3E}"><p14:creationId xmlns:p14="http://schemas.microsoft.com/office/powerpoint/2010/main" val="41967319"/></p:ext></p:extLst></p:cSld><p:clrMapOvr><a:masterClrMapping/></p:clrMapOvr><p:transition spd="med"><p:wipe dir="r"/></p:transition><p:timing><p:tnLst><p:par><p:cTn id="1" dur="indefinite" restart="never" nodeType="tmRoot"/></p:par></p:tnLst></p:timing></p:sld>