<?xml version="1.0" encoding="UTF-8" standalone="yes"?>
<p:sld xmlns:a="http://schemas.openxmlformats.org/drawingml/2006/main" xmlns:r="http://schemas.openxmlformats.org/officeDocument/2006/relationships" xmlns:p="http://schemas.openxmlformats.org/presentationml/2006/main"><p:cSld><p:spTree><p:nvGrpSpPr><p:cNvPr id="1" name=""/><p:cNvGrpSpPr/><p:nvPr/></p:nvGrpSpPr><p:grpSpPr><a:xfrm><a:off x="0" y="0"/><a:ext cx="0" cy="0"/><a:chOff x="0" y="0"/><a:chExt cx="0" cy="0"/></a:xfrm></p:grpSpPr><p:sp><p:nvSpPr><p:cNvPr id="4" name="Title 3"/><p:cNvSpPr><a:spLocks noGrp="1"/></p:cNvSpPr><p:nvPr><p:ph type="title"/></p:nvPr></p:nvSpPr><p:spPr/><p:txBody><a:bodyPr><a:normAutofit/></a:bodyPr><a:lstStyle/><a:p><a:r><a:rPr lang="en-US" dirty="0"><a:solidFill><a:srgbClr val="7FACD1"/></a:solidFill></a:rPr><a:t>YES I CAN! </a:t></a:r><a:r><a:rPr lang="en-US" dirty="0" smtClean="0"><a:solidFill><a:srgbClr val="7FACD1"/></a:solidFill></a:rPr><a:t> </a:t></a:r><a:r><a:rPr lang="en-US" dirty="0"><a:solidFill><a:srgbClr val="7FACD1"/></a:solidFill></a:rPr><a:t/></a:r><a:br><a:rPr lang="en-US" dirty="0"><a:solidFill><a:srgbClr val="7FACD1"/></a:solidFill></a:rPr></a:br><a:r><a:rPr lang="en-US" dirty="0"><a:solidFill><a:srgbClr val="7FACD1"/></a:solidFill></a:rPr><a:t>OUR </a:t></a:r><a:r><a:rPr lang="en-US" dirty="0" smtClean="0"><a:solidFill><a:srgbClr val="7FACD1"/></a:solidFill></a:rPr><a:t>CULTURE</a:t></a:r><a:endParaRPr lang="en-US" dirty="0"><a:solidFill><a:srgbClr val="7FACD1"/></a:solidFill></a:endParaRPr></a:p></p:txBody></p:sp><p:sp><p:nvSpPr><p:cNvPr id="5" name="Content Placeholder 4"/><p:cNvSpPr><a:spLocks noGrp="1"/></p:cNvSpPr><p:nvPr><p:ph idx="1"/></p:nvPr></p:nvSpPr><p:spPr><a:xfrm><a:off x="324181" y="1566544"/><a:ext cx="4140942" cy="4203139"/></a:xfrm></p:spPr><p:txBody><a:bodyPr/><a:lstStyle/><a:p><a:r><a:rPr lang="en-US" dirty="0" smtClean="0"/><a:t>The foundation and driving force of our culture</a:t></a:r></a:p><a:p><a:r><a:rPr lang="en-US" dirty="0" smtClean="0"/><a:t>An upbeat, proactive attitude, focused on noticing, anticipating and making things happen</a:t></a:r></a:p><a:p><a:r><a:rPr lang="en-US" dirty="0" smtClean="0"/><a:t>It’s in everything Radisson Blu is, what it does, how it does it and what it wants to be</a:t></a:r></a:p><a:p><a:r><a:rPr lang="en-US" dirty="0" smtClean="0"/><a:t>It allows everyone at Radisson Blu to make a significant difference, in their own way</a:t></a:r><a:endParaRPr lang="en-US" dirty="0"/></a:p></p:txBody></p:sp><p:sp><p:nvSpPr><p:cNvPr id="2" name="Slide Number Placeholder 1"/><p:cNvSpPr><a:spLocks noGrp="1"/></p:cNvSpPr><p:nvPr><p:ph type="sldNum" sz="quarter" idx="4"/></p:nvPr></p:nvSpPr><p:spPr><a:prstGeom prst="rect"><a:avLst/></a:prstGeom></p:spPr><p:txBody><a:bodyPr lIns="91430" tIns="45716" rIns="91430" bIns="45716"/><a:lstStyle/><a:p><a:fld id="{64A0274D-0BBD-4112-B835-ED6A1269B84A}" type="slidenum"><a:rPr/><a:pPr/><a:t>65</a:t></a:fld><a:endParaRPr dirty="0"/></a:p></p:txBody></p:sp><p:pic><p:nvPicPr><p:cNvPr id="6" name="Picture 5" descr="20822 RAD BLU DEV PRES_126.png"/><p:cNvPicPr><a:picLocks noChangeAspect="1"/></p:cNvPicPr><p:nvPr/></p:nvPicPr><p:blipFill rotWithShape="1"><a:blip r:embed="rId3" cstate="email"><a:extLst><a:ext uri="{28A0092B-C50C-407E-A947-70E740481C1C}"><a14:useLocalDpi xmlns:a14="http://schemas.microsoft.com/office/drawing/2010/main"/></a:ext></a:extLst></a:blip><a:srcRect/><a:stretch/></p:blipFill><p:spPr><a:xfrm><a:off x="4607625" y="0"/><a:ext cx="4512623" cy="6222670"/></a:xfrm><a:prstGeom prst="rect"><a:avLst/></a:prstGeom></p:spPr></p:pic></p:spTree><p:extLst><p:ext uri="{BB962C8B-B14F-4D97-AF65-F5344CB8AC3E}"><p14:creationId xmlns:p14="http://schemas.microsoft.com/office/powerpoint/2010/main" val="4203094624"/></p:ext></p:extLst></p:cSld><p:clrMapOvr><a:masterClrMapping/></p:clrMapOvr><p:transition spd="med"><p:wipe dir="r"/></p:transition><p:timing><p:tnLst><p:par><p:cTn id="1" dur="indefinite" restart="never" nodeType="tmRoot"/></p:par></p:tnLst></p:timing></p:sld>