<?xml version="1.0" encoding="UTF-8" standalone="yes"?>
<p:sld xmlns:a="http://schemas.openxmlformats.org/drawingml/2006/main" xmlns:r="http://schemas.openxmlformats.org/officeDocument/2006/relationships" xmlns:p="http://schemas.openxmlformats.org/presentationml/2006/main"><p:cSld><p:spTree><p:nvGrpSpPr><p:cNvPr id="1" name=""/><p:cNvGrpSpPr/><p:nvPr/></p:nvGrpSpPr><p:grpSpPr><a:xfrm><a:off x="0" y="0"/><a:ext cx="0" cy="0"/><a:chOff x="0" y="0"/><a:chExt cx="0" cy="0"/></a:xfrm></p:grpSpPr><p:sp><p:nvSpPr><p:cNvPr id="2" name="Title 1"/><p:cNvSpPr><a:spLocks noGrp="1"/></p:cNvSpPr><p:nvPr><p:ph type="title"/></p:nvPr></p:nvSpPr><p:spPr><a:xfrm><a:off x="367113" y="666436"/><a:ext cx="8522891" cy="724661"/></a:xfrm></p:spPr><p:txBody><a:bodyPr/><a:lstStyle/><a:p><a:r><a:rPr lang="en-US" dirty="0" smtClean="0"><a:solidFill><a:srgbClr val="7FACD1"/></a:solidFill><a:latin typeface="Gill Sans Std Light" pitchFamily="34" charset="0"/></a:rPr><a:t>BRAND CONCEPTS</a:t></a:r><a:endParaRPr lang="en-GB" dirty="0"/></a:p></p:txBody></p:sp><p:sp><p:nvSpPr><p:cNvPr id="3" name="Slide Number Placeholder 2"/><p:cNvSpPr><a:spLocks noGrp="1"/></p:cNvSpPr><p:nvPr><p:ph type="sldNum" sz="quarter" idx="12"/></p:nvPr></p:nvSpPr><p:spPr/><p:txBody><a:bodyPr/><a:lstStyle/><a:p><a:pPr eaLnBrk="0" hangingPunct="0"><a:defRPr/></a:pPr><a:fld id="{4ED13118-B088-419B-A8B3-0D4A7FE20174}" type="slidenum"><a:rPr lang="en-US" smtClean="0"/><a:pPr eaLnBrk="0" hangingPunct="0"><a:defRPr/></a:pPr><a:t>64</a:t></a:fld><a:endParaRPr lang="en-US" dirty="0"/></a:p></p:txBody></p:sp><p:sp><p:nvSpPr><p:cNvPr id="4" name="TextBox 3"/><p:cNvSpPr txBox="1"/><p:nvPr/></p:nvSpPr><p:spPr><a:xfrm><a:off x="4555728" y="1630884"/><a:ext cx="2112689" cy="523220"/></a:xfrm><a:prstGeom prst="rect"><a:avLst/></a:prstGeom></p:spPr><p:txBody><a:bodyPr wrap="square" rtlCol="0"><a:spAutoFit/></a:bodyPr><a:lstStyle/><a:p><a:pPr defTabSz="914400" fontAlgn="base"><a:spcBef><a:spcPct val="0"/></a:spcBef><a:spcAft><a:spcPct val="0"/></a:spcAft></a:pPr><a:r><a:rPr lang="en-GB" sz="1400" dirty="0" smtClean="0"><a:solidFill><a:srgbClr val="1F4F84"/></a:solidFill><a:latin typeface="Gill Sans MT" panose="020B0502020104020203" pitchFamily="34" charset="0"/></a:rPr><a:t>EXPRESS</a:t></a:r><a:br><a:rPr lang="en-GB" sz="1400" dirty="0" smtClean="0"><a:solidFill><a:srgbClr val="1F4F84"/></a:solidFill><a:latin typeface="Gill Sans MT" panose="020B0502020104020203" pitchFamily="34" charset="0"/></a:rPr></a:br><a:r><a:rPr lang="en-GB" sz="1400" b="1" dirty="0" smtClean="0"><a:solidFill><a:srgbClr val="1F4F84"/></a:solidFill><a:latin typeface="Gill Sans MT" panose="020B0502020104020203" pitchFamily="34" charset="0"/></a:rPr><a:t>CHECKOUT</a:t></a:r></a:p></p:txBody></p:sp><p:sp><p:nvSpPr><p:cNvPr id="25" name="TextBox 24"/><p:cNvSpPr txBox="1"/><p:nvPr/></p:nvSpPr><p:spPr><a:xfrm><a:off x="338742" y="1676887"/><a:ext cx="2112689" cy="523220"/></a:xfrm><a:prstGeom prst="rect"><a:avLst/></a:prstGeom></p:spPr><p:txBody><a:bodyPr wrap="square" rtlCol="0"><a:spAutoFit/></a:bodyPr><a:lstStyle/><a:p><a:pPr defTabSz="914400" fontAlgn="base"><a:spcBef><a:spcPct val="0"/></a:spcBef><a:spcAft><a:spcPct val="0"/></a:spcAft></a:pPr><a:r><a:rPr lang="en-GB" sz="1400" dirty="0" smtClean="0"><a:solidFill><a:srgbClr val="1F4F84"/></a:solidFill><a:latin typeface="Gill Sans MT" panose="020B0502020104020203" pitchFamily="34" charset="0"/></a:rPr><a:t>100% SATISFACTION</a:t></a:r><a:br><a:rPr lang="en-GB" sz="1400" dirty="0" smtClean="0"><a:solidFill><a:srgbClr val="1F4F84"/></a:solidFill><a:latin typeface="Gill Sans MT" panose="020B0502020104020203" pitchFamily="34" charset="0"/></a:rPr></a:br><a:r><a:rPr lang="en-GB" sz="1400" b="1" dirty="0" smtClean="0"><a:solidFill><a:srgbClr val="1F4F84"/></a:solidFill><a:latin typeface="Gill Sans MT" panose="020B0502020104020203" pitchFamily="34" charset="0"/></a:rPr><a:t>GUARANTEE</a:t></a:r></a:p></p:txBody></p:sp><p:sp><p:nvSpPr><p:cNvPr id="26" name="TextBox 25"/><p:cNvSpPr txBox="1"/><p:nvPr/></p:nvSpPr><p:spPr><a:xfrm><a:off x="4545299" y="3700089"/><a:ext cx="2112689" cy="523220"/></a:xfrm><a:prstGeom prst="rect"><a:avLst/></a:prstGeom></p:spPr><p:txBody><a:bodyPr wrap="square" rtlCol="0"><a:spAutoFit/></a:bodyPr><a:lstStyle/><a:p><a:pPr defTabSz="914400" fontAlgn="base"><a:spcBef><a:spcPct val="0"/></a:spcBef><a:spcAft><a:spcPct val="0"/></a:spcAft></a:pPr><a:r><a:rPr lang="en-GB" sz="1400" b="1" dirty="0" smtClean="0"><a:solidFill><a:srgbClr val="1F4F84"/></a:solidFill><a:latin typeface="Gill Sans MT" panose="020B0502020104020203" pitchFamily="34" charset="0"/></a:rPr><a:t>FITNESS</a:t></a:r><a:r><a:rPr lang="en-GB" sz="1400" dirty="0" smtClean="0"><a:solidFill><a:srgbClr val="1F4F84"/></a:solidFill><a:latin typeface="Gill Sans MT" panose="020B0502020104020203" pitchFamily="34" charset="0"/></a:rPr><a:t/></a:r><a:br><a:rPr lang="en-GB" sz="1400" dirty="0" smtClean="0"><a:solidFill><a:srgbClr val="1F4F84"/></a:solidFill><a:latin typeface="Gill Sans MT" panose="020B0502020104020203" pitchFamily="34" charset="0"/></a:rPr></a:br><a:r><a:rPr lang="en-GB" sz="1400" dirty="0" smtClean="0"><a:solidFill><a:srgbClr val="1F4F84"/></a:solidFill><a:latin typeface="Gill Sans MT" panose="020B0502020104020203" pitchFamily="34" charset="0"/></a:rPr><a:t>ROOM</a:t></a:r></a:p></p:txBody></p:sp><p:sp><p:nvSpPr><p:cNvPr id="27" name="TextBox 26"/><p:cNvSpPr txBox="1"/><p:nvPr/></p:nvSpPr><p:spPr><a:xfrm><a:off x="6789776" y="4816857"/><a:ext cx="2112689" cy="523220"/></a:xfrm><a:prstGeom prst="rect"><a:avLst/></a:prstGeom></p:spPr><p:txBody><a:bodyPr wrap="square" rtlCol="0"><a:spAutoFit/></a:bodyPr><a:lstStyle/><a:p><a:pPr defTabSz="914400" fontAlgn="base"><a:spcBef><a:spcPct val="0"/></a:spcBef><a:spcAft><a:spcPct val="0"/></a:spcAft></a:pPr><a:r><a:rPr lang="en-GB" sz="1400" dirty="0" smtClean="0"><a:solidFill><a:srgbClr val="1F4F84"/></a:solidFill><a:latin typeface="Gill Sans MT" panose="020B0502020104020203" pitchFamily="34" charset="0"/></a:rPr><a:t>EXPERIENCE </a:t></a:r><a:r><a:rPr lang="en-GB" sz="1400" b="1" dirty="0" smtClean="0"><a:solidFill><a:srgbClr val="1F4F84"/></a:solidFill><a:latin typeface="Gill Sans MT" panose="020B0502020104020203" pitchFamily="34" charset="0"/></a:rPr><a:t>MEETINGS</a:t></a:r></a:p></p:txBody></p:sp><p:sp><p:nvSpPr><p:cNvPr id="28" name="TextBox 27"/><p:cNvSpPr txBox="1"/><p:nvPr/></p:nvSpPr><p:spPr><a:xfrm><a:off x="6668417" y="1651627"/><a:ext cx="2112689" cy="523220"/></a:xfrm><a:prstGeom prst="rect"><a:avLst/></a:prstGeom></p:spPr><p:txBody><a:bodyPr wrap="square" rtlCol="0"><a:spAutoFit/></a:bodyPr><a:lstStyle/><a:p><a:pPr defTabSz="914400" fontAlgn="base"><a:spcBef><a:spcPct val="0"/></a:spcBef><a:spcAft><a:spcPct val="0"/></a:spcAft></a:pPr><a:r><a:rPr lang="en-GB" sz="1400" b="1" dirty="0" smtClean="0"><a:solidFill><a:srgbClr val="1F4F84"/></a:solidFill><a:latin typeface="Gill Sans MT" panose="020B0502020104020203" pitchFamily="34" charset="0"/></a:rPr><a:t>MUSIC</a:t></a:r><a:r><a:rPr lang="en-GB" sz="1400" dirty="0" smtClean="0"><a:solidFill><a:srgbClr val="1F4F84"/></a:solidFill><a:latin typeface="Gill Sans MT" panose="020B0502020104020203" pitchFamily="34" charset="0"/></a:rPr><a:t/></a:r><a:br><a:rPr lang="en-GB" sz="1400" dirty="0" smtClean="0"><a:solidFill><a:srgbClr val="1F4F84"/></a:solidFill><a:latin typeface="Gill Sans MT" panose="020B0502020104020203" pitchFamily="34" charset="0"/></a:rPr></a:br><a:r><a:rPr lang="en-GB" sz="1400" dirty="0" smtClean="0"><a:solidFill><a:srgbClr val="1F4F84"/></a:solidFill><a:latin typeface="Gill Sans MT" panose="020B0502020104020203" pitchFamily="34" charset="0"/></a:rPr><a:t>MOODS</a:t></a:r></a:p></p:txBody></p:sp><p:sp><p:nvSpPr><p:cNvPr id="29" name="TextBox 28"/><p:cNvSpPr txBox="1"/><p:nvPr/></p:nvSpPr><p:spPr><a:xfrm><a:off x="331304" y="2620315"/><a:ext cx="2112689" cy="523220"/></a:xfrm><a:prstGeom prst="rect"><a:avLst/></a:prstGeom></p:spPr><p:txBody><a:bodyPr wrap="square" rtlCol="0"><a:spAutoFit/></a:bodyPr><a:lstStyle/><a:p><a:pPr defTabSz="914400" fontAlgn="base"><a:spcBef><a:spcPct val="0"/></a:spcBef><a:spcAft><a:spcPct val="0"/></a:spcAft></a:pPr><a:r><a:rPr lang="en-GB" sz="1400" dirty="0" smtClean="0"><a:solidFill><a:srgbClr val="1F4F84"/></a:solidFill><a:latin typeface="Gill Sans MT" panose="020B0502020104020203" pitchFamily="34" charset="0"/></a:rPr><a:t>3 HOUR EXPRESS </a:t></a:r><a:r><a:rPr lang="en-GB" sz="1400" b="1" dirty="0" smtClean="0"><a:solidFill><a:srgbClr val="1F4F84"/></a:solidFill><a:latin typeface="Gill Sans MT" panose="020B0502020104020203" pitchFamily="34" charset="0"/></a:rPr><a:t>LAUNDRY</a:t></a:r></a:p></p:txBody></p:sp><p:sp><p:nvSpPr><p:cNvPr id="30" name="TextBox 29"/><p:cNvSpPr txBox="1"/><p:nvPr/></p:nvSpPr><p:spPr><a:xfrm><a:off x="6741247" y="2672564"/><a:ext cx="2112689" cy="523220"/></a:xfrm><a:prstGeom prst="rect"><a:avLst/></a:prstGeom></p:spPr><p:txBody><a:bodyPr wrap="square" rtlCol="0"><a:spAutoFit/></a:bodyPr><a:lstStyle/><a:p><a:pPr defTabSz="914400" fontAlgn="base"><a:spcBef><a:spcPct val="0"/></a:spcBef><a:spcAft><a:spcPct val="0"/></a:spcAft></a:pPr><a:r><a:rPr lang="en-GB" sz="1400" dirty="0" smtClean="0"><a:solidFill><a:srgbClr val="1F4F84"/></a:solidFill><a:latin typeface="Gill Sans MT" panose="020B0502020104020203" pitchFamily="34" charset="0"/></a:rPr><a:t>FREE</a:t></a:r><a:br><a:rPr lang="en-GB" sz="1400" dirty="0" smtClean="0"><a:solidFill><a:srgbClr val="1F4F84"/></a:solidFill><a:latin typeface="Gill Sans MT" panose="020B0502020104020203" pitchFamily="34" charset="0"/></a:rPr></a:br><a:r><a:rPr lang="en-GB" sz="1400" b="1" dirty="0" smtClean="0"><a:solidFill><a:srgbClr val="1F4F84"/></a:solidFill><a:latin typeface="Gill Sans MT" panose="020B0502020104020203" pitchFamily="34" charset="0"/></a:rPr><a:t>INTERNET</a:t></a:r></a:p></p:txBody></p:sp><p:sp><p:nvSpPr><p:cNvPr id="31" name="TextBox 30"/><p:cNvSpPr txBox="1"/><p:nvPr/></p:nvSpPr><p:spPr><a:xfrm><a:off x="4531876" y="2646159"/><a:ext cx="2112689" cy="523220"/></a:xfrm><a:prstGeom prst="rect"><a:avLst/></a:prstGeom></p:spPr><p:txBody><a:bodyPr wrap="square" rtlCol="0"><a:spAutoFit/></a:bodyPr><a:lstStyle/><a:p><a:pPr defTabSz="914400" fontAlgn="base"><a:spcBef><a:spcPct val="0"/></a:spcBef><a:spcAft><a:spcPct val="0"/></a:spcAft></a:pPr><a:r><a:rPr lang="en-GB" sz="1400" b="1" dirty="0" smtClean="0"><a:solidFill><a:srgbClr val="1F4F84"/></a:solidFill><a:latin typeface="Gill Sans MT" panose="020B0502020104020203" pitchFamily="34" charset="0"/></a:rPr><a:t>ROOM</a:t></a:r><a:r><a:rPr lang="en-GB" sz="1400" dirty="0" smtClean="0"><a:solidFill><a:srgbClr val="1F4F84"/></a:solidFill><a:latin typeface="Gill Sans MT" panose="020B0502020104020203" pitchFamily="34" charset="0"/></a:rPr><a:t/></a:r><a:br><a:rPr lang="en-GB" sz="1400" dirty="0" smtClean="0"><a:solidFill><a:srgbClr val="1F4F84"/></a:solidFill><a:latin typeface="Gill Sans MT" panose="020B0502020104020203" pitchFamily="34" charset="0"/></a:rPr></a:br><a:r><a:rPr lang="en-GB" sz="1400" dirty="0" smtClean="0"><a:solidFill><a:srgbClr val="1F4F84"/></a:solidFill><a:latin typeface="Gill Sans MT" panose="020B0502020104020203" pitchFamily="34" charset="0"/></a:rPr><a:t>STYLES</a:t></a:r><a:endParaRPr lang="en-GB" sz="1400" b="1" dirty="0" smtClean="0"><a:solidFill><a:srgbClr val="1F4F84"/></a:solidFill><a:latin typeface="Gill Sans MT" panose="020B0502020104020203" pitchFamily="34" charset="0"/></a:endParaRPr></a:p></p:txBody></p:sp><p:sp><p:nvSpPr><p:cNvPr id="32" name="TextBox 31"/><p:cNvSpPr txBox="1"/><p:nvPr/></p:nvSpPr><p:spPr><a:xfrm><a:off x="2451431" y="2646159"/><a:ext cx="2112689" cy="523220"/></a:xfrm><a:prstGeom prst="rect"><a:avLst/></a:prstGeom></p:spPr><p:txBody><a:bodyPr wrap="square" rtlCol="0"><a:spAutoFit/></a:bodyPr><a:lstStyle/><a:p><a:pPr defTabSz="914400" fontAlgn="base"><a:spcBef><a:spcPct val="0"/></a:spcBef><a:spcAft><a:spcPct val="0"/></a:spcAft></a:pPr><a:r><a:rPr lang="en-GB" sz="1400" b="1" dirty="0" smtClean="0"><a:solidFill><a:srgbClr val="1F4F84"/></a:solidFill><a:latin typeface="Gill Sans MT" panose="020B0502020104020203" pitchFamily="34" charset="0"/></a:rPr><a:t>GRAB</a:t></a:r><a:r><a:rPr lang="en-GB" sz="1400" dirty="0" smtClean="0"><a:solidFill><a:srgbClr val="1F4F84"/></a:solidFill><a:latin typeface="Gill Sans MT" panose="020B0502020104020203" pitchFamily="34" charset="0"/></a:rPr><a:t/></a:r><a:br><a:rPr lang="en-GB" sz="1400" dirty="0" smtClean="0"><a:solidFill><a:srgbClr val="1F4F84"/></a:solidFill><a:latin typeface="Gill Sans MT" panose="020B0502020104020203" pitchFamily="34" charset="0"/></a:rPr></a:br><a:r><a:rPr lang="en-GB" sz="1400" dirty="0" smtClean="0"><a:solidFill><a:srgbClr val="1F4F84"/></a:solidFill><a:latin typeface="Gill Sans MT" panose="020B0502020104020203" pitchFamily="34" charset="0"/></a:rPr><a:t>&amp; RUN</a:t></a:r><a:endParaRPr lang="en-GB" sz="1400" b="1" dirty="0" smtClean="0"><a:solidFill><a:srgbClr val="1F4F84"/></a:solidFill><a:latin typeface="Gill Sans MT" panose="020B0502020104020203" pitchFamily="34" charset="0"/></a:endParaRPr></a:p></p:txBody></p:sp><p:sp><p:nvSpPr><p:cNvPr id="33" name="TextBox 32"/><p:cNvSpPr txBox="1"/><p:nvPr/></p:nvSpPr><p:spPr><a:xfrm><a:off x="324179" y="3730906"/><a:ext cx="2112689" cy="523220"/></a:xfrm><a:prstGeom prst="rect"><a:avLst/></a:prstGeom></p:spPr><p:txBody><a:bodyPr wrap="square" rtlCol="0"><a:spAutoFit/></a:bodyPr><a:lstStyle/><a:p><a:pPr defTabSz="914400" fontAlgn="base"><a:spcBef><a:spcPct val="0"/></a:spcBef><a:spcAft><a:spcPct val="0"/></a:spcAft></a:pPr><a:r><a:rPr lang="en-GB" sz="1400" b="1" dirty="0" smtClean="0"><a:solidFill><a:srgbClr val="1F4F84"/></a:solidFill><a:latin typeface="Gill Sans MT" panose="020B0502020104020203" pitchFamily="34" charset="0"/></a:rPr><a:t>ONE TOUCH</a:t></a:r><a:br><a:rPr lang="en-GB" sz="1400" b="1" dirty="0" smtClean="0"><a:solidFill><a:srgbClr val="1F4F84"/></a:solidFill><a:latin typeface="Gill Sans MT" panose="020B0502020104020203" pitchFamily="34" charset="0"/></a:rPr></a:br><a:r><a:rPr lang="en-GB" sz="1400" dirty="0" smtClean="0"><a:solidFill><a:srgbClr val="1F4F84"/></a:solidFill><a:latin typeface="Gill Sans MT" panose="020B0502020104020203" pitchFamily="34" charset="0"/></a:rPr><a:t>SERVICE/ APP</a:t></a:r></a:p></p:txBody></p:sp><p:sp><p:nvSpPr><p:cNvPr id="34" name="TextBox 33"/><p:cNvSpPr txBox="1"/><p:nvPr/></p:nvSpPr><p:spPr><a:xfrm><a:off x="2408516" y="3700089"/><a:ext cx="2112689" cy="523220"/></a:xfrm><a:prstGeom prst="rect"><a:avLst/></a:prstGeom></p:spPr><p:txBody><a:bodyPr wrap="square" rtlCol="0"><a:spAutoFit/></a:bodyPr><a:lstStyle/><a:p><a:pPr defTabSz="914400" fontAlgn="base"><a:spcBef><a:spcPct val="0"/></a:spcBef><a:spcAft><a:spcPct val="0"/></a:spcAft></a:pPr><a:r><a:rPr lang="en-GB" sz="1400" dirty="0" smtClean="0"><a:solidFill><a:srgbClr val="1F4F84"/></a:solidFill><a:latin typeface="Gill Sans MT" panose="020B0502020104020203" pitchFamily="34" charset="0"/></a:rPr><a:t>SUPER</a:t></a:r><a:br><a:rPr lang="en-GB" sz="1400" dirty="0" smtClean="0"><a:solidFill><a:srgbClr val="1F4F84"/></a:solidFill><a:latin typeface="Gill Sans MT" panose="020B0502020104020203" pitchFamily="34" charset="0"/></a:rPr></a:br><a:r><a:rPr lang="en-GB" sz="1400" b="1" dirty="0" smtClean="0"><a:solidFill><a:srgbClr val="1F4F84"/></a:solidFill><a:latin typeface="Gill Sans MT" panose="020B0502020104020203" pitchFamily="34" charset="0"/></a:rPr><a:t>BREAKFAST</a:t></a:r></a:p></p:txBody></p:sp><p:sp><p:nvSpPr><p:cNvPr id="35" name="TextBox 34"/><p:cNvSpPr txBox="1"/><p:nvPr/></p:nvSpPr><p:spPr><a:xfrm><a:off x="6741246" y="3695472"/><a:ext cx="2112689" cy="523220"/></a:xfrm><a:prstGeom prst="rect"><a:avLst/></a:prstGeom></p:spPr><p:txBody><a:bodyPr wrap="square" rtlCol="0"><a:spAutoFit/></a:bodyPr><a:lstStyle/><a:p><a:pPr defTabSz="914400" fontAlgn="base"><a:spcBef><a:spcPct val="0"/></a:spcBef><a:spcAft><a:spcPct val="0"/></a:spcAft></a:pPr><a:r><a:rPr lang="en-GB" sz="1400" dirty="0" smtClean="0"><a:solidFill><a:srgbClr val="1F4F84"/></a:solidFill><a:latin typeface="Gill Sans MT" panose="020B0502020104020203" pitchFamily="34" charset="0"/></a:rPr><a:t>LATE</a:t></a:r><a:br><a:rPr lang="en-GB" sz="1400" dirty="0" smtClean="0"><a:solidFill><a:srgbClr val="1F4F84"/></a:solidFill><a:latin typeface="Gill Sans MT" panose="020B0502020104020203" pitchFamily="34" charset="0"/></a:rPr></a:br><a:r><a:rPr lang="en-GB" sz="1400" b="1" dirty="0" smtClean="0"><a:solidFill><a:srgbClr val="1F4F84"/></a:solidFill><a:latin typeface="Gill Sans MT" panose="020B0502020104020203" pitchFamily="34" charset="0"/></a:rPr><a:t>CHECKOUT</a:t></a:r></a:p></p:txBody></p:sp><p:sp><p:nvSpPr><p:cNvPr id="36" name="TextBox 35"/><p:cNvSpPr txBox="1"/><p:nvPr/></p:nvSpPr><p:spPr><a:xfrm><a:off x="2451431" y="1662988"/><a:ext cx="2112689" cy="523220"/></a:xfrm><a:prstGeom prst="rect"><a:avLst/></a:prstGeom></p:spPr><p:txBody><a:bodyPr wrap="square" rtlCol="0"><a:spAutoFit/></a:bodyPr><a:lstStyle/><a:p><a:pPr defTabSz="914400" fontAlgn="base"><a:spcBef><a:spcPct val="0"/></a:spcBef><a:spcAft><a:spcPct val="0"/></a:spcAft></a:pPr><a:r><a:rPr lang="en-GB" sz="1400" b="1" dirty="0" smtClean="0"><a:solidFill><a:srgbClr val="1F4F84"/></a:solidFill><a:latin typeface="Gill Sans MT" panose="020B0502020104020203" pitchFamily="34" charset="0"/></a:rPr><a:t>BUSINESS</a:t></a:r><a:br><a:rPr lang="en-GB" sz="1400" b="1" dirty="0" smtClean="0"><a:solidFill><a:srgbClr val="1F4F84"/></a:solidFill><a:latin typeface="Gill Sans MT" panose="020B0502020104020203" pitchFamily="34" charset="0"/></a:rPr></a:br><a:r><a:rPr lang="en-GB" sz="1400" dirty="0" smtClean="0"><a:solidFill><a:srgbClr val="1F4F84"/></a:solidFill><a:latin typeface="Gill Sans MT" panose="020B0502020104020203" pitchFamily="34" charset="0"/></a:rPr><a:t>CLASS</a:t></a:r></a:p></p:txBody></p:sp><p:sp><p:nvSpPr><p:cNvPr id="37" name="TextBox 36"/><p:cNvSpPr txBox="1"/><p:nvPr/></p:nvSpPr><p:spPr><a:xfrm><a:off x="367113" y="4779863"/><a:ext cx="2112689" cy="523220"/></a:xfrm><a:prstGeom prst="rect"><a:avLst/></a:prstGeom></p:spPr><p:txBody><a:bodyPr wrap="square" rtlCol="0"><a:spAutoFit/></a:bodyPr><a:lstStyle/><a:p><a:pPr defTabSz="914400" fontAlgn="base"><a:spcBef><a:spcPct val="0"/></a:spcBef><a:spcAft><a:spcPct val="0"/></a:spcAft></a:pPr><a:r><a:rPr lang="en-GB" sz="1400" b="1" dirty="0" smtClean="0"><a:solidFill><a:srgbClr val="1F4F84"/></a:solidFill><a:latin typeface="Gill Sans MT" panose="020B0502020104020203" pitchFamily="34" charset="0"/></a:rPr><a:t>YES</a:t></a:r><a:br><a:rPr lang="en-GB" sz="1400" b="1" dirty="0" smtClean="0"><a:solidFill><a:srgbClr val="1F4F84"/></a:solidFill><a:latin typeface="Gill Sans MT" panose="020B0502020104020203" pitchFamily="34" charset="0"/></a:rPr></a:br><a:r><a:rPr lang="en-GB" sz="1400" dirty="0" smtClean="0"><a:solidFill><a:srgbClr val="1F4F84"/></a:solidFill><a:latin typeface="Gill Sans MT" panose="020B0502020104020203" pitchFamily="34" charset="0"/></a:rPr><a:t>I CAN!</a:t></a:r></a:p></p:txBody></p:sp><p:sp><p:nvSpPr><p:cNvPr id="38" name="TextBox 37"/><p:cNvSpPr txBox="1"/><p:nvPr/></p:nvSpPr><p:spPr><a:xfrm><a:off x="2408515" y="4833653"/><a:ext cx="2112689" cy="523220"/></a:xfrm><a:prstGeom prst="rect"><a:avLst/></a:prstGeom></p:spPr><p:txBody><a:bodyPr wrap="square" rtlCol="0"><a:spAutoFit/></a:bodyPr><a:lstStyle/><a:p><a:pPr defTabSz="914400" fontAlgn="base"><a:spcBef><a:spcPct val="0"/></a:spcBef><a:spcAft><a:spcPct val="0"/></a:spcAft></a:pPr><a:r><a:rPr lang="en-GB" sz="1400" dirty="0" smtClean="0"><a:solidFill><a:srgbClr val="1F4F84"/></a:solidFill><a:latin typeface="Gill Sans MT" panose="020B0502020104020203" pitchFamily="34" charset="0"/></a:rPr><a:t>ONLINE PRICE</a:t></a:r><a:br><a:rPr lang="en-GB" sz="1400" dirty="0" smtClean="0"><a:solidFill><a:srgbClr val="1F4F84"/></a:solidFill><a:latin typeface="Gill Sans MT" panose="020B0502020104020203" pitchFamily="34" charset="0"/></a:rPr></a:br><a:r><a:rPr lang="en-GB" sz="1400" b="1" dirty="0" smtClean="0"><a:solidFill><a:srgbClr val="1F4F84"/></a:solidFill><a:latin typeface="Gill Sans MT" panose="020B0502020104020203" pitchFamily="34" charset="0"/></a:rPr><a:t>GUARANTEE</a:t></a:r></a:p></p:txBody></p:sp><p:sp><p:nvSpPr><p:cNvPr id="39" name="TextBox 38"/><p:cNvSpPr txBox="1"/><p:nvPr/></p:nvSpPr><p:spPr><a:xfrm><a:off x="4553986" y="4807381"/><a:ext cx="2112689" cy="523220"/></a:xfrm><a:prstGeom prst="rect"><a:avLst/></a:prstGeom></p:spPr><p:txBody><a:bodyPr wrap="square" rtlCol="0"><a:spAutoFit/></a:bodyPr><a:lstStyle/><a:p><a:pPr defTabSz="914400" fontAlgn="base"><a:spcBef><a:spcPct val="0"/></a:spcBef><a:spcAft><a:spcPct val="0"/></a:spcAft></a:pPr><a:r><a:rPr lang="en-GB" sz="1400" dirty="0" smtClean="0"><a:solidFill><a:srgbClr val="1F4F84"/></a:solidFill><a:latin typeface="Gill Sans MT" panose="020B0502020104020203" pitchFamily="34" charset="0"/></a:rPr><a:t>SATELLITE</a:t></a:r><a:br><a:rPr lang="en-GB" sz="1400" dirty="0" smtClean="0"><a:solidFill><a:srgbClr val="1F4F84"/></a:solidFill><a:latin typeface="Gill Sans MT" panose="020B0502020104020203" pitchFamily="34" charset="0"/></a:rPr></a:br><a:r><a:rPr lang="en-GB" sz="1400" b="1" dirty="0" smtClean="0"><a:solidFill><a:srgbClr val="1F4F84"/></a:solidFill><a:latin typeface="Gill Sans MT" panose="020B0502020104020203" pitchFamily="34" charset="0"/></a:rPr><a:t>RECEPTION</a:t></a:r></a:p></p:txBody></p:sp></p:spTree><p:extLst><p:ext uri="{BB962C8B-B14F-4D97-AF65-F5344CB8AC3E}"><p14:creationId xmlns:p14="http://schemas.microsoft.com/office/powerpoint/2010/main" val="3219301624"/></p:ext></p:extLst></p:cSld><p:clrMapOvr><a:masterClrMapping/></p:clrMapOvr><p:transition spd="med"><p:wipe dir="r"/></p:transition><p:timing><p:tnLst><p:par><p:cTn id="1" dur="indefinite" restart="never" nodeType="tmRoot"/></p:par></p:tnLst></p:timing></p:sld>