<?xml version="1.0" encoding="UTF-8" standalone="yes"?>
<p:sld xmlns:a="http://schemas.openxmlformats.org/drawingml/2006/main" xmlns:r="http://schemas.openxmlformats.org/officeDocument/2006/relationships" xmlns:p="http://schemas.openxmlformats.org/presentationml/2006/main"><p:cSld><p:spTree><p:nvGrpSpPr><p:cNvPr id="1" name=""/><p:cNvGrpSpPr/><p:nvPr/></p:nvGrpSpPr><p:grpSpPr><a:xfrm><a:off x="0" y="0"/><a:ext cx="0" cy="0"/><a:chOff x="0" y="0"/><a:chExt cx="0" cy="0"/></a:xfrm></p:grpSpPr><p:cxnSp><p:nvCxnSpPr><p:cNvPr id="32" name="Straight Arrow Connector 31"/><p:cNvCxnSpPr/><p:nvPr/></p:nvCxnSpPr><p:spPr><a:xfrm flipV="1"><a:off x="2486025" y="2339975"/><a:ext cx="0" cy="3152775"/></a:xfrm><a:prstGeom prst="straightConnector1"><a:avLst/></a:prstGeom><a:noFill/><a:ln w="12700" cap="flat" cmpd="sng" algn="ctr"><a:solidFill><a:schemeClr val="accent3"/></a:solidFill><a:prstDash val="solid"/><a:tailEnd type="arrow" w="sm" len="sm"/></a:ln><a:effectLst/></p:spPr></p:cxnSp><p:sp><p:nvSpPr><p:cNvPr id="60" name="TextBox 59"/><p:cNvSpPr txBox="1"/><p:nvPr/></p:nvSpPr><p:spPr><a:xfrm><a:off x="722313" y="1903413"/><a:ext cx="2914650" cy="307975"/></a:xfrm><a:prstGeom prst="rect"><a:avLst/></a:prstGeom><a:noFill/></p:spPr><p:txBody><a:bodyPr><a:spAutoFit/></a:bodyPr><a:lstStyle/><a:p><a:pPr defTabSz="914400"><a:defRPr/></a:pPr><a:r><a:rPr lang="en-US" sz="1400" b="1" kern="0" dirty="0"><a:solidFill><a:srgbClr val="F6861F"/></a:solidFill><a:ea typeface="ＭＳ Ｐゴシック" charset="0"/><a:cs typeface="Arial"/></a:rPr><a:t>Average Daily Rate</a:t></a:r></a:p></p:txBody></p:sp><p:sp><p:nvSpPr><p:cNvPr id="61" name="TextBox 60"/><p:cNvSpPr txBox="1"/><p:nvPr/></p:nvSpPr><p:spPr><a:xfrm><a:off x="2238375" y="4995863"/><a:ext cx="1550988" cy="522287"/></a:xfrm><a:prstGeom prst="rect"><a:avLst/></a:prstGeom><a:noFill/></p:spPr><p:txBody><a:bodyPr><a:spAutoFit/></a:bodyPr><a:lstStyle/><a:p><a:pPr algn="ctr" defTabSz="914400"><a:defRPr/></a:pPr><a:r><a:rPr lang="en-US" sz="1400" kern="0" dirty="0"><a:solidFill><a:srgbClr val="000000"/></a:solidFill><a:ea typeface="ＭＳ Ｐゴシック" charset="0"/><a:cs typeface="Arial"/></a:rPr><a:t>Limited </a:t></a:r></a:p><a:p><a:pPr algn="ctr" defTabSz="914400"><a:defRPr/></a:pPr><a:r><a:rPr lang="en-US" sz="1400" kern="0" dirty="0"><a:solidFill><a:srgbClr val="000000"/></a:solidFill><a:ea typeface="ＭＳ Ｐゴシック" charset="0"/><a:cs typeface="Arial"/></a:rPr><a:t>Service</a:t></a:r></a:p></p:txBody></p:sp><p:sp><p:nvSpPr><p:cNvPr id="68" name="TextBox 67"/><p:cNvSpPr txBox="1"/><p:nvPr/></p:nvSpPr><p:spPr><a:xfrm><a:off x="722313" y="2447925"/><a:ext cx="1322387" cy="307975"/></a:xfrm><a:prstGeom prst="rect"><a:avLst/></a:prstGeom><a:noFill/></p:spPr><p:txBody><a:bodyPr><a:spAutoFit/></a:bodyPr><a:lstStyle/><a:p><a:pPr defTabSz="914400"><a:defRPr/></a:pPr><a:r><a:rPr lang="en-US" sz="1400" kern="0" dirty="0"><a:solidFill><a:srgbClr val="000000"/></a:solidFill><a:ea typeface="ＭＳ Ｐゴシック" charset="0"/><a:cs typeface="Arial"/></a:rPr><a:t>Luxury</a:t></a:r></a:p></p:txBody></p:sp><p:sp><p:nvSpPr><p:cNvPr id="69" name="TextBox 68"/><p:cNvSpPr txBox="1"/><p:nvPr/></p:nvSpPr><p:spPr><a:xfrm><a:off x="722313" y="2941638"/><a:ext cx="2413000" cy="142875"/></a:xfrm><a:prstGeom prst="rect"><a:avLst/></a:prstGeom><a:noFill/></p:spPr><p:txBody><a:bodyPr><a:spAutoFit/></a:bodyPr><a:lstStyle/><a:p><a:pPr defTabSz="914400"><a:defRPr/></a:pPr><a:r><a:rPr lang="en-US" sz="1400" kern="0" dirty="0"><a:solidFill><a:srgbClr val="000000"/></a:solidFill><a:ea typeface="ＭＳ Ｐゴシック" charset="0"/><a:cs typeface="Arial"/></a:rPr><a:t>Upper Upscale</a:t></a:r></a:p></p:txBody></p:sp><p:sp><p:nvSpPr><p:cNvPr id="70" name="TextBox 69"/><p:cNvSpPr txBox="1"/><p:nvPr/></p:nvSpPr><p:spPr><a:xfrm><a:off x="722313" y="3503613"/><a:ext cx="1411287" cy="307975"/></a:xfrm><a:prstGeom prst="rect"><a:avLst/></a:prstGeom><a:noFill/></p:spPr><p:txBody><a:bodyPr><a:spAutoFit/></a:bodyPr><a:lstStyle/><a:p><a:pPr defTabSz="914400"><a:defRPr/></a:pPr><a:r><a:rPr lang="en-US" sz="1400" kern="0" dirty="0"><a:solidFill><a:srgbClr val="000000"/></a:solidFill><a:ea typeface="ＭＳ Ｐゴシック" charset="0"/><a:cs typeface="Arial"/></a:rPr><a:t>Upscale</a:t></a:r></a:p></p:txBody></p:sp><p:sp><p:nvSpPr><p:cNvPr id="71" name="TextBox 70"/><p:cNvSpPr txBox="1"/><p:nvPr/></p:nvSpPr><p:spPr><a:xfrm><a:off x="722313" y="4014788"/><a:ext cx="1706562" cy="307975"/></a:xfrm><a:prstGeom prst="rect"><a:avLst/></a:prstGeom><a:noFill/></p:spPr><p:txBody><a:bodyPr><a:spAutoFit/></a:bodyPr><a:lstStyle/><a:p><a:pPr defTabSz="914400"><a:defRPr/></a:pPr><a:r><a:rPr lang="en-US" sz="1400" kern="0" dirty="0"><a:solidFill><a:srgbClr val="000000"/></a:solidFill><a:ea typeface="ＭＳ Ｐゴシック" charset="0"/><a:cs typeface="Arial"/></a:rPr><a:t>Midscale</a:t></a:r></a:p></p:txBody></p:sp><p:sp><p:nvSpPr><p:cNvPr id="72" name="TextBox 71"/><p:cNvSpPr txBox="1"/><p:nvPr/></p:nvSpPr><p:spPr><a:xfrm><a:off x="722313" y="4535488"/><a:ext cx="1544637" cy="307975"/></a:xfrm><a:prstGeom prst="rect"><a:avLst/></a:prstGeom><a:noFill/></p:spPr><p:txBody><a:bodyPr><a:spAutoFit/></a:bodyPr><a:lstStyle/><a:p><a:pPr defTabSz="914400"><a:defRPr/></a:pPr><a:r><a:rPr lang="en-US" sz="1400" kern="0" dirty="0"><a:solidFill><a:srgbClr val="000000"/></a:solidFill><a:ea typeface="ＭＳ Ｐゴシック" charset="0"/><a:cs typeface="Arial"/></a:rPr><a:t>Economy</a:t></a:r></a:p></p:txBody></p:sp><p:cxnSp><p:nvCxnSpPr><p:cNvPr id="60426" name="Straight Connector 73"/><p:cNvCxnSpPr><a:cxnSpLocks noChangeShapeType="1"/></p:cNvCxnSpPr><p:nvPr/></p:nvCxnSpPr><p:spPr bwMode="auto"><a:xfrm><a:off x="815975" y="3379788"/><a:ext cx="7532688" cy="0"/></a:xfrm><a:prstGeom prst="line"><a:avLst/></a:prstGeom><a:noFill/><a:ln w="3175"><a:solidFill><a:srgbClr val="4F4F4F"/></a:solidFill><a:round/><a:headEnd/><a:tailEnd/></a:ln><a:extLst><a:ext uri="{909E8E84-426E-40DD-AFC4-6F175D3DCCD1}"><a14:hiddenFill xmlns:a14="http://schemas.microsoft.com/office/drawing/2010/main"><a:noFill/></a14:hiddenFill></a:ext></a:extLst></p:spPr></p:cxnSp><p:cxnSp><p:nvCxnSpPr><p:cNvPr id="60427" name="Straight Connector 74"/><p:cNvCxnSpPr><a:cxnSpLocks noChangeShapeType="1"/></p:cNvCxnSpPr><p:nvPr/></p:nvCxnSpPr><p:spPr bwMode="auto"><a:xfrm><a:off x="815975" y="3902075"/><a:ext cx="7532688" cy="0"/></a:xfrm><a:prstGeom prst="line"><a:avLst/></a:prstGeom><a:noFill/><a:ln w="3175"><a:solidFill><a:srgbClr val="4F4F4F"/></a:solidFill><a:round/><a:headEnd/><a:tailEnd/></a:ln><a:extLst><a:ext uri="{909E8E84-426E-40DD-AFC4-6F175D3DCCD1}"><a14:hiddenFill xmlns:a14="http://schemas.microsoft.com/office/drawing/2010/main"><a:noFill/></a14:hiddenFill></a:ext></a:extLst></p:spPr></p:cxnSp><p:cxnSp><p:nvCxnSpPr><p:cNvPr id="60428" name="Straight Connector 75"/><p:cNvCxnSpPr><a:cxnSpLocks noChangeShapeType="1"/></p:cNvCxnSpPr><p:nvPr/></p:nvCxnSpPr><p:spPr bwMode="auto"><a:xfrm><a:off x="815975" y="4422775"/><a:ext cx="7532688" cy="0"/></a:xfrm><a:prstGeom prst="line"><a:avLst/></a:prstGeom><a:noFill/><a:ln w="3175"><a:solidFill><a:srgbClr val="4F4F4F"/></a:solidFill><a:round/><a:headEnd/><a:tailEnd/></a:ln><a:extLst><a:ext uri="{909E8E84-426E-40DD-AFC4-6F175D3DCCD1}"><a14:hiddenFill xmlns:a14="http://schemas.microsoft.com/office/drawing/2010/main"><a:noFill/></a14:hiddenFill></a:ext></a:extLst></p:spPr></p:cxnSp><p:cxnSp><p:nvCxnSpPr><p:cNvPr id="74764" name="Straight Connector 76"/><p:cNvCxnSpPr><a:cxnSpLocks noChangeShapeType="1"/></p:cNvCxnSpPr><p:nvPr/></p:nvCxnSpPr><p:spPr bwMode="auto"><a:xfrm><a:off x="815975" y="4943475"/><a:ext cx="7532688" cy="0"/></a:xfrm><a:prstGeom prst="line"><a:avLst/></a:prstGeom><a:noFill/><a:ln w="3175"><a:solidFill><a:schemeClr val="accent3"/></a:solidFill><a:round/><a:headEnd/><a:tailEnd type="arrow" w="med" len="med"/></a:ln><a:extLst><a:ext uri="{909E8E84-426E-40dd-AFC4-6F175D3DCCD1}"/></a:extLst></p:spPr></p:cxnSp><p:cxnSp><p:nvCxnSpPr><p:cNvPr id="60430" name="Straight Connector 77"/><p:cNvCxnSpPr><a:cxnSpLocks noChangeShapeType="1"/></p:cNvCxnSpPr><p:nvPr/></p:nvCxnSpPr><p:spPr bwMode="auto"><a:xfrm><a:off x="815975" y="2859088"/><a:ext cx="7532688" cy="0"/></a:xfrm><a:prstGeom prst="line"><a:avLst/></a:prstGeom><a:noFill/><a:ln w="3175"><a:solidFill><a:srgbClr val="4F4F4F"/></a:solidFill><a:round/><a:headEnd/><a:tailEnd/></a:ln><a:extLst><a:ext uri="{909E8E84-426E-40DD-AFC4-6F175D3DCCD1}"><a14:hiddenFill xmlns:a14="http://schemas.microsoft.com/office/drawing/2010/main"><a:noFill/></a14:hiddenFill></a:ext></a:extLst></p:spPr></p:cxnSp><p:grpSp><p:nvGrpSpPr><p:cNvPr id="60431" name="Group 78"/><p:cNvGrpSpPr><a:grpSpLocks/></p:cNvGrpSpPr><p:nvPr/></p:nvGrpSpPr><p:grpSpPr bwMode="auto"><a:xfrm><a:off x="3608388" y="2317750"/><a:ext cx="1035050" cy="3175000"/><a:chOff x="20207160" y="2508294"/><a:chExt cx="2823655" cy="6373579"/></a:xfrm></p:grpSpPr><p:cxnSp><p:nvCxnSpPr><p:cNvPr id="60443" name="Straight Connector 91"/><p:cNvCxnSpPr><a:cxnSpLocks noChangeShapeType="1"/></p:cNvCxnSpPr><p:nvPr/></p:nvCxnSpPr><p:spPr bwMode="auto"><a:xfrm><a:off x="20207160" y="2508294"/><a:ext cx="0" cy="6373579"/></a:xfrm><a:prstGeom prst="line"><a:avLst/></a:prstGeom><a:noFill/><a:ln w="3175"><a:solidFill><a:srgbClr val="4F4F4F"/></a:solidFill><a:round/><a:headEnd/><a:tailEnd/></a:ln><a:extLst><a:ext uri="{909E8E84-426E-40DD-AFC4-6F175D3DCCD1}"><a14:hiddenFill xmlns:a14="http://schemas.microsoft.com/office/drawing/2010/main"><a:noFill/></a14:hiddenFill></a:ext></a:extLst></p:spPr></p:cxnSp><p:cxnSp><p:nvCxnSpPr><p:cNvPr id="60444" name="Straight Connector 92"/><p:cNvCxnSpPr><a:cxnSpLocks noChangeShapeType="1"/></p:cNvCxnSpPr><p:nvPr/></p:nvCxnSpPr><p:spPr bwMode="auto"><a:xfrm><a:off x="23030815" y="2508294"/><a:ext cx="0" cy="6373579"/></a:xfrm><a:prstGeom prst="line"><a:avLst/></a:prstGeom><a:noFill/><a:ln w="3175"><a:solidFill><a:srgbClr val="4F4F4F"/></a:solidFill><a:round/><a:headEnd/><a:tailEnd/></a:ln><a:extLst><a:ext uri="{909E8E84-426E-40DD-AFC4-6F175D3DCCD1}"><a14:hiddenFill xmlns:a14="http://schemas.microsoft.com/office/drawing/2010/main"><a:noFill/></a14:hiddenFill></a:ext></a:extLst></p:spPr></p:cxnSp></p:grpSp><p:sp><p:nvSpPr><p:cNvPr id="80" name="TextBox 79"/><p:cNvSpPr txBox="1"/><p:nvPr/></p:nvSpPr><p:spPr><a:xfrm><a:off x="3433763" y="4995863"/><a:ext cx="1363662" cy="522287"/></a:xfrm><a:prstGeom prst="rect"><a:avLst/></a:prstGeom><a:noFill/></p:spPr><p:txBody><a:bodyPr><a:spAutoFit/></a:bodyPr><a:lstStyle/><a:p><a:pPr algn="ctr" defTabSz="914400"><a:defRPr/></a:pPr><a:r><a:rPr lang="en-US" sz="1400" kern="0" dirty="0"><a:solidFill><a:srgbClr val="000000"/></a:solidFill><a:ea typeface="ＭＳ Ｐゴシック" charset="0"/><a:cs typeface="Arial"/></a:rPr><a:t>Select</a:t></a:r></a:p><a:p><a:pPr algn="ctr" defTabSz="914400"><a:defRPr/></a:pPr><a:r><a:rPr lang="en-US" sz="1400" kern="0" dirty="0"><a:solidFill><a:srgbClr val="000000"/></a:solidFill><a:ea typeface="ＭＳ Ｐゴシック" charset="0"/><a:cs typeface="Arial"/></a:rPr><a:t>Service</a:t></a:r></a:p></p:txBody></p:sp><p:sp><p:nvSpPr><p:cNvPr id="81" name="TextBox 80"/><p:cNvSpPr txBox="1"/><p:nvPr/></p:nvSpPr><p:spPr><a:xfrm><a:off x="4694238" y="5076825"/><a:ext cx="3157537" cy="306388"/></a:xfrm><a:prstGeom prst="rect"><a:avLst/></a:prstGeom><a:noFill/></p:spPr><p:txBody><a:bodyPr><a:spAutoFit/></a:bodyPr><a:lstStyle/><a:p><a:pPr defTabSz="914400"><a:defRPr/></a:pPr><a:r><a:rPr lang="en-US" sz="1400" kern="0" dirty="0"><a:solidFill><a:srgbClr val="000000"/></a:solidFill><a:ea typeface="ＭＳ Ｐゴシック" charset="0"/><a:cs typeface="Arial"/></a:rPr><a:t>Full service</a:t></a:r></a:p></p:txBody></p:sp><p:pic><p:nvPicPr><p:cNvPr id="60434" name="Picture 12" descr="CARREZ – Q_RADBLU_RAD_RADRED_PP_PI_CIS_CMYK.eps"/><p:cNvPicPr><a:picLocks noChangeAspect="1"/></p:cNvPicPr><p:nvPr/></p:nvPicPr><p:blipFill><a:blip r:embed="rId2"><a:extLst><a:ext uri="{28A0092B-C50C-407E-A947-70E740481C1C}"><a14:useLocalDpi xmlns:a14="http://schemas.microsoft.com/office/drawing/2010/main" val="0"/></a:ext></a:extLst></a:blip><a:srcRect l="15022" t="23820" r="71088" b="24072"/><a:stretch><a:fillRect/></a:stretch></p:blipFill><p:spPr bwMode="auto"><a:xfrm><a:off x="7262813" y="2427288"/><a:ext cx="1162050" cy="406400"/></a:xfrm><a:prstGeom prst="rect"><a:avLst/></a:prstGeom><a:noFill/><a:ln><a:noFill/></a:ln><a:extLst><a:ext uri="{909E8E84-426E-40DD-AFC4-6F175D3DCCD1}"><a14:hiddenFill xmlns:a14="http://schemas.microsoft.com/office/drawing/2010/main"><a:solidFill><a:srgbClr val="FFFFFF"/></a:solidFill></a14:hiddenFill></a:ext><a:ext uri="{91240B29-F687-4F45-9708-019B960494DF}"><a14:hiddenLine xmlns:a14="http://schemas.microsoft.com/office/drawing/2010/main" w="9525"><a:solidFill><a:srgbClr val="000000"/></a:solidFill><a:miter lim="800000"/><a:headEnd/><a:tailEnd/></a14:hiddenLine></a:ext></a:extLst></p:spPr></p:pic><p:pic><p:nvPicPr><p:cNvPr id="60435" name="Picture 104" descr="CARREZ – Q_RADBLU_RAD_RADRED_PP_PI_CIS_CMYK.eps"/><p:cNvPicPr><a:picLocks noChangeAspect="1"/></p:cNvPicPr><p:nvPr/></p:nvPicPr><p:blipFill><a:blip r:embed="rId2"><a:extLst><a:ext uri="{28A0092B-C50C-407E-A947-70E740481C1C}"><a14:useLocalDpi xmlns:a14="http://schemas.microsoft.com/office/drawing/2010/main" val="0"/></a:ext></a:extLst></a:blip><a:srcRect l="29137" t="23820" r="56973" b="24072"/><a:stretch><a:fillRect/></a:stretch></p:blipFill><p:spPr bwMode="auto"><a:xfrm><a:off x="6259513" y="2903538"/><a:ext cx="1163637" cy="407987"/></a:xfrm><a:prstGeom prst="rect"><a:avLst/></a:prstGeom><a:noFill/><a:ln><a:noFill/></a:ln><a:extLst><a:ext uri="{909E8E84-426E-40DD-AFC4-6F175D3DCCD1}"><a14:hiddenFill xmlns:a14="http://schemas.microsoft.com/office/drawing/2010/main"><a:solidFill><a:srgbClr val="FFFFFF"/></a:solidFill></a14:hiddenFill></a:ext><a:ext uri="{91240B29-F687-4F45-9708-019B960494DF}"><a14:hiddenLine xmlns:a14="http://schemas.microsoft.com/office/drawing/2010/main" w="9525"><a:solidFill><a:srgbClr val="000000"/></a:solidFill><a:miter lim="800000"/><a:headEnd/><a:tailEnd/></a14:hiddenLine></a:ext></a:extLst></p:spPr></p:pic><p:pic><p:nvPicPr><p:cNvPr id="60436" name="Picture 105" descr="CARREZ – Q_RADBLU_RAD_RADRED_PP_PI_CIS_CMYK.eps"/><p:cNvPicPr><a:picLocks noChangeAspect="1"/></p:cNvPicPr><p:nvPr/></p:nvPicPr><p:blipFill><a:blip r:embed="rId2"><a:extLst><a:ext uri="{28A0092B-C50C-407E-A947-70E740481C1C}"><a14:useLocalDpi xmlns:a14="http://schemas.microsoft.com/office/drawing/2010/main" val="0"/></a:ext></a:extLst></a:blip><a:srcRect l="42590" t="27927" r="45464" b="24432"/><a:stretch><a:fillRect/></a:stretch></p:blipFill><p:spPr bwMode="auto"><a:xfrm><a:off x="5472113" y="3486150"/><a:ext cx="998537" cy="371475"/></a:xfrm><a:prstGeom prst="rect"><a:avLst/></a:prstGeom><a:noFill/><a:ln><a:noFill/></a:ln><a:extLst><a:ext uri="{909E8E84-426E-40DD-AFC4-6F175D3DCCD1}"><a14:hiddenFill xmlns:a14="http://schemas.microsoft.com/office/drawing/2010/main"><a:solidFill><a:srgbClr val="FFFFFF"/></a:solidFill></a14:hiddenFill></a:ext><a:ext uri="{91240B29-F687-4F45-9708-019B960494DF}"><a14:hiddenLine xmlns:a14="http://schemas.microsoft.com/office/drawing/2010/main" w="9525"><a:solidFill><a:srgbClr val="000000"/></a:solidFill><a:miter lim="800000"/><a:headEnd/><a:tailEnd/></a14:hiddenLine></a:ext></a:extLst></p:spPr></p:pic><p:pic><p:nvPicPr><p:cNvPr id="60437" name="Picture 106" descr="CARREZ – Q_RADBLU_RAD_RADRED_PP_PI_CIS_CMYK.eps"/><p:cNvPicPr><a:picLocks noChangeAspect="1"/></p:cNvPicPr><p:nvPr/></p:nvPicPr><p:blipFill><a:blip r:embed="rId2"><a:extLst><a:ext uri="{28A0092B-C50C-407E-A947-70E740481C1C}"><a14:useLocalDpi xmlns:a14="http://schemas.microsoft.com/office/drawing/2010/main" val="0"/></a:ext></a:extLst></a:blip><a:srcRect l="54610" t="27927" r="32825" b="22841"/><a:stretch><a:fillRect/></a:stretch></p:blipFill><p:spPr bwMode="auto"><a:xfrm><a:off x="3605213" y="3490913"/><a:ext cx="973137" cy="355600"/></a:xfrm><a:prstGeom prst="rect"><a:avLst/></a:prstGeom><a:noFill/><a:ln><a:noFill/></a:ln><a:extLst><a:ext uri="{909E8E84-426E-40DD-AFC4-6F175D3DCCD1}"><a14:hiddenFill xmlns:a14="http://schemas.microsoft.com/office/drawing/2010/main"><a:solidFill><a:srgbClr val="FFFFFF"/></a:solidFill></a14:hiddenFill></a:ext><a:ext uri="{91240B29-F687-4F45-9708-019B960494DF}"><a14:hiddenLine xmlns:a14="http://schemas.microsoft.com/office/drawing/2010/main" w="9525"><a:solidFill><a:srgbClr val="000000"/></a:solidFill><a:miter lim="800000"/><a:headEnd/><a:tailEnd/></a14:hiddenLine></a:ext></a:extLst></p:spPr></p:pic><p:pic><p:nvPicPr><p:cNvPr id="60438" name="Picture 107" descr="CARREZ – Q_RADBLU_RAD_RADRED_PP_PI_CIS_CMYK.eps"/><p:cNvPicPr><a:picLocks noChangeAspect="1"/></p:cNvPicPr><p:nvPr/></p:nvPicPr><p:blipFill><a:blip r:embed="rId2"><a:extLst><a:ext uri="{28A0092B-C50C-407E-A947-70E740481C1C}"><a14:useLocalDpi xmlns:a14="http://schemas.microsoft.com/office/drawing/2010/main" val="0"/></a:ext></a:extLst></a:blip><a:srcRect l="67036" t="13588" r="21017" b="24432"/><a:stretch><a:fillRect/></a:stretch></p:blipFill><p:spPr bwMode="auto"><a:xfrm><a:off x="4630738" y="3394075"/><a:ext cx="998537" cy="484188"/></a:xfrm><a:prstGeom prst="rect"><a:avLst/></a:prstGeom><a:noFill/><a:ln><a:noFill/></a:ln><a:extLst><a:ext uri="{909E8E84-426E-40DD-AFC4-6F175D3DCCD1}"><a14:hiddenFill xmlns:a14="http://schemas.microsoft.com/office/drawing/2010/main"><a:solidFill><a:srgbClr val="FFFFFF"/></a:solidFill></a14:hiddenFill></a:ext><a:ext uri="{91240B29-F687-4F45-9708-019B960494DF}"><a14:hiddenLine xmlns:a14="http://schemas.microsoft.com/office/drawing/2010/main" w="9525"><a:solidFill><a:srgbClr val="000000"/></a:solidFill><a:miter lim="800000"/><a:headEnd/><a:tailEnd/></a14:hiddenLine></a:ext></a:extLst></p:spPr></p:pic><p:pic><p:nvPicPr><p:cNvPr id="60439" name="Picture 108" descr="CARREZ – Q_RADBLU_RAD_RADRED_PP_PI_CIS_CMYK.eps"/><p:cNvPicPr><a:picLocks noChangeAspect="1"/></p:cNvPicPr><p:nvPr/></p:nvPicPr><p:blipFill><a:blip r:embed="rId2"><a:extLst><a:ext uri="{28A0092B-C50C-407E-A947-70E740481C1C}"><a14:useLocalDpi xmlns:a14="http://schemas.microsoft.com/office/drawing/2010/main" val="0"/></a:ext></a:extLst></a:blip><a:srcRect l="77454" t="27927" r="10600" b="24432"/><a:stretch><a:fillRect/></a:stretch></p:blipFill><p:spPr bwMode="auto"><a:xfrm><a:off x="4616450" y="3975100"/><a:ext cx="1000125" cy="371475"/></a:xfrm><a:prstGeom prst="rect"><a:avLst/></a:prstGeom><a:noFill/><a:ln><a:noFill/></a:ln><a:extLst><a:ext uri="{909E8E84-426E-40DD-AFC4-6F175D3DCCD1}"><a14:hiddenFill xmlns:a14="http://schemas.microsoft.com/office/drawing/2010/main"><a:solidFill><a:srgbClr val="FFFFFF"/></a:solidFill></a14:hiddenFill></a:ext><a:ext uri="{91240B29-F687-4F45-9708-019B960494DF}"><a14:hiddenLine xmlns:a14="http://schemas.microsoft.com/office/drawing/2010/main" w="9525"><a:solidFill><a:srgbClr val="000000"/></a:solidFill><a:miter lim="800000"/><a:headEnd/><a:tailEnd/></a14:hiddenLine></a:ext></a:extLst></p:spPr></p:pic><p:pic><p:nvPicPr><p:cNvPr id="60440" name="Picture 109" descr="CARREZ – Q_RADBLU_RAD_RADRED_PP_PI_CIS_CMYK.eps"/><p:cNvPicPr><a:picLocks noChangeAspect="1"/></p:cNvPicPr><p:nvPr/></p:nvPicPr><p:blipFill><a:blip r:embed="rId2"><a:extLst><a:ext uri="{28A0092B-C50C-407E-A947-70E740481C1C}"><a14:useLocalDpi xmlns:a14="http://schemas.microsoft.com/office/drawing/2010/main" val="0"/></a:ext></a:extLst></a:blip><a:srcRect l="88705" t="13992" r="-650" b="19455"/><a:stretch><a:fillRect/></a:stretch></p:blipFill><p:spPr bwMode="auto"><a:xfrm><a:off x="2528888" y="3903663"/><a:ext cx="998537" cy="519112"/></a:xfrm><a:prstGeom prst="rect"><a:avLst/></a:prstGeom><a:noFill/><a:ln><a:noFill/></a:ln><a:extLst><a:ext uri="{909E8E84-426E-40DD-AFC4-6F175D3DCCD1}"><a14:hiddenFill xmlns:a14="http://schemas.microsoft.com/office/drawing/2010/main"><a:solidFill><a:srgbClr val="FFFFFF"/></a:solidFill></a14:hiddenFill></a:ext><a:ext uri="{91240B29-F687-4F45-9708-019B960494DF}"><a14:hiddenLine xmlns:a14="http://schemas.microsoft.com/office/drawing/2010/main" w="9525"><a:solidFill><a:srgbClr val="000000"/></a:solidFill><a:miter lim="800000"/><a:headEnd/><a:tailEnd/></a14:hiddenLine></a:ext></a:extLst></p:spPr></p:pic><p:sp><p:nvSpPr><p:cNvPr id="60441" name="Rectangle 2"/><p:cNvSpPr txBox="1"><a:spLocks noChangeArrowheads="1"/></p:cNvSpPr><p:nvPr/></p:nvSpPr><p:spPr bwMode="auto"><a:xfrm><a:off x="722313" y="625475"/><a:ext cx="4211637" cy="1143000"/></a:xfrm><a:prstGeom prst="rect"><a:avLst/></a:prstGeom><a:noFill/><a:ln><a:noFill/></a:ln><a:extLst><a:ext uri="{909E8E84-426E-40DD-AFC4-6F175D3DCCD1}"><a14:hiddenFill xmlns:a14="http://schemas.microsoft.com/office/drawing/2010/main"><a:solidFill><a:srgbClr val="FFFFFF"/></a:solidFill></a14:hiddenFill></a:ext><a:ext uri="{91240B29-F687-4F45-9708-019B960494DF}"><a14:hiddenLine xmlns:a14="http://schemas.microsoft.com/office/drawing/2010/main" w="9525"><a:solidFill><a:srgbClr val="000000"/></a:solidFill><a:miter lim="800000"/><a:headEnd/><a:tailEnd/></a14:hiddenLine></a:ext></a:extLst></p:spPr><p:txBody><a:bodyPr lIns="89506" tIns="44740" rIns="89506" bIns="44740" anchor="ctr"/><a:lstStyle><a:lvl1pPr><a:defRPr><a:solidFill><a:schemeClr val="tx1"/></a:solidFill><a:latin typeface="Arial" panose="020B0604020202020204" pitchFamily="34" charset="0"/><a:ea typeface="ＭＳ Ｐゴシック" panose="020B0600070205080204" pitchFamily="34" charset="-128"/></a:defRPr></a:lvl1pPr><a:lvl2pPr marL="742950" indent="-285750"><a:defRPr><a:solidFill><a:schemeClr val="tx1"/></a:solidFill><a:latin typeface="Arial" panose="020B0604020202020204" pitchFamily="34" charset="0"/><a:ea typeface="ＭＳ Ｐゴシック" panose="020B0600070205080204" pitchFamily="34" charset="-128"/></a:defRPr></a:lvl2pPr><a:lvl3pPr marL="1143000" indent="-228600"><a:defRPr><a:solidFill><a:schemeClr val="tx1"/></a:solidFill><a:latin typeface="Arial" panose="020B0604020202020204" pitchFamily="34" charset="0"/><a:ea typeface="ＭＳ Ｐゴシック" panose="020B0600070205080204" pitchFamily="34" charset="-128"/></a:defRPr></a:lvl3pPr><a:lvl4pPr marL="1600200" indent="-228600"><a:defRPr><a:solidFill><a:schemeClr val="tx1"/></a:solidFill><a:latin typeface="Arial" panose="020B0604020202020204" pitchFamily="34" charset="0"/><a:ea typeface="ＭＳ Ｐゴシック" panose="020B0600070205080204" pitchFamily="34" charset="-128"/></a:defRPr></a:lvl4pPr><a:lvl5pPr marL="2057400" indent="-228600"><a:defRPr><a:solidFill><a:schemeClr val="tx1"/></a:solidFill><a:latin typeface="Arial" panose="020B0604020202020204" pitchFamily="34" charset="0"/><a:ea typeface="ＭＳ Ｐゴシック" panose="020B0600070205080204" pitchFamily="34" charset="-128"/></a:defRPr></a:lvl5pPr><a:lvl6pPr marL="2514600" indent="-228600" eaLnBrk="0" fontAlgn="base" hangingPunct="0"><a:spcBef><a:spcPct val="0"/></a:spcBef><a:spcAft><a:spcPct val="0"/></a:spcAft><a:defRPr><a:solidFill><a:schemeClr val="tx1"/></a:solidFill><a:latin typeface="Arial" panose="020B0604020202020204" pitchFamily="34" charset="0"/><a:ea typeface="ＭＳ Ｐゴシック" panose="020B0600070205080204" pitchFamily="34" charset="-128"/></a:defRPr></a:lvl6pPr><a:lvl7pPr marL="2971800" indent="-228600" eaLnBrk="0" fontAlgn="base" hangingPunct="0"><a:spcBef><a:spcPct val="0"/></a:spcBef><a:spcAft><a:spcPct val="0"/></a:spcAft><a:defRPr><a:solidFill><a:schemeClr val="tx1"/></a:solidFill><a:latin typeface="Arial" panose="020B0604020202020204" pitchFamily="34" charset="0"/><a:ea typeface="ＭＳ Ｐゴシック" panose="020B0600070205080204" pitchFamily="34" charset="-128"/></a:defRPr></a:lvl7pPr><a:lvl8pPr marL="3429000" indent="-228600" eaLnBrk="0" fontAlgn="base" hangingPunct="0"><a:spcBef><a:spcPct val="0"/></a:spcBef><a:spcAft><a:spcPct val="0"/></a:spcAft><a:defRPr><a:solidFill><a:schemeClr val="tx1"/></a:solidFill><a:latin typeface="Arial" panose="020B0604020202020204" pitchFamily="34" charset="0"/><a:ea typeface="ＭＳ Ｐゴシック" panose="020B0600070205080204" pitchFamily="34" charset="-128"/></a:defRPr></a:lvl8pPr><a:lvl9pPr marL="3886200" indent="-228600" eaLnBrk="0" fontAlgn="base" hangingPunct="0"><a:spcBef><a:spcPct val="0"/></a:spcBef><a:spcAft><a:spcPct val="0"/></a:spcAft><a:defRPr><a:solidFill><a:schemeClr val="tx1"/></a:solidFill><a:latin typeface="Arial" panose="020B0604020202020204" pitchFamily="34" charset="0"/><a:ea typeface="ＭＳ Ｐゴシック" panose="020B0600070205080204" pitchFamily="34" charset="-128"/></a:defRPr></a:lvl9pPr></a:lstStyle><a:p><a:pPr defTabSz="914400" fontAlgn="base"><a:spcBef><a:spcPct val="0"/></a:spcBef><a:spcAft><a:spcPct val="0"/></a:spcAft></a:pPr><a:r><a:rPr lang="nl-BE" altLang="en-US" sz="3000" b="1" smtClean="0"><a:solidFill><a:srgbClr val="000000"/></a:solidFill></a:rPr><a:t>the family of brands</a:t></a:r><a:endParaRPr lang="en-US" altLang="en-US" sz="3000" b="1" smtClean="0"><a:solidFill><a:srgbClr val="000000"/></a:solidFill></a:endParaRPr></a:p></p:txBody></p:sp><p:sp><p:nvSpPr><p:cNvPr id="60442" name="Rectangle 2"/><p:cNvSpPr txBox="1"><a:spLocks noChangeArrowheads="1"/></p:cNvSpPr><p:nvPr/></p:nvSpPr><p:spPr bwMode="auto"><a:xfrm><a:off x="722313" y="287338"/><a:ext cx="3455987" cy="360362"/></a:xfrm><a:prstGeom prst="rect"><a:avLst/></a:prstGeom><a:noFill/><a:ln><a:noFill/></a:ln><a:extLst><a:ext uri="{909E8E84-426E-40DD-AFC4-6F175D3DCCD1}"><a14:hiddenFill xmlns:a14="http://schemas.microsoft.com/office/drawing/2010/main"><a:solidFill><a:srgbClr val="FFFFFF"/></a:solidFill></a14:hiddenFill></a:ext><a:ext uri="{91240B29-F687-4F45-9708-019B960494DF}"><a14:hiddenLine xmlns:a14="http://schemas.microsoft.com/office/drawing/2010/main" w="9525"><a:solidFill><a:srgbClr val="000000"/></a:solidFill><a:miter lim="800000"/><a:headEnd/><a:tailEnd/></a14:hiddenLine></a:ext></a:extLst></p:spPr><p:txBody><a:bodyPr lIns="89506" tIns="44740" rIns="89506" bIns="44740" anchor="ctr"/><a:lstStyle><a:lvl1pPr><a:defRPr><a:solidFill><a:schemeClr val="tx1"/></a:solidFill><a:latin typeface="Arial" panose="020B0604020202020204" pitchFamily="34" charset="0"/><a:ea typeface="ＭＳ Ｐゴシック" panose="020B0600070205080204" pitchFamily="34" charset="-128"/></a:defRPr></a:lvl1pPr><a:lvl2pPr marL="742950" indent="-285750"><a:defRPr><a:solidFill><a:schemeClr val="tx1"/></a:solidFill><a:latin typeface="Arial" panose="020B0604020202020204" pitchFamily="34" charset="0"/><a:ea typeface="ＭＳ Ｐゴシック" panose="020B0600070205080204" pitchFamily="34" charset="-128"/></a:defRPr></a:lvl2pPr><a:lvl3pPr marL="1143000" indent="-228600"><a:defRPr><a:solidFill><a:schemeClr val="tx1"/></a:solidFill><a:latin typeface="Arial" panose="020B0604020202020204" pitchFamily="34" charset="0"/><a:ea typeface="ＭＳ Ｐゴシック" panose="020B0600070205080204" pitchFamily="34" charset="-128"/></a:defRPr></a:lvl3pPr><a:lvl4pPr marL="1600200" indent="-228600"><a:defRPr><a:solidFill><a:schemeClr val="tx1"/></a:solidFill><a:latin typeface="Arial" panose="020B0604020202020204" pitchFamily="34" charset="0"/><a:ea typeface="ＭＳ Ｐゴシック" panose="020B0600070205080204" pitchFamily="34" charset="-128"/></a:defRPr></a:lvl4pPr><a:lvl5pPr marL="2057400" indent="-228600"><a:defRPr><a:solidFill><a:schemeClr val="tx1"/></a:solidFill><a:latin typeface="Arial" panose="020B0604020202020204" pitchFamily="34" charset="0"/><a:ea typeface="ＭＳ Ｐゴシック" panose="020B0600070205080204" pitchFamily="34" charset="-128"/></a:defRPr></a:lvl5pPr><a:lvl6pPr marL="2514600" indent="-228600" eaLnBrk="0" fontAlgn="base" hangingPunct="0"><a:spcBef><a:spcPct val="0"/></a:spcBef><a:spcAft><a:spcPct val="0"/></a:spcAft><a:defRPr><a:solidFill><a:schemeClr val="tx1"/></a:solidFill><a:latin typeface="Arial" panose="020B0604020202020204" pitchFamily="34" charset="0"/><a:ea typeface="ＭＳ Ｐゴシック" panose="020B0600070205080204" pitchFamily="34" charset="-128"/></a:defRPr></a:lvl6pPr><a:lvl7pPr marL="2971800" indent="-228600" eaLnBrk="0" fontAlgn="base" hangingPunct="0"><a:spcBef><a:spcPct val="0"/></a:spcBef><a:spcAft><a:spcPct val="0"/></a:spcAft><a:defRPr><a:solidFill><a:schemeClr val="tx1"/></a:solidFill><a:latin typeface="Arial" panose="020B0604020202020204" pitchFamily="34" charset="0"/><a:ea typeface="ＭＳ Ｐゴシック" panose="020B0600070205080204" pitchFamily="34" charset="-128"/></a:defRPr></a:lvl7pPr><a:lvl8pPr marL="3429000" indent="-228600" eaLnBrk="0" fontAlgn="base" hangingPunct="0"><a:spcBef><a:spcPct val="0"/></a:spcBef><a:spcAft><a:spcPct val="0"/></a:spcAft><a:defRPr><a:solidFill><a:schemeClr val="tx1"/></a:solidFill><a:latin typeface="Arial" panose="020B0604020202020204" pitchFamily="34" charset="0"/><a:ea typeface="ＭＳ Ｐゴシック" panose="020B0600070205080204" pitchFamily="34" charset="-128"/></a:defRPr></a:lvl8pPr><a:lvl9pPr marL="3886200" indent="-228600" eaLnBrk="0" fontAlgn="base" hangingPunct="0"><a:spcBef><a:spcPct val="0"/></a:spcBef><a:spcAft><a:spcPct val="0"/></a:spcAft><a:defRPr><a:solidFill><a:schemeClr val="tx1"/></a:solidFill><a:latin typeface="Arial" panose="020B0604020202020204" pitchFamily="34" charset="0"/><a:ea typeface="ＭＳ Ｐゴシック" panose="020B0600070205080204" pitchFamily="34" charset="-128"/></a:defRPr></a:lvl9pPr></a:lstStyle><a:p><a:pPr defTabSz="914400" fontAlgn="base"><a:spcBef><a:spcPct val="0"/></a:spcBef><a:spcAft><a:spcPct val="0"/></a:spcAft></a:pPr><a:r><a:rPr lang="nl-BE" altLang="en-US" sz="1400" b="1" smtClean="0"><a:solidFill><a:srgbClr val="5C2D91"/></a:solidFill></a:rPr><a:t>The Brand</a:t></a:r><a:endParaRPr lang="en-US" altLang="en-US" sz="1400" b="1" smtClean="0"><a:solidFill><a:srgbClr val="5C2D91"/></a:solidFill></a:endParaRPr></a:p></p:txBody></p:sp></p:spTree><p:extLst><p:ext uri="{BB962C8B-B14F-4D97-AF65-F5344CB8AC3E}"><p14:creationId xmlns:p14="http://schemas.microsoft.com/office/powerpoint/2010/main" val="3079989910"/></p:ext></p:extLst></p:cSld><p:clrMapOvr><a:masterClrMapping/></p:clrMapOvr><p:transition spd="slow"/><p:timing><p:tnLst><p:par><p:cTn id="1" dur="indefinite" restart="never" nodeType="tmRoot"/></p:par></p:tnLst></p:timing></p:sld>