<?xml version="1.0" encoding="UTF-8" standalone="yes"?>
<p:sld xmlns:a="http://schemas.openxmlformats.org/drawingml/2006/main" xmlns:r="http://schemas.openxmlformats.org/officeDocument/2006/relationships" xmlns:p="http://schemas.openxmlformats.org/presentationml/2006/main"><p:cSld><p:spTree><p:nvGrpSpPr><p:cNvPr id="1" name=""/><p:cNvGrpSpPr/><p:nvPr/></p:nvGrpSpPr><p:grpSpPr><a:xfrm><a:off x="0" y="0"/><a:ext cx="0" cy="0"/><a:chOff x="0" y="0"/><a:chExt cx="0" cy="0"/></a:xfrm></p:grpSpPr><p:sp><p:nvSpPr><p:cNvPr id="6" name="Rectangle 5"/><p:cNvSpPr/><p:nvPr/></p:nvSpPr><p:spPr><a:xfrm><a:off x="683568" y="3869876"/><a:ext cx="4824536" cy="1440160"/></a:xfrm><a:prstGeom prst="rect"><a:avLst/></a:prstGeom><a:solidFill><a:srgbClr val="EA7C1F"/></a:solidFill><a:ln><a:noFill/></a:ln></p:spPr><p:style><a:lnRef idx="1"><a:schemeClr val="accent1"/></a:lnRef><a:fillRef idx="3"><a:schemeClr val="accent1"/></a:fillRef><a:effectRef idx="2"><a:schemeClr val="accent1"/></a:effectRef><a:fontRef idx="minor"><a:schemeClr val="lt1"/></a:fontRef></p:style><p:txBody><a:bodyPr rtlCol="0" anchor="ctr"/><a:lstStyle/><a:p><a:pPr algn="ctr" defTabSz="914400"/><a:endParaRPr lang="en-US"><a:solidFill><a:prstClr val="white"/></a:solidFill></a:endParaRPr></a:p></p:txBody></p:sp><p:sp><p:nvSpPr><p:cNvPr id="7" name="Content Placeholder 2"/><p:cNvSpPr txBox="1"><a:spLocks/></p:cNvSpPr><p:nvPr/></p:nvSpPr><p:spPr><a:xfrm><a:off x="683568" y="620688"/><a:ext cx="7560840" cy="864096"/></a:xfrm><a:prstGeom prst="rect"><a:avLst/></a:prstGeom></p:spPr><p:txBody><a:bodyPr vert="horz" lIns="91440" tIns="45720" rIns="91440" bIns="45720" rtlCol="0"><a:normAutofit/></a:bodyPr><a:lstStyle><a:lvl1pPr marL="342900" indent="-342900" algn="l" defTabSz="914400" rtl="0" eaLnBrk="1" latinLnBrk="0" hangingPunct="1"><a:lnSpc><a:spcPct val="80000"/></a:lnSpc><a:spcBef><a:spcPct val="20000"/></a:spcBef><a:buFont typeface="Arial" panose="020B0604020202020204" pitchFamily="34" charset="0"/><a:buChar char="•"/><a:defRPr sz="2000" b="0" i="0" kern="1200"><a:solidFill><a:schemeClr val="tx1"/></a:solidFill><a:latin typeface="Proxima Nova Light"/><a:ea typeface="+mn-ea"/><a:cs typeface="Proxima Nova Light"/></a:defRPr></a:lvl1pPr><a:lvl2pPr marL="742950" indent="-285750" algn="l" defTabSz="914400" rtl="0" eaLnBrk="1" latinLnBrk="0" hangingPunct="1"><a:lnSpc><a:spcPct val="80000"/></a:lnSpc><a:spcBef><a:spcPct val="20000"/></a:spcBef><a:buFont typeface="Arial" panose="020B0604020202020204" pitchFamily="34" charset="0"/><a:buChar char="–"/><a:defRPr sz="2000" b="0" i="0" kern="1200"><a:solidFill><a:schemeClr val="tx1"/></a:solidFill><a:latin typeface="Proxima Nova Light"/><a:ea typeface="+mn-ea"/><a:cs typeface="Proxima Nova Light"/></a:defRPr></a:lvl2pPr><a:lvl3pPr marL="1143000" indent="-228600" algn="l" defTabSz="914400" rtl="0" eaLnBrk="1" latinLnBrk="0" hangingPunct="1"><a:lnSpc><a:spcPct val="80000"/></a:lnSpc><a:spcBef><a:spcPct val="20000"/></a:spcBef><a:buFont typeface="Arial" panose="020B0604020202020204" pitchFamily="34" charset="0"/><a:buChar char="•"/><a:defRPr sz="2000" b="0" i="0" kern="1200"><a:solidFill><a:schemeClr val="tx1"/></a:solidFill><a:latin typeface="Proxima Nova Light"/><a:ea typeface="+mn-ea"/><a:cs typeface="Proxima Nova Light"/></a:defRPr></a:lvl3pPr><a:lvl4pPr marL="1600200" indent="-228600" algn="l" defTabSz="914400" rtl="0" eaLnBrk="1" latinLnBrk="0" hangingPunct="1"><a:lnSpc><a:spcPct val="80000"/></a:lnSpc><a:spcBef><a:spcPct val="20000"/></a:spcBef><a:buFont typeface="Arial" panose="020B0604020202020204" pitchFamily="34" charset="0"/><a:buChar char="–"/><a:defRPr sz="2000" b="0" i="0" kern="1200"><a:solidFill><a:schemeClr val="tx1"/></a:solidFill><a:latin typeface="Proxima Nova Light"/><a:ea typeface="+mn-ea"/><a:cs typeface="Proxima Nova Light"/></a:defRPr></a:lvl4pPr><a:lvl5pPr marL="2057400" indent="-228600" algn="l" defTabSz="914400" rtl="0" eaLnBrk="1" latinLnBrk="0" hangingPunct="1"><a:lnSpc><a:spcPct val="80000"/></a:lnSpc><a:spcBef><a:spcPct val="20000"/></a:spcBef><a:buFont typeface="Arial" panose="020B0604020202020204" pitchFamily="34" charset="0"/><a:buChar char="»"/><a:defRPr sz="2000" b="0" i="0" kern="1200"><a:solidFill><a:schemeClr val="tx1"/></a:solidFill><a:latin typeface="Proxima Nova Light"/><a:ea typeface="+mn-ea"/><a:cs typeface="Proxima Nova Light"/></a:defRPr></a:lvl5pPr><a:lvl6pPr marL="2514600" indent="-228600" algn="l" defTabSz="914400" rtl="0" eaLnBrk="1" latinLnBrk="0" hangingPunct="1"><a:spcBef><a:spcPct val="20000"/></a:spcBef><a:buFont typeface="Arial" panose="020B0604020202020204" pitchFamily="34" charset="0"/><a:buChar char="•"/><a:defRPr sz="2000" kern="1200"><a:solidFill><a:schemeClr val="tx1"/></a:solidFill><a:latin typeface="+mn-lt"/><a:ea typeface="+mn-ea"/><a:cs typeface="+mn-cs"/></a:defRPr></a:lvl6pPr><a:lvl7pPr marL="2971800" indent="-228600" algn="l" defTabSz="914400" rtl="0" eaLnBrk="1" latinLnBrk="0" hangingPunct="1"><a:spcBef><a:spcPct val="20000"/></a:spcBef><a:buFont typeface="Arial" panose="020B0604020202020204" pitchFamily="34" charset="0"/><a:buChar char="•"/><a:defRPr sz="2000" kern="1200"><a:solidFill><a:schemeClr val="tx1"/></a:solidFill><a:latin typeface="+mn-lt"/><a:ea typeface="+mn-ea"/><a:cs typeface="+mn-cs"/></a:defRPr></a:lvl7pPr><a:lvl8pPr marL="3429000" indent="-228600" algn="l" defTabSz="914400" rtl="0" eaLnBrk="1" latinLnBrk="0" hangingPunct="1"><a:spcBef><a:spcPct val="20000"/></a:spcBef><a:buFont typeface="Arial" panose="020B0604020202020204" pitchFamily="34" charset="0"/><a:buChar char="•"/><a:defRPr sz="2000" kern="1200"><a:solidFill><a:schemeClr val="tx1"/></a:solidFill><a:latin typeface="+mn-lt"/><a:ea typeface="+mn-ea"/><a:cs typeface="+mn-cs"/></a:defRPr></a:lvl8pPr><a:lvl9pPr marL="3886200" indent="-228600" algn="l" defTabSz="914400" rtl="0" eaLnBrk="1" latinLnBrk="0" hangingPunct="1"><a:spcBef><a:spcPct val="20000"/></a:spcBef><a:buFont typeface="Arial" panose="020B0604020202020204" pitchFamily="34" charset="0"/><a:buChar char="•"/><a:defRPr sz="2000" kern="1200"><a:solidFill><a:schemeClr val="tx1"/></a:solidFill><a:latin typeface="+mn-lt"/><a:ea typeface="+mn-ea"/><a:cs typeface="+mn-cs"/></a:defRPr></a:lvl9pPr></a:lstStyle><a:p><a:pPr><a:buFontTx/><a:buNone/></a:pPr><a:r><a:rPr lang="en-US" altLang="en-US" sz="2800" b="1" dirty="0" smtClean="0"><a:solidFill><a:prstClr val="black"/></a:solidFill><a:latin typeface="Proxima Nova Bold"/><a:cs typeface="Proxima Nova Bold"/></a:rPr><a:t>An award-winning Responsible Business</a:t></a:r><a:endParaRPr lang="en-GB" sz="2800" b="1" dirty="0"><a:solidFill><a:prstClr val="black"/></a:solidFill><a:latin typeface="Proxima Nova Bold"/><a:cs typeface="Proxima Nova Bold"/></a:endParaRPr></a:p></p:txBody></p:sp><p:sp><p:nvSpPr><p:cNvPr id="8" name="Content Placeholder 2"/><p:cNvSpPr txBox="1"><a:spLocks/></p:cNvSpPr><p:nvPr/></p:nvSpPr><p:spPr><a:xfrm><a:off x="683568" y="1412776"/><a:ext cx="3816424" cy="2304256"/></a:xfrm><a:prstGeom prst="rect"><a:avLst/></a:prstGeom></p:spPr><p:txBody><a:bodyPr vert="horz" lIns="91440" tIns="45720" rIns="91440" bIns="45720" rtlCol="0"><a:normAutofit/></a:bodyPr><a:lstStyle><a:lvl1pPr marL="342900" indent="-342900" algn="l" defTabSz="914400" rtl="0" eaLnBrk="1" latinLnBrk="0" hangingPunct="1"><a:lnSpc><a:spcPct val="80000"/></a:lnSpc><a:spcBef><a:spcPct val="20000"/></a:spcBef><a:buFont typeface="Arial" panose="020B0604020202020204" pitchFamily="34" charset="0"/><a:buChar char="•"/><a:defRPr sz="2000" b="0" i="0" kern="1200"><a:solidFill><a:schemeClr val="tx1"/></a:solidFill><a:latin typeface="Proxima Nova Light"/><a:ea typeface="+mn-ea"/><a:cs typeface="Proxima Nova Light"/></a:defRPr></a:lvl1pPr><a:lvl2pPr marL="742950" indent="-285750" algn="l" defTabSz="914400" rtl="0" eaLnBrk="1" latinLnBrk="0" hangingPunct="1"><a:lnSpc><a:spcPct val="80000"/></a:lnSpc><a:spcBef><a:spcPct val="20000"/></a:spcBef><a:buFont typeface="Arial" panose="020B0604020202020204" pitchFamily="34" charset="0"/><a:buChar char="–"/><a:defRPr sz="2000" b="0" i="0" kern="1200"><a:solidFill><a:schemeClr val="tx1"/></a:solidFill><a:latin typeface="Proxima Nova Light"/><a:ea typeface="+mn-ea"/><a:cs typeface="Proxima Nova Light"/></a:defRPr></a:lvl2pPr><a:lvl3pPr marL="1143000" indent="-228600" algn="l" defTabSz="914400" rtl="0" eaLnBrk="1" latinLnBrk="0" hangingPunct="1"><a:lnSpc><a:spcPct val="80000"/></a:lnSpc><a:spcBef><a:spcPct val="20000"/></a:spcBef><a:buFont typeface="Arial" panose="020B0604020202020204" pitchFamily="34" charset="0"/><a:buChar char="•"/><a:defRPr sz="2000" b="0" i="0" kern="1200"><a:solidFill><a:schemeClr val="tx1"/></a:solidFill><a:latin typeface="Proxima Nova Light"/><a:ea typeface="+mn-ea"/><a:cs typeface="Proxima Nova Light"/></a:defRPr></a:lvl3pPr><a:lvl4pPr marL="1600200" indent="-228600" algn="l" defTabSz="914400" rtl="0" eaLnBrk="1" latinLnBrk="0" hangingPunct="1"><a:lnSpc><a:spcPct val="80000"/></a:lnSpc><a:spcBef><a:spcPct val="20000"/></a:spcBef><a:buFont typeface="Arial" panose="020B0604020202020204" pitchFamily="34" charset="0"/><a:buChar char="–"/><a:defRPr sz="2000" b="0" i="0" kern="1200"><a:solidFill><a:schemeClr val="tx1"/></a:solidFill><a:latin typeface="Proxima Nova Light"/><a:ea typeface="+mn-ea"/><a:cs typeface="Proxima Nova Light"/></a:defRPr></a:lvl4pPr><a:lvl5pPr marL="2057400" indent="-228600" algn="l" defTabSz="914400" rtl="0" eaLnBrk="1" latinLnBrk="0" hangingPunct="1"><a:lnSpc><a:spcPct val="80000"/></a:lnSpc><a:spcBef><a:spcPct val="20000"/></a:spcBef><a:buFont typeface="Arial" panose="020B0604020202020204" pitchFamily="34" charset="0"/><a:buChar char="»"/><a:defRPr sz="2000" b="0" i="0" kern="1200"><a:solidFill><a:schemeClr val="tx1"/></a:solidFill><a:latin typeface="Proxima Nova Light"/><a:ea typeface="+mn-ea"/><a:cs typeface="Proxima Nova Light"/></a:defRPr></a:lvl5pPr><a:lvl6pPr marL="2514600" indent="-228600" algn="l" defTabSz="914400" rtl="0" eaLnBrk="1" latinLnBrk="0" hangingPunct="1"><a:spcBef><a:spcPct val="20000"/></a:spcBef><a:buFont typeface="Arial" panose="020B0604020202020204" pitchFamily="34" charset="0"/><a:buChar char="•"/><a:defRPr sz="2000" kern="1200"><a:solidFill><a:schemeClr val="tx1"/></a:solidFill><a:latin typeface="+mn-lt"/><a:ea typeface="+mn-ea"/><a:cs typeface="+mn-cs"/></a:defRPr></a:lvl6pPr><a:lvl7pPr marL="2971800" indent="-228600" algn="l" defTabSz="914400" rtl="0" eaLnBrk="1" latinLnBrk="0" hangingPunct="1"><a:spcBef><a:spcPct val="20000"/></a:spcBef><a:buFont typeface="Arial" panose="020B0604020202020204" pitchFamily="34" charset="0"/><a:buChar char="•"/><a:defRPr sz="2000" kern="1200"><a:solidFill><a:schemeClr val="tx1"/></a:solidFill><a:latin typeface="+mn-lt"/><a:ea typeface="+mn-ea"/><a:cs typeface="+mn-cs"/></a:defRPr></a:lvl7pPr><a:lvl8pPr marL="3429000" indent="-228600" algn="l" defTabSz="914400" rtl="0" eaLnBrk="1" latinLnBrk="0" hangingPunct="1"><a:spcBef><a:spcPct val="20000"/></a:spcBef><a:buFont typeface="Arial" panose="020B0604020202020204" pitchFamily="34" charset="0"/><a:buChar char="•"/><a:defRPr sz="2000" kern="1200"><a:solidFill><a:schemeClr val="tx1"/></a:solidFill><a:latin typeface="+mn-lt"/><a:ea typeface="+mn-ea"/><a:cs typeface="+mn-cs"/></a:defRPr></a:lvl8pPr><a:lvl9pPr marL="3886200" indent="-228600" algn="l" defTabSz="914400" rtl="0" eaLnBrk="1" latinLnBrk="0" hangingPunct="1"><a:spcBef><a:spcPct val="20000"/></a:spcBef><a:buFont typeface="Arial" panose="020B0604020202020204" pitchFamily="34" charset="0"/><a:buChar char="•"/><a:defRPr sz="2000" kern="1200"><a:solidFill><a:schemeClr val="tx1"/></a:solidFill><a:latin typeface="+mn-lt"/><a:ea typeface="+mn-ea"/><a:cs typeface="+mn-cs"/></a:defRPr></a:lvl9pPr></a:lstStyle><a:p><a:pPr marL="285750" indent="-285750"><a:lnSpc><a:spcPct val="100000"/></a:lnSpc></a:pPr><a:r><a:rPr lang="en-GB" sz="1600" dirty="0" smtClean="0"><a:solidFill><a:srgbClr val="000000"/></a:solidFill></a:rPr><a:t>Our Scandinavian DNA</a:t></a:r><a:br><a:rPr lang="en-GB" sz="1600" dirty="0" smtClean="0"><a:solidFill><a:srgbClr val="000000"/></a:solidFill></a:rPr></a:br><a:r><a:rPr lang="en-GB" sz="1600" dirty="0" smtClean="0"><a:solidFill><a:prstClr val="black"/></a:solidFill></a:rPr><a:t>– 39 hotels with Nordic Swan Label</a:t></a:r><a:br><a:rPr lang="en-GB" sz="1600" dirty="0" smtClean="0"><a:solidFill><a:prstClr val="black"/></a:solidFill></a:rPr></a:br><a:r><a:rPr lang="en-GB" sz="1600" dirty="0" smtClean="0"><a:solidFill><a:prstClr val="black"/></a:solidFill></a:rPr><a:t>– 124 hotels with Green Key</a:t></a:r><a:endParaRPr lang="en-GB" sz="1600" dirty="0"><a:solidFill><a:prstClr val="black"/></a:solidFill></a:endParaRPr></a:p><a:p><a:pPr marL="285750" indent="-285750"><a:lnSpc><a:spcPct val="100000"/></a:lnSpc></a:pPr><a:r><a:rPr lang="en-GB" sz="1600" dirty="0" smtClean="0"><a:solidFill><a:srgbClr val="EA7C1F"/></a:solidFill></a:rPr><a:t>First to launch RB programme 1990’s</a:t></a:r><a:endParaRPr lang="en-GB" sz="1600" dirty="0"><a:solidFill><a:srgbClr val="EA7C1F"/></a:solidFill></a:endParaRPr></a:p><a:p><a:pPr marL="285750" indent="-285750"><a:lnSpc><a:spcPct val="100000"/></a:lnSpc></a:pPr><a:r><a:rPr lang="en-GB" sz="1600" dirty="0" smtClean="0"><a:solidFill><a:srgbClr val="000000"/></a:solidFill></a:rPr><a:t>World Childhood Foundation as global charity organisation</a:t></a:r><a:endParaRPr lang="en-GB" sz="1600" dirty="0"><a:solidFill><a:prstClr val="black"/></a:solidFill></a:endParaRPr></a:p><a:p><a:pPr marL="285750" indent="-285750"><a:lnSpc><a:spcPct val="100000"/></a:lnSpc></a:pPr><a:r><a:rPr lang="en-GB" sz="1600" dirty="0" smtClean="0"><a:solidFill><a:srgbClr val="EA7C1F"/></a:solidFill></a:rPr><a:t>One of the World’s Most Ethical Companies for 4 consecutive years</a:t></a:r><a:endParaRPr lang="en-GB" sz="1600" dirty="0"><a:solidFill><a:srgbClr val="EA7C1F"/></a:solidFill></a:endParaRPr></a:p></p:txBody></p:sp><p:pic><p:nvPicPr><p:cNvPr id="9" name="Picture 8" descr="think_people-02.png"/><p:cNvPicPr><a:picLocks noChangeAspect="1"/></p:cNvPicPr><p:nvPr/></p:nvPicPr><p:blipFill><a:blip r:embed="rId2" cstate="print"/><a:stretch><a:fillRect/></a:stretch></p:blipFill><p:spPr><a:xfrm><a:off x="4788024" y="1772816"/><a:ext cx="1162605" cy="1203256"/></a:xfrm><a:prstGeom prst="rect"><a:avLst/></a:prstGeom></p:spPr></p:pic><p:pic><p:nvPicPr><p:cNvPr id="10" name="Picture 9" descr="think_planet-01.png"/><p:cNvPicPr><a:picLocks noChangeAspect="1"/></p:cNvPicPr><p:nvPr/></p:nvPicPr><p:blipFill><a:blip r:embed="rId3" cstate="print"/><a:stretch><a:fillRect/></a:stretch></p:blipFill><p:spPr><a:xfrm><a:off x="6080895" y="1772816"/><a:ext cx="1162605" cy="1203256"/></a:xfrm><a:prstGeom prst="rect"><a:avLst/></a:prstGeom></p:spPr></p:pic><p:pic><p:nvPicPr><p:cNvPr id="11" name="Picture 10" descr="think_together02.png"/><p:cNvPicPr><a:picLocks noChangeAspect="1"/></p:cNvPicPr><p:nvPr/></p:nvPicPr><p:blipFill><a:blip r:embed="rId4" cstate="print"/><a:stretch><a:fillRect/></a:stretch></p:blipFill><p:spPr><a:xfrm><a:off x="7380312" y="1772816"/><a:ext cx="1162605" cy="1203256"/></a:xfrm><a:prstGeom prst="rect"><a:avLst/></a:prstGeom></p:spPr></p:pic><p:sp><p:nvSpPr><p:cNvPr id="12" name="Content Placeholder 2"/><p:cNvSpPr txBox="1"><a:spLocks/></p:cNvSpPr><p:nvPr/></p:nvSpPr><p:spPr><a:xfrm><a:off x="4716016" y="1412776"/><a:ext cx="3816424" cy="432048"/></a:xfrm><a:prstGeom prst="rect"><a:avLst/></a:prstGeom></p:spPr><p:txBody><a:bodyPr vert="horz" lIns="91440" tIns="45720" rIns="91440" bIns="45720" rtlCol="0"><a:normAutofit/></a:bodyPr><a:lstStyle><a:lvl1pPr marL="342900" indent="-342900" algn="l" defTabSz="914400" rtl="0" eaLnBrk="1" latinLnBrk="0" hangingPunct="1"><a:lnSpc><a:spcPct val="80000"/></a:lnSpc><a:spcBef><a:spcPct val="20000"/></a:spcBef><a:buFont typeface="Arial" panose="020B0604020202020204" pitchFamily="34" charset="0"/><a:buChar char="•"/><a:defRPr sz="2000" b="0" i="0" kern="1200"><a:solidFill><a:schemeClr val="tx1"/></a:solidFill><a:latin typeface="Proxima Nova Light"/><a:ea typeface="+mn-ea"/><a:cs typeface="Proxima Nova Light"/></a:defRPr></a:lvl1pPr><a:lvl2pPr marL="742950" indent="-285750" algn="l" defTabSz="914400" rtl="0" eaLnBrk="1" latinLnBrk="0" hangingPunct="1"><a:lnSpc><a:spcPct val="80000"/></a:lnSpc><a:spcBef><a:spcPct val="20000"/></a:spcBef><a:buFont typeface="Arial" panose="020B0604020202020204" pitchFamily="34" charset="0"/><a:buChar char="–"/><a:defRPr sz="2000" b="0" i="0" kern="1200"><a:solidFill><a:schemeClr val="tx1"/></a:solidFill><a:latin typeface="Proxima Nova Light"/><a:ea typeface="+mn-ea"/><a:cs typeface="Proxima Nova Light"/></a:defRPr></a:lvl2pPr><a:lvl3pPr marL="1143000" indent="-228600" algn="l" defTabSz="914400" rtl="0" eaLnBrk="1" latinLnBrk="0" hangingPunct="1"><a:lnSpc><a:spcPct val="80000"/></a:lnSpc><a:spcBef><a:spcPct val="20000"/></a:spcBef><a:buFont typeface="Arial" panose="020B0604020202020204" pitchFamily="34" charset="0"/><a:buChar char="•"/><a:defRPr sz="2000" b="0" i="0" kern="1200"><a:solidFill><a:schemeClr val="tx1"/></a:solidFill><a:latin typeface="Proxima Nova Light"/><a:ea typeface="+mn-ea"/><a:cs typeface="Proxima Nova Light"/></a:defRPr></a:lvl3pPr><a:lvl4pPr marL="1600200" indent="-228600" algn="l" defTabSz="914400" rtl="0" eaLnBrk="1" latinLnBrk="0" hangingPunct="1"><a:lnSpc><a:spcPct val="80000"/></a:lnSpc><a:spcBef><a:spcPct val="20000"/></a:spcBef><a:buFont typeface="Arial" panose="020B0604020202020204" pitchFamily="34" charset="0"/><a:buChar char="–"/><a:defRPr sz="2000" b="0" i="0" kern="1200"><a:solidFill><a:schemeClr val="tx1"/></a:solidFill><a:latin typeface="Proxima Nova Light"/><a:ea typeface="+mn-ea"/><a:cs typeface="Proxima Nova Light"/></a:defRPr></a:lvl4pPr><a:lvl5pPr marL="2057400" indent="-228600" algn="l" defTabSz="914400" rtl="0" eaLnBrk="1" latinLnBrk="0" hangingPunct="1"><a:lnSpc><a:spcPct val="80000"/></a:lnSpc><a:spcBef><a:spcPct val="20000"/></a:spcBef><a:buFont typeface="Arial" panose="020B0604020202020204" pitchFamily="34" charset="0"/><a:buChar char="»"/><a:defRPr sz="2000" b="0" i="0" kern="1200"><a:solidFill><a:schemeClr val="tx1"/></a:solidFill><a:latin typeface="Proxima Nova Light"/><a:ea typeface="+mn-ea"/><a:cs typeface="Proxima Nova Light"/></a:defRPr></a:lvl5pPr><a:lvl6pPr marL="2514600" indent="-228600" algn="l" defTabSz="914400" rtl="0" eaLnBrk="1" latinLnBrk="0" hangingPunct="1"><a:spcBef><a:spcPct val="20000"/></a:spcBef><a:buFont typeface="Arial" panose="020B0604020202020204" pitchFamily="34" charset="0"/><a:buChar char="•"/><a:defRPr sz="2000" kern="1200"><a:solidFill><a:schemeClr val="tx1"/></a:solidFill><a:latin typeface="+mn-lt"/><a:ea typeface="+mn-ea"/><a:cs typeface="+mn-cs"/></a:defRPr></a:lvl6pPr><a:lvl7pPr marL="2971800" indent="-228600" algn="l" defTabSz="914400" rtl="0" eaLnBrk="1" latinLnBrk="0" hangingPunct="1"><a:spcBef><a:spcPct val="20000"/></a:spcBef><a:buFont typeface="Arial" panose="020B0604020202020204" pitchFamily="34" charset="0"/><a:buChar char="•"/><a:defRPr sz="2000" kern="1200"><a:solidFill><a:schemeClr val="tx1"/></a:solidFill><a:latin typeface="+mn-lt"/><a:ea typeface="+mn-ea"/><a:cs typeface="+mn-cs"/></a:defRPr></a:lvl7pPr><a:lvl8pPr marL="3429000" indent="-228600" algn="l" defTabSz="914400" rtl="0" eaLnBrk="1" latinLnBrk="0" hangingPunct="1"><a:spcBef><a:spcPct val="20000"/></a:spcBef><a:buFont typeface="Arial" panose="020B0604020202020204" pitchFamily="34" charset="0"/><a:buChar char="•"/><a:defRPr sz="2000" kern="1200"><a:solidFill><a:schemeClr val="tx1"/></a:solidFill><a:latin typeface="+mn-lt"/><a:ea typeface="+mn-ea"/><a:cs typeface="+mn-cs"/></a:defRPr></a:lvl8pPr><a:lvl9pPr marL="3886200" indent="-228600" algn="l" defTabSz="914400" rtl="0" eaLnBrk="1" latinLnBrk="0" hangingPunct="1"><a:spcBef><a:spcPct val="20000"/></a:spcBef><a:buFont typeface="Arial" panose="020B0604020202020204" pitchFamily="34" charset="0"/><a:buChar char="•"/><a:defRPr sz="2000" kern="1200"><a:solidFill><a:schemeClr val="tx1"/></a:solidFill><a:latin typeface="+mn-lt"/><a:ea typeface="+mn-ea"/><a:cs typeface="+mn-cs"/></a:defRPr></a:lvl9pPr></a:lstStyle><a:p><a:pPr marL="0" indent="0"><a:lnSpc><a:spcPct val="100000"/></a:lnSpc><a:buNone/></a:pPr><a:r><a:rPr lang="en-GB" sz="1500" dirty="0"><a:solidFill><a:prstClr val="black"/></a:solidFill><a:latin typeface="Proxima Nova Bold"/><a:cs typeface="Proxima Nova Bold"/></a:rPr><a:t>3 PILLARS OF RESPONSIBLE BUSINESS</a:t></a:r></a:p></p:txBody></p:sp><p:sp><p:nvSpPr><p:cNvPr id="13" name="Rectangle 12"/><p:cNvSpPr/><p:nvPr/></p:nvSpPr><p:spPr><a:xfrm><a:off x="4536176" y="3019018"/><a:ext cx="1620000" cy="553998"/></a:xfrm><a:prstGeom prst="rect"><a:avLst/></a:prstGeom></p:spPr><p:txBody><a:bodyPr wrap="square" anchor="t"><a:spAutoFit/></a:bodyPr><a:lstStyle/><a:p><a:pPr marL="7938" lvl="1" indent="-7938" algn="ctr" defTabSz="914400"><a:spcBef><a:spcPct val="50000"/></a:spcBef><a:buClr><a:srgbClr val="F9140C"/></a:buClr></a:pPr><a:r><a:rPr lang="en-GB" sz="1000" dirty="0" smtClean="0"><a:solidFill><a:prstClr val="black"><a:lumMod val="50000"/><a:lumOff val="50000"/></a:prstClr></a:solidFill><a:latin typeface="Proxima Nova Bold"/><a:ea typeface="Tahoma" pitchFamily="34" charset="0"/><a:cs typeface="Proxima Nova Bold"/></a:rPr><a:t>Health, Safety &amp; </a:t></a:r><a:r><a:rPr lang="en-GB" sz="1000" dirty="0"><a:solidFill><a:prstClr val="black"><a:lumMod val="50000"/><a:lumOff val="50000"/></a:prstClr></a:solidFill><a:latin typeface="Proxima Nova Bold"/><a:ea typeface="Tahoma" pitchFamily="34" charset="0"/><a:cs typeface="Proxima Nova Bold"/></a:rPr><a:t/></a:r><a:br><a:rPr lang="en-GB" sz="1000" dirty="0"><a:solidFill><a:prstClr val="black"><a:lumMod val="50000"/><a:lumOff val="50000"/></a:prstClr></a:solidFill><a:latin typeface="Proxima Nova Bold"/><a:ea typeface="Tahoma" pitchFamily="34" charset="0"/><a:cs typeface="Proxima Nova Bold"/></a:rPr></a:br><a:r><a:rPr lang="en-GB" sz="1000" dirty="0" smtClean="0"><a:solidFill><a:prstClr val="black"><a:lumMod val="50000"/><a:lumOff val="50000"/></a:prstClr></a:solidFill><a:latin typeface="Proxima Nova Bold"/><a:ea typeface="Tahoma" pitchFamily="34" charset="0"/><a:cs typeface="Proxima Nova Bold"/></a:rPr><a:t>Security for guests </a:t></a:r><a:br><a:rPr lang="en-GB" sz="1000" dirty="0" smtClean="0"><a:solidFill><a:prstClr val="black"><a:lumMod val="50000"/><a:lumOff val="50000"/></a:prstClr></a:solidFill><a:latin typeface="Proxima Nova Bold"/><a:ea typeface="Tahoma" pitchFamily="34" charset="0"/><a:cs typeface="Proxima Nova Bold"/></a:rPr></a:br><a:r><a:rPr lang="en-GB" sz="1000" dirty="0" smtClean="0"><a:solidFill><a:prstClr val="black"><a:lumMod val="50000"/><a:lumOff val="50000"/></a:prstClr></a:solidFill><a:latin typeface="Proxima Nova Bold"/><a:ea typeface="Tahoma" pitchFamily="34" charset="0"/><a:cs typeface="Proxima Nova Bold"/></a:rPr><a:t>and employees</a:t></a:r></a:p></p:txBody></p:sp><p:sp><p:nvSpPr><p:cNvPr id="14" name="Rectangle 13"/><p:cNvSpPr/><p:nvPr/></p:nvSpPr><p:spPr><a:xfrm><a:off x="7164288" y="3019018"/><a:ext cx="1620000" cy="553998"/></a:xfrm><a:prstGeom prst="rect"><a:avLst/></a:prstGeom></p:spPr><p:txBody><a:bodyPr wrap="square" anchor="t"><a:spAutoFit/></a:bodyPr><a:lstStyle/><a:p><a:pPr marL="7938" lvl="1" indent="-7938" algn="ctr" defTabSz="914400"><a:spcBef><a:spcPct val="50000"/></a:spcBef><a:buClr><a:srgbClr val="F9140C"/></a:buClr></a:pPr><a:r><a:rPr lang="en-GB" sz="1000" dirty="0" smtClean="0"><a:solidFill><a:srgbClr val="FF0000"/></a:solidFill><a:latin typeface="Proxima Nova Bold"/><a:ea typeface="Tahoma" pitchFamily="34" charset="0"/><a:cs typeface="Proxima Nova Bold"/></a:rPr><a:t>Respect for social </a:t></a:r><a:br><a:rPr lang="en-GB" sz="1000" dirty="0" smtClean="0"><a:solidFill><a:srgbClr val="FF0000"/></a:solidFill><a:latin typeface="Proxima Nova Bold"/><a:ea typeface="Tahoma" pitchFamily="34" charset="0"/><a:cs typeface="Proxima Nova Bold"/></a:rPr></a:br><a:r><a:rPr lang="en-GB" sz="1000" dirty="0" smtClean="0"><a:solidFill><a:srgbClr val="FF0000"/></a:solidFill><a:latin typeface="Proxima Nova Bold"/><a:ea typeface="Tahoma" pitchFamily="34" charset="0"/><a:cs typeface="Proxima Nova Bold"/></a:rPr><a:t>and ethical issues </a:t></a:r><a:br><a:rPr lang="en-GB" sz="1000" dirty="0" smtClean="0"><a:solidFill><a:srgbClr val="FF0000"/></a:solidFill><a:latin typeface="Proxima Nova Bold"/><a:ea typeface="Tahoma" pitchFamily="34" charset="0"/><a:cs typeface="Proxima Nova Bold"/></a:rPr></a:br><a:r><a:rPr lang="en-GB" sz="1000" dirty="0" smtClean="0"><a:solidFill><a:srgbClr val="FF0000"/></a:solidFill><a:latin typeface="Proxima Nova Bold"/><a:ea typeface="Tahoma" pitchFamily="34" charset="0"/><a:cs typeface="Proxima Nova Bold"/></a:rPr><a:t>within the company</a:t></a:r></a:p></p:txBody></p:sp><p:sp><p:nvSpPr><p:cNvPr id="15" name="Rectangle 14"/><p:cNvSpPr/><p:nvPr/></p:nvSpPr><p:spPr><a:xfrm><a:off x="5868144" y="3019018"/><a:ext cx="1620000" cy="553998"/></a:xfrm><a:prstGeom prst="rect"><a:avLst/></a:prstGeom></p:spPr><p:txBody><a:bodyPr wrap="square" anchor="t"><a:spAutoFit/></a:bodyPr><a:lstStyle/><a:p><a:pPr marL="7938" lvl="1" indent="-7938" algn="ctr" defTabSz="914400"><a:spcBef><a:spcPct val="50000"/></a:spcBef><a:buClr><a:srgbClr val="F9140C"/></a:buClr></a:pPr><a:r><a:rPr lang="en-GB" sz="1000" dirty="0" smtClean="0"><a:solidFill><a:srgbClr val="9BBB59"><a:lumMod val="75000"/></a:srgbClr></a:solidFill><a:latin typeface="Proxima Nova Bold"/><a:ea typeface="Tahoma" pitchFamily="34" charset="0"/><a:cs typeface="Proxima Nova Bold"/></a:rPr><a:t>Reduced </a:t></a:r><a:br><a:rPr lang="en-GB" sz="1000" dirty="0" smtClean="0"><a:solidFill><a:srgbClr val="9BBB59"><a:lumMod val="75000"/></a:srgbClr></a:solidFill><a:latin typeface="Proxima Nova Bold"/><a:ea typeface="Tahoma" pitchFamily="34" charset="0"/><a:cs typeface="Proxima Nova Bold"/></a:rPr></a:br><a:r><a:rPr lang="en-GB" sz="1000" dirty="0" smtClean="0"><a:solidFill><a:srgbClr val="9BBB59"><a:lumMod val="75000"/></a:srgbClr></a:solidFill><a:latin typeface="Proxima Nova Bold"/><a:ea typeface="Tahoma" pitchFamily="34" charset="0"/><a:cs typeface="Proxima Nova Bold"/></a:rPr><a:t>environmental </a:t></a:r><a:br><a:rPr lang="en-GB" sz="1000" dirty="0" smtClean="0"><a:solidFill><a:srgbClr val="9BBB59"><a:lumMod val="75000"/></a:srgbClr></a:solidFill><a:latin typeface="Proxima Nova Bold"/><a:ea typeface="Tahoma" pitchFamily="34" charset="0"/><a:cs typeface="Proxima Nova Bold"/></a:rPr></a:br><a:r><a:rPr lang="en-GB" sz="1000" dirty="0" smtClean="0"><a:solidFill><a:srgbClr val="9BBB59"><a:lumMod val="75000"/></a:srgbClr></a:solidFill><a:latin typeface="Proxima Nova Bold"/><a:ea typeface="Tahoma" pitchFamily="34" charset="0"/><a:cs typeface="Proxima Nova Bold"/></a:rPr><a:t>impact</a:t></a:r></a:p></p:txBody></p:sp><p:pic><p:nvPicPr><p:cNvPr id="16" name="Picture 15" descr="WorldsMostEthicalCo2010.jpg"/><p:cNvPicPr><a:picLocks noChangeAspect="1"/></p:cNvPicPr><p:nvPr/></p:nvPicPr><p:blipFill><a:blip r:embed="rId5" cstate="print"/><a:stretch><a:fillRect/></a:stretch></p:blipFill><p:spPr><a:xfrm><a:off x="683568" y="5581542"/><a:ext cx="1155017" cy="684000"/></a:xfrm><a:prstGeom prst="rect"><a:avLst/></a:prstGeom></p:spPr></p:pic><p:pic><p:nvPicPr><p:cNvPr id="17" name="Picture 16" descr="WME_2011_Logo.jpg"/><p:cNvPicPr><a:picLocks noChangeAspect="1"/></p:cNvPicPr><p:nvPr/></p:nvPicPr><p:blipFill><a:blip r:embed="rId6" cstate="print"/><a:stretch><a:fillRect/></a:stretch></p:blipFill><p:spPr><a:xfrm><a:off x="1905329" y="5581542"/><a:ext cx="1139492" cy="684000"/></a:xfrm><a:prstGeom prst="rect"><a:avLst/></a:prstGeom></p:spPr></p:pic><p:pic><p:nvPicPr><p:cNvPr id="18" name="Picture 17" descr="WME_2012.jpg"/><p:cNvPicPr><a:picLocks noChangeAspect="1"/></p:cNvPicPr><p:nvPr/></p:nvPicPr><p:blipFill><a:blip r:embed="rId7" cstate="print"/><a:stretch><a:fillRect/></a:stretch></p:blipFill><p:spPr><a:xfrm><a:off x="3128938" y="5581542"/><a:ext cx="1129487" cy="684000"/></a:xfrm><a:prstGeom prst="rect"><a:avLst/></a:prstGeom></p:spPr></p:pic><p:pic><p:nvPicPr><p:cNvPr id="19" name="Picture 18" descr="WME_2013.jpg"/><p:cNvPicPr><a:picLocks noChangeAspect="1"/></p:cNvPicPr><p:nvPr/></p:nvPicPr><p:blipFill><a:blip r:embed="rId8" cstate="print"/><a:stretch><a:fillRect/></a:stretch></p:blipFill><p:spPr><a:xfrm><a:off x="4380319" y="5581542"/><a:ext cx="1127785" cy="684000"/></a:xfrm><a:prstGeom prst="rect"><a:avLst/></a:prstGeom></p:spPr></p:pic><p:sp><p:nvSpPr><p:cNvPr id="20" name="Content Placeholder 2"/><p:cNvSpPr txBox="1"><a:spLocks/></p:cNvSpPr><p:nvPr/></p:nvSpPr><p:spPr><a:xfrm><a:off x="827584" y="4013892"/><a:ext cx="4536504" cy="1224136"/></a:xfrm><a:prstGeom prst="rect"><a:avLst/></a:prstGeom></p:spPr><p:txBody><a:bodyPr vert="horz" lIns="91440" tIns="45720" rIns="91440" bIns="45720" rtlCol="0"><a:normAutofit/></a:bodyPr><a:lstStyle><a:lvl1pPr marL="342900" indent="-342900" algn="l" defTabSz="914400" rtl="0" eaLnBrk="1" latinLnBrk="0" hangingPunct="1"><a:lnSpc><a:spcPct val="80000"/></a:lnSpc><a:spcBef><a:spcPct val="20000"/></a:spcBef><a:buFont typeface="Arial" panose="020B0604020202020204" pitchFamily="34" charset="0"/><a:buChar char="•"/><a:defRPr sz="2000" b="0" i="0" kern="1200"><a:solidFill><a:schemeClr val="tx1"/></a:solidFill><a:latin typeface="Proxima Nova Light"/><a:ea typeface="+mn-ea"/><a:cs typeface="Proxima Nova Light"/></a:defRPr></a:lvl1pPr><a:lvl2pPr marL="742950" indent="-285750" algn="l" defTabSz="914400" rtl="0" eaLnBrk="1" latinLnBrk="0" hangingPunct="1"><a:lnSpc><a:spcPct val="80000"/></a:lnSpc><a:spcBef><a:spcPct val="20000"/></a:spcBef><a:buFont typeface="Arial" panose="020B0604020202020204" pitchFamily="34" charset="0"/><a:buChar char="–"/><a:defRPr sz="2000" b="0" i="0" kern="1200"><a:solidFill><a:schemeClr val="tx1"/></a:solidFill><a:latin typeface="Proxima Nova Light"/><a:ea typeface="+mn-ea"/><a:cs typeface="Proxima Nova Light"/></a:defRPr></a:lvl2pPr><a:lvl3pPr marL="1143000" indent="-228600" algn="l" defTabSz="914400" rtl="0" eaLnBrk="1" latinLnBrk="0" hangingPunct="1"><a:lnSpc><a:spcPct val="80000"/></a:lnSpc><a:spcBef><a:spcPct val="20000"/></a:spcBef><a:buFont typeface="Arial" panose="020B0604020202020204" pitchFamily="34" charset="0"/><a:buChar char="•"/><a:defRPr sz="2000" b="0" i="0" kern="1200"><a:solidFill><a:schemeClr val="tx1"/></a:solidFill><a:latin typeface="Proxima Nova Light"/><a:ea typeface="+mn-ea"/><a:cs typeface="Proxima Nova Light"/></a:defRPr></a:lvl3pPr><a:lvl4pPr marL="1600200" indent="-228600" algn="l" defTabSz="914400" rtl="0" eaLnBrk="1" latinLnBrk="0" hangingPunct="1"><a:lnSpc><a:spcPct val="80000"/></a:lnSpc><a:spcBef><a:spcPct val="20000"/></a:spcBef><a:buFont typeface="Arial" panose="020B0604020202020204" pitchFamily="34" charset="0"/><a:buChar char="–"/><a:defRPr sz="2000" b="0" i="0" kern="1200"><a:solidFill><a:schemeClr val="tx1"/></a:solidFill><a:latin typeface="Proxima Nova Light"/><a:ea typeface="+mn-ea"/><a:cs typeface="Proxima Nova Light"/></a:defRPr></a:lvl4pPr><a:lvl5pPr marL="2057400" indent="-228600" algn="l" defTabSz="914400" rtl="0" eaLnBrk="1" latinLnBrk="0" hangingPunct="1"><a:lnSpc><a:spcPct val="80000"/></a:lnSpc><a:spcBef><a:spcPct val="20000"/></a:spcBef><a:buFont typeface="Arial" panose="020B0604020202020204" pitchFamily="34" charset="0"/><a:buChar char="»"/><a:defRPr sz="2000" b="0" i="0" kern="1200"><a:solidFill><a:schemeClr val="tx1"/></a:solidFill><a:latin typeface="Proxima Nova Light"/><a:ea typeface="+mn-ea"/><a:cs typeface="Proxima Nova Light"/></a:defRPr></a:lvl5pPr><a:lvl6pPr marL="2514600" indent="-228600" algn="l" defTabSz="914400" rtl="0" eaLnBrk="1" latinLnBrk="0" hangingPunct="1"><a:spcBef><a:spcPct val="20000"/></a:spcBef><a:buFont typeface="Arial" panose="020B0604020202020204" pitchFamily="34" charset="0"/><a:buChar char="•"/><a:defRPr sz="2000" kern="1200"><a:solidFill><a:schemeClr val="tx1"/></a:solidFill><a:latin typeface="+mn-lt"/><a:ea typeface="+mn-ea"/><a:cs typeface="+mn-cs"/></a:defRPr></a:lvl6pPr><a:lvl7pPr marL="2971800" indent="-228600" algn="l" defTabSz="914400" rtl="0" eaLnBrk="1" latinLnBrk="0" hangingPunct="1"><a:spcBef><a:spcPct val="20000"/></a:spcBef><a:buFont typeface="Arial" panose="020B0604020202020204" pitchFamily="34" charset="0"/><a:buChar char="•"/><a:defRPr sz="2000" kern="1200"><a:solidFill><a:schemeClr val="tx1"/></a:solidFill><a:latin typeface="+mn-lt"/><a:ea typeface="+mn-ea"/><a:cs typeface="+mn-cs"/></a:defRPr></a:lvl7pPr><a:lvl8pPr marL="3429000" indent="-228600" algn="l" defTabSz="914400" rtl="0" eaLnBrk="1" latinLnBrk="0" hangingPunct="1"><a:spcBef><a:spcPct val="20000"/></a:spcBef><a:buFont typeface="Arial" panose="020B0604020202020204" pitchFamily="34" charset="0"/><a:buChar char="•"/><a:defRPr sz="2000" kern="1200"><a:solidFill><a:schemeClr val="tx1"/></a:solidFill><a:latin typeface="+mn-lt"/><a:ea typeface="+mn-ea"/><a:cs typeface="+mn-cs"/></a:defRPr></a:lvl8pPr><a:lvl9pPr marL="3886200" indent="-228600" algn="l" defTabSz="914400" rtl="0" eaLnBrk="1" latinLnBrk="0" hangingPunct="1"><a:spcBef><a:spcPct val="20000"/></a:spcBef><a:buFont typeface="Arial" panose="020B0604020202020204" pitchFamily="34" charset="0"/><a:buChar char="•"/><a:defRPr sz="2000" kern="1200"><a:solidFill><a:schemeClr val="tx1"/></a:solidFill><a:latin typeface="+mn-lt"/><a:ea typeface="+mn-ea"/><a:cs typeface="+mn-cs"/></a:defRPr></a:lvl9pPr></a:lstStyle><a:p><a:pPr marL="0" indent="0"><a:lnSpc><a:spcPct val="100000"/></a:lnSpc><a:buFont typeface="Arial" panose="020B0604020202020204" pitchFamily="34" charset="0"/><a:buNone/></a:pPr><a:r><a:rPr lang="en-GB" sz="1600" b="1" dirty="0" smtClean="0"><a:solidFill><a:prstClr val="black"/></a:solidFill><a:latin typeface="Proxima Nova Bold"/><a:cs typeface="Proxima Nova Bold"/></a:rPr><a:t>Latest initiative:</a:t></a:r></a:p><a:p><a:pPr marL="0" indent="0"><a:lnSpc><a:spcPct val="100000"/></a:lnSpc><a:buFont typeface="Arial" panose="020B0604020202020204" pitchFamily="34" charset="0"/><a:buNone/></a:pPr><a:r><a:rPr lang="en-GB" dirty="0" smtClean="0"><a:solidFill><a:prstClr val="white"/></a:solidFill></a:rPr><a:t>Think Planet – targeting </a:t></a:r><a:r><a:rPr lang="en-GB" b="1" dirty="0" smtClean="0"><a:solidFill><a:prstClr val="white"/></a:solidFill><a:latin typeface="Proxima Nova Bold"/><a:cs typeface="Proxima Nova Bold"/></a:rPr><a:t>25% energy consumption reduction</a:t></a:r><a:r><a:rPr lang="en-GB" dirty="0" smtClean="0"><a:solidFill><a:prstClr val="white"/></a:solidFill></a:rPr><a:t> by 2016</a:t></a:r><a:endParaRPr lang="en-GB" dirty="0"><a:solidFill><a:prstClr val="white"/></a:solidFill></a:endParaRPr></a:p></p:txBody></p:sp><p:sp><p:nvSpPr><p:cNvPr id="21" name="Rectangle 20"/><p:cNvSpPr/><p:nvPr/></p:nvSpPr><p:spPr><a:xfrm><a:off x="8542917" y="6492049"/><a:ext cx="280149" cy="246757"/></a:xfrm><a:prstGeom prst="rect"><a:avLst/></a:prstGeom><a:solidFill><a:schemeClr val="bg1"/></a:solidFill><a:ln><a:solidFill><a:schemeClr val="bg1"/></a:solidFill></a:ln></p:spPr><p:style><a:lnRef idx="2"><a:schemeClr val="accent1"><a:shade val="50000"/></a:schemeClr></a:lnRef><a:fillRef idx="1"><a:schemeClr val="accent1"/></a:fillRef><a:effectRef idx="0"><a:schemeClr val="accent1"/></a:effectRef><a:fontRef idx="minor"><a:schemeClr val="lt1"/></a:fontRef></p:style><p:txBody><a:bodyPr rtlCol="0" anchor="ctr"/><a:lstStyle/><a:p><a:pPr algn="ctr"/><a:endParaRPr lang="en-GB"/></a:p></p:txBody></p:sp></p:spTree><p:extLst><p:ext uri="{BB962C8B-B14F-4D97-AF65-F5344CB8AC3E}"><p14:creationId xmlns:p14="http://schemas.microsoft.com/office/powerpoint/2010/main" val="4162937603"/></p:ext></p:extLst></p:cSld><p:clrMapOvr><a:masterClrMapping/></p:clrMapOvr><p:timing><p:tnLst><p:par><p:cTn id="1" dur="indefinite" restart="never" nodeType="tmRoot"/></p:par></p:tnLst></p:timing></p:sld>