<?xml version="1.0" encoding="UTF-8" standalone="yes"?>
<p:sld xmlns:a="http://schemas.openxmlformats.org/drawingml/2006/main" xmlns:r="http://schemas.openxmlformats.org/officeDocument/2006/relationships" xmlns:p="http://schemas.openxmlformats.org/presentationml/2006/main"><p:cSld><p:spTree><p:nvGrpSpPr><p:cNvPr id="1" name=""/><p:cNvGrpSpPr/><p:nvPr/></p:nvGrpSpPr><p:grpSpPr><a:xfrm><a:off x="0" y="0"/><a:ext cx="0" cy="0"/><a:chOff x="0" y="0"/><a:chExt cx="0" cy="0"/></a:xfrm></p:grpSpPr><p:sp><p:nvSpPr><p:cNvPr id="7" name="Content Placeholder 2"/><p:cNvSpPr txBox="1"><a:spLocks/></p:cNvSpPr><p:nvPr/></p:nvSpPr><p:spPr><a:xfrm><a:off x="683568" y="1412776"/><a:ext cx="5904656" cy="4824536"/></a:xfrm><a:prstGeom prst="rect"><a:avLst/></a:prstGeom></p:spPr><p:txBody><a:bodyPr vert="horz" lIns="91440" tIns="45720" rIns="91440" bIns="45720" rtlCol="0"><a:normAutofit/></a:bodyPr><a:lstStyle><a:lvl1pPr marL="342900" indent="-342900" algn="l" defTabSz="914400" rtl="0" eaLnBrk="1" latinLnBrk="0" hangingPunct="1"><a:lnSpc><a:spcPct val="80000"/></a:lnSpc><a:spcBef><a:spcPct val="20000"/></a:spcBef><a:buFont typeface="Arial" panose="020B0604020202020204" pitchFamily="34" charset="0"/><a:buChar char="•"/><a:defRPr sz="2000" b="0" i="0" kern="1200"><a:solidFill><a:schemeClr val="tx1"/></a:solidFill><a:latin typeface="Proxima Nova Light"/><a:ea typeface="+mn-ea"/><a:cs typeface="Proxima Nova Light"/></a:defRPr></a:lvl1pPr><a:lvl2pPr marL="742950" indent="-285750" algn="l" defTabSz="914400" rtl="0" eaLnBrk="1" latinLnBrk="0" hangingPunct="1"><a:lnSpc><a:spcPct val="80000"/></a:lnSpc><a:spcBef><a:spcPct val="20000"/></a:spcBef><a:buFont typeface="Arial" panose="020B0604020202020204" pitchFamily="34" charset="0"/><a:buChar char="–"/><a:defRPr sz="2000" b="0" i="0" kern="1200"><a:solidFill><a:schemeClr val="tx1"/></a:solidFill><a:latin typeface="Proxima Nova Light"/><a:ea typeface="+mn-ea"/><a:cs typeface="Proxima Nova Light"/></a:defRPr></a:lvl2pPr><a:lvl3pPr marL="1143000" indent="-228600" algn="l" defTabSz="914400" rtl="0" eaLnBrk="1" latinLnBrk="0" hangingPunct="1"><a:lnSpc><a:spcPct val="80000"/></a:lnSpc><a:spcBef><a:spcPct val="20000"/></a:spcBef><a:buFont typeface="Arial" panose="020B0604020202020204" pitchFamily="34" charset="0"/><a:buChar char="•"/><a:defRPr sz="2000" b="0" i="0" kern="1200"><a:solidFill><a:schemeClr val="tx1"/></a:solidFill><a:latin typeface="Proxima Nova Light"/><a:ea typeface="+mn-ea"/><a:cs typeface="Proxima Nova Light"/></a:defRPr></a:lvl3pPr><a:lvl4pPr marL="1600200" indent="-228600" algn="l" defTabSz="914400" rtl="0" eaLnBrk="1" latinLnBrk="0" hangingPunct="1"><a:lnSpc><a:spcPct val="80000"/></a:lnSpc><a:spcBef><a:spcPct val="20000"/></a:spcBef><a:buFont typeface="Arial" panose="020B0604020202020204" pitchFamily="34" charset="0"/><a:buChar char="–"/><a:defRPr sz="2000" b="0" i="0" kern="1200"><a:solidFill><a:schemeClr val="tx1"/></a:solidFill><a:latin typeface="Proxima Nova Light"/><a:ea typeface="+mn-ea"/><a:cs typeface="Proxima Nova Light"/></a:defRPr></a:lvl4pPr><a:lvl5pPr marL="2057400" indent="-228600" algn="l" defTabSz="914400" rtl="0" eaLnBrk="1" latinLnBrk="0" hangingPunct="1"><a:lnSpc><a:spcPct val="80000"/></a:lnSpc><a:spcBef><a:spcPct val="20000"/></a:spcBef><a:buFont typeface="Arial" panose="020B0604020202020204" pitchFamily="34" charset="0"/><a:buChar char="»"/><a:defRPr sz="2000" b="0" i="0" kern="1200"><a:solidFill><a:schemeClr val="tx1"/></a:solidFill><a:latin typeface="Proxima Nova Light"/><a:ea typeface="+mn-ea"/><a:cs typeface="Proxima Nova Light"/></a:defRPr></a:lvl5pPr><a:lvl6pPr marL="2514600" indent="-228600" algn="l" defTabSz="914400" rtl="0" eaLnBrk="1" latinLnBrk="0" hangingPunct="1"><a:spcBef><a:spcPct val="20000"/></a:spcBef><a:buFont typeface="Arial" panose="020B0604020202020204" pitchFamily="34" charset="0"/><a:buChar char="•"/><a:defRPr sz="2000" kern="1200"><a:solidFill><a:schemeClr val="tx1"/></a:solidFill><a:latin typeface="+mn-lt"/><a:ea typeface="+mn-ea"/><a:cs typeface="+mn-cs"/></a:defRPr></a:lvl6pPr><a:lvl7pPr marL="2971800" indent="-228600" algn="l" defTabSz="914400" rtl="0" eaLnBrk="1" latinLnBrk="0" hangingPunct="1"><a:spcBef><a:spcPct val="20000"/></a:spcBef><a:buFont typeface="Arial" panose="020B0604020202020204" pitchFamily="34" charset="0"/><a:buChar char="•"/><a:defRPr sz="2000" kern="1200"><a:solidFill><a:schemeClr val="tx1"/></a:solidFill><a:latin typeface="+mn-lt"/><a:ea typeface="+mn-ea"/><a:cs typeface="+mn-cs"/></a:defRPr></a:lvl7pPr><a:lvl8pPr marL="3429000" indent="-228600" algn="l" defTabSz="914400" rtl="0" eaLnBrk="1" latinLnBrk="0" hangingPunct="1"><a:spcBef><a:spcPct val="20000"/></a:spcBef><a:buFont typeface="Arial" panose="020B0604020202020204" pitchFamily="34" charset="0"/><a:buChar char="•"/><a:defRPr sz="2000" kern="1200"><a:solidFill><a:schemeClr val="tx1"/></a:solidFill><a:latin typeface="+mn-lt"/><a:ea typeface="+mn-ea"/><a:cs typeface="+mn-cs"/></a:defRPr></a:lvl8pPr><a:lvl9pPr marL="3886200" indent="-228600" algn="l" defTabSz="914400" rtl="0" eaLnBrk="1" latinLnBrk="0" hangingPunct="1"><a:spcBef><a:spcPct val="20000"/></a:spcBef><a:buFont typeface="Arial" panose="020B0604020202020204" pitchFamily="34" charset="0"/><a:buChar char="•"/><a:defRPr sz="2000" kern="1200"><a:solidFill><a:schemeClr val="tx1"/></a:solidFill><a:latin typeface="+mn-lt"/><a:ea typeface="+mn-ea"/><a:cs typeface="+mn-cs"/></a:defRPr></a:lvl9pPr></a:lstStyle><a:p><a:pPr marL="0" indent="0" defTabSz="914559"><a:lnSpc><a:spcPct val="100000"/></a:lnSpc><a:buFont typeface="Arial" panose="020B0604020202020204" pitchFamily="34" charset="0"/><a:buNone/></a:pPr><a:r><a:rPr lang="en-GB" sz="1600" dirty="0"><a:solidFill><a:prstClr val="black"/></a:solidFill></a:rPr><a:t>The Code in short:</a:t></a:r></a:p><a:p><a:pPr marL="344488" indent="-344488" defTabSz="914559"><a:lnSpc><a:spcPct val="100000"/></a:lnSpc></a:pPr><a:r><a:rPr lang="en-GB" sz="1600" dirty="0"><a:solidFill><a:prstClr val="black"/></a:solidFill></a:rPr><a:t>We respect the law</a:t></a:r></a:p><a:p><a:pPr marL="344488" indent="-344488" defTabSz="914559"><a:lnSpc><a:spcPct val="100000"/></a:lnSpc></a:pPr><a:r><a:rPr lang="en-GB" sz="1600" dirty="0"><a:solidFill><a:srgbClr val="EA7C1F"/></a:solidFill></a:rPr><a:t>We show respect for all persons in all situations </a:t></a:r></a:p><a:p><a:pPr marL="344488" indent="-344488" defTabSz="914559"><a:lnSpc><a:spcPct val="100000"/></a:lnSpc></a:pPr><a:r><a:rPr lang="en-GB" sz="1600" dirty="0"><a:solidFill><a:prstClr val="black"/></a:solidFill></a:rPr><a:t>We think ethically </a:t></a:r></a:p><a:p><a:pPr marL="344488" indent="-344488" defTabSz="914559"><a:lnSpc><a:spcPct val="100000"/></a:lnSpc></a:pPr><a:r><a:rPr lang="en-GB" sz="1600" dirty="0"><a:solidFill><a:srgbClr val="EA7C1F"/></a:solidFill></a:rPr><a:t>We act fairly </a:t></a:r></a:p><a:p><a:pPr marL="344488" indent="-344488" defTabSz="914559"><a:lnSpc><a:spcPct val="100000"/></a:lnSpc></a:pPr><a:r><a:rPr lang="en-GB" sz="1600" dirty="0"><a:solidFill><a:prstClr val="black"/></a:solidFill></a:rPr><a:t>We do not discriminate against anyone for any reason </a:t></a:r></a:p><a:p><a:pPr marL="344488" indent="-344488" defTabSz="914559"><a:lnSpc><a:spcPct val="100000"/></a:lnSpc></a:pPr><a:r><a:rPr lang="en-GB" sz="1600" dirty="0"><a:solidFill><a:srgbClr val="EA7C1F"/></a:solidFill></a:rPr><a:t>We are honest and transparent </a:t></a:r></a:p><a:p><a:pPr marL="344488" indent="-344488" defTabSz="914559"><a:lnSpc><a:spcPct val="100000"/></a:lnSpc></a:pPr><a:r><a:rPr lang="en-GB" sz="1600" dirty="0"><a:solidFill><a:prstClr val="black"/></a:solidFill></a:rPr><a:t>We are loyal to our employer </a:t></a:r></a:p><a:p><a:pPr marL="344488" indent="-344488" defTabSz="914559"><a:lnSpc><a:spcPct val="100000"/></a:lnSpc></a:pPr><a:r><a:rPr lang="en-GB" sz="1600" dirty="0"><a:solidFill><a:srgbClr val="EA7C1F"/></a:solidFill></a:rPr><a:t>We do not exploit the company’s resources </a:t></a:r></a:p><a:p><a:pPr marL="344488" indent="-344488" defTabSz="914559"><a:lnSpc><a:spcPct val="100000"/></a:lnSpc></a:pPr><a:r><a:rPr lang="en-GB" sz="1600" dirty="0"><a:solidFill><a:prstClr val="black"/></a:solidFill></a:rPr><a:t>We think of safety at all times </a:t></a:r></a:p><a:p><a:pPr marL="344488" indent="-344488" defTabSz="914559"><a:lnSpc><a:spcPct val="100000"/></a:lnSpc></a:pPr><a:r><a:rPr lang="en-GB" sz="1600" dirty="0"><a:solidFill><a:srgbClr val="EA7C1F"/></a:solidFill></a:rPr><a:t>We take care of the Earth</a:t></a:r></a:p></p:txBody></p:sp><p:sp><p:nvSpPr><p:cNvPr id="8" name="Content Placeholder 2"/><p:cNvSpPr txBox="1"><a:spLocks/></p:cNvSpPr><p:nvPr/></p:nvSpPr><p:spPr><a:xfrm><a:off x="683568" y="620688"/><a:ext cx="7272808" cy="576064"/></a:xfrm><a:prstGeom prst="rect"><a:avLst/></a:prstGeom></p:spPr><p:txBody><a:bodyPr vert="horz" lIns="91440" tIns="45720" rIns="91440" bIns="45720" rtlCol="0"><a:normAutofit/></a:bodyPr><a:lstStyle><a:lvl1pPr marL="342900" indent="-342900" algn="l" defTabSz="914400" rtl="0" eaLnBrk="1" latinLnBrk="0" hangingPunct="1"><a:lnSpc><a:spcPct val="80000"/></a:lnSpc><a:spcBef><a:spcPct val="20000"/></a:spcBef><a:buFont typeface="Arial" panose="020B0604020202020204" pitchFamily="34" charset="0"/><a:buChar char="•"/><a:defRPr sz="2000" b="0" i="0" kern="1200"><a:solidFill><a:schemeClr val="tx1"/></a:solidFill><a:latin typeface="Proxima Nova Light"/><a:ea typeface="+mn-ea"/><a:cs typeface="Proxima Nova Light"/></a:defRPr></a:lvl1pPr><a:lvl2pPr marL="742950" indent="-285750" algn="l" defTabSz="914400" rtl="0" eaLnBrk="1" latinLnBrk="0" hangingPunct="1"><a:lnSpc><a:spcPct val="80000"/></a:lnSpc><a:spcBef><a:spcPct val="20000"/></a:spcBef><a:buFont typeface="Arial" panose="020B0604020202020204" pitchFamily="34" charset="0"/><a:buChar char="–"/><a:defRPr sz="2000" b="0" i="0" kern="1200"><a:solidFill><a:schemeClr val="tx1"/></a:solidFill><a:latin typeface="Proxima Nova Light"/><a:ea typeface="+mn-ea"/><a:cs typeface="Proxima Nova Light"/></a:defRPr></a:lvl2pPr><a:lvl3pPr marL="1143000" indent="-228600" algn="l" defTabSz="914400" rtl="0" eaLnBrk="1" latinLnBrk="0" hangingPunct="1"><a:lnSpc><a:spcPct val="80000"/></a:lnSpc><a:spcBef><a:spcPct val="20000"/></a:spcBef><a:buFont typeface="Arial" panose="020B0604020202020204" pitchFamily="34" charset="0"/><a:buChar char="•"/><a:defRPr sz="2000" b="0" i="0" kern="1200"><a:solidFill><a:schemeClr val="tx1"/></a:solidFill><a:latin typeface="Proxima Nova Light"/><a:ea typeface="+mn-ea"/><a:cs typeface="Proxima Nova Light"/></a:defRPr></a:lvl3pPr><a:lvl4pPr marL="1600200" indent="-228600" algn="l" defTabSz="914400" rtl="0" eaLnBrk="1" latinLnBrk="0" hangingPunct="1"><a:lnSpc><a:spcPct val="80000"/></a:lnSpc><a:spcBef><a:spcPct val="20000"/></a:spcBef><a:buFont typeface="Arial" panose="020B0604020202020204" pitchFamily="34" charset="0"/><a:buChar char="–"/><a:defRPr sz="2000" b="0" i="0" kern="1200"><a:solidFill><a:schemeClr val="tx1"/></a:solidFill><a:latin typeface="Proxima Nova Light"/><a:ea typeface="+mn-ea"/><a:cs typeface="Proxima Nova Light"/></a:defRPr></a:lvl4pPr><a:lvl5pPr marL="2057400" indent="-228600" algn="l" defTabSz="914400" rtl="0" eaLnBrk="1" latinLnBrk="0" hangingPunct="1"><a:lnSpc><a:spcPct val="80000"/></a:lnSpc><a:spcBef><a:spcPct val="20000"/></a:spcBef><a:buFont typeface="Arial" panose="020B0604020202020204" pitchFamily="34" charset="0"/><a:buChar char="»"/><a:defRPr sz="2000" b="0" i="0" kern="1200"><a:solidFill><a:schemeClr val="tx1"/></a:solidFill><a:latin typeface="Proxima Nova Light"/><a:ea typeface="+mn-ea"/><a:cs typeface="Proxima Nova Light"/></a:defRPr></a:lvl5pPr><a:lvl6pPr marL="2514600" indent="-228600" algn="l" defTabSz="914400" rtl="0" eaLnBrk="1" latinLnBrk="0" hangingPunct="1"><a:spcBef><a:spcPct val="20000"/></a:spcBef><a:buFont typeface="Arial" panose="020B0604020202020204" pitchFamily="34" charset="0"/><a:buChar char="•"/><a:defRPr sz="2000" kern="1200"><a:solidFill><a:schemeClr val="tx1"/></a:solidFill><a:latin typeface="+mn-lt"/><a:ea typeface="+mn-ea"/><a:cs typeface="+mn-cs"/></a:defRPr></a:lvl6pPr><a:lvl7pPr marL="2971800" indent="-228600" algn="l" defTabSz="914400" rtl="0" eaLnBrk="1" latinLnBrk="0" hangingPunct="1"><a:spcBef><a:spcPct val="20000"/></a:spcBef><a:buFont typeface="Arial" panose="020B0604020202020204" pitchFamily="34" charset="0"/><a:buChar char="•"/><a:defRPr sz="2000" kern="1200"><a:solidFill><a:schemeClr val="tx1"/></a:solidFill><a:latin typeface="+mn-lt"/><a:ea typeface="+mn-ea"/><a:cs typeface="+mn-cs"/></a:defRPr></a:lvl7pPr><a:lvl8pPr marL="3429000" indent="-228600" algn="l" defTabSz="914400" rtl="0" eaLnBrk="1" latinLnBrk="0" hangingPunct="1"><a:spcBef><a:spcPct val="20000"/></a:spcBef><a:buFont typeface="Arial" panose="020B0604020202020204" pitchFamily="34" charset="0"/><a:buChar char="•"/><a:defRPr sz="2000" kern="1200"><a:solidFill><a:schemeClr val="tx1"/></a:solidFill><a:latin typeface="+mn-lt"/><a:ea typeface="+mn-ea"/><a:cs typeface="+mn-cs"/></a:defRPr></a:lvl8pPr><a:lvl9pPr marL="3886200" indent="-228600" algn="l" defTabSz="914400" rtl="0" eaLnBrk="1" latinLnBrk="0" hangingPunct="1"><a:spcBef><a:spcPct val="20000"/></a:spcBef><a:buFont typeface="Arial" panose="020B0604020202020204" pitchFamily="34" charset="0"/><a:buChar char="•"/><a:defRPr sz="2000" kern="1200"><a:solidFill><a:schemeClr val="tx1"/></a:solidFill><a:latin typeface="+mn-lt"/><a:ea typeface="+mn-ea"/><a:cs typeface="+mn-cs"/></a:defRPr></a:lvl9pPr></a:lstStyle><a:p><a:pPr><a:buFontTx/><a:buNone/></a:pPr><a:r><a:rPr lang="en-US" altLang="en-US" sz="2800" b="1" dirty="0" smtClean="0"><a:solidFill><a:prstClr val="black"/></a:solidFill><a:latin typeface="Proxima Nova Bold"/><a:cs typeface="Proxima Nova Bold"/></a:rPr><a:t>Code of Ethics and Business Conduct</a:t></a:r><a:endParaRPr lang="en-GB" sz="2800" b="1" dirty="0"><a:solidFill><a:prstClr val="black"/></a:solidFill><a:latin typeface="Proxima Nova Bold"/><a:cs typeface="Proxima Nova Bold"/></a:endParaRPr></a:p></p:txBody></p:sp><p:sp><p:nvSpPr><p:cNvPr id="9" name="Rectangle 8"/><p:cNvSpPr/><p:nvPr/></p:nvSpPr><p:spPr><a:xfrm><a:off x="8542917" y="6492049"/><a:ext cx="280149" cy="246757"/></a:xfrm><a:prstGeom prst="rect"><a:avLst/></a:prstGeom><a:solidFill><a:schemeClr val="bg1"/></a:solidFill><a:ln><a:solidFill><a:schemeClr val="bg1"/></a:solidFill></a:ln></p:spPr><p:style><a:lnRef idx="2"><a:schemeClr val="accent1"><a:shade val="50000"/></a:schemeClr></a:lnRef><a:fillRef idx="1"><a:schemeClr val="accent1"/></a:fillRef><a:effectRef idx="0"><a:schemeClr val="accent1"/></a:effectRef><a:fontRef idx="minor"><a:schemeClr val="lt1"/></a:fontRef></p:style><p:txBody><a:bodyPr rtlCol="0" anchor="ctr"/><a:lstStyle/><a:p><a:pPr algn="ctr"/><a:endParaRPr lang="en-GB"/></a:p></p:txBody></p:sp></p:spTree><p:extLst><p:ext uri="{BB962C8B-B14F-4D97-AF65-F5344CB8AC3E}"><p14:creationId xmlns:p14="http://schemas.microsoft.com/office/powerpoint/2010/main" val="2113393974"/></p:ext></p:extLst></p:cSld><p:clrMapOvr><a:masterClrMapping/></p:clrMapOvr><p:timing><p:tnLst><p:par><p:cTn id="1" dur="indefinite" restart="never" nodeType="tmRoot"/></p:par></p:tnLst></p:timing></p:sld>