<?xml version="1.0" encoding="UTF-8" standalone="yes"?>
<p:sld xmlns:a="http://schemas.openxmlformats.org/drawingml/2006/main" xmlns:r="http://schemas.openxmlformats.org/officeDocument/2006/relationships" xmlns:p="http://schemas.openxmlformats.org/presentationml/2006/main"><p:cSld><p:spTree><p:nvGrpSpPr><p:cNvPr id="1" name=""/><p:cNvGrpSpPr/><p:nvPr/></p:nvGrpSpPr><p:grpSpPr><a:xfrm><a:off x="0" y="0"/><a:ext cx="0" cy="0"/><a:chOff x="0" y="0"/><a:chExt cx="0" cy="0"/></a:xfrm></p:grpSpPr><p:sp><p:nvSpPr><p:cNvPr id="13" name="TextBox 12"/><p:cNvSpPr txBox="1"/><p:nvPr/></p:nvSpPr><p:spPr><a:xfrm><a:off x="2364108" y="5096342"/><a:ext cx="890845" cy="338554"/></a:xfrm><a:prstGeom prst="rect"><a:avLst/></a:prstGeom><a:noFill/></p:spPr><p:txBody><a:bodyPr wrap="square" rtlCol="0"><a:spAutoFit/></a:bodyPr><a:lstStyle/><a:p><a:pPr algn="ctr" defTabSz="914400" fontAlgn="base"><a:spcBef><a:spcPct val="0"/></a:spcBef><a:spcAft><a:spcPct val="0"/></a:spcAft></a:pPr><a:r><a:rPr lang="en-US" sz="800" dirty="0" smtClean="0"><a:solidFill><a:srgbClr val="000000"/></a:solidFill><a:latin typeface="Proxima Nova Semibold"/><a:cs typeface="Proxima Nova Semibold"/></a:rPr><a:t>LIMITED SERVICE</a:t></a:r><a:endParaRPr lang="en-US" sz="800" dirty="0"><a:solidFill><a:srgbClr val="000000"/></a:solidFill><a:latin typeface="Proxima Nova Semibold"/><a:cs typeface="Proxima Nova Semibold"/></a:endParaRPr></a:p></p:txBody></p:sp><p:sp><p:nvSpPr><p:cNvPr id="14" name="TextBox 13"/><p:cNvSpPr txBox="1"/><p:nvPr/></p:nvSpPr><p:spPr><a:xfrm><a:off x="971600" y="1985263"/><a:ext cx="1877810" cy="215444"/></a:xfrm><a:prstGeom prst="rect"><a:avLst/></a:prstGeom><a:noFill/></p:spPr><p:txBody><a:bodyPr wrap="square" rtlCol="0"><a:spAutoFit/></a:bodyPr><a:lstStyle/><a:p><a:pPr defTabSz="914400" fontAlgn="base"><a:spcBef><a:spcPct val="0"/></a:spcBef><a:spcAft><a:spcPct val="0"/></a:spcAft></a:pPr><a:r><a:rPr lang="en-US" sz="800" dirty="0" smtClean="0"><a:solidFill><a:srgbClr val="000000"/></a:solidFill><a:latin typeface="Proxima Nova Semibold"/><a:cs typeface="Proxima Nova Semibold"/></a:rPr><a:t>LUXURY</a:t></a:r><a:endParaRPr lang="en-US" sz="800" dirty="0"><a:solidFill><a:srgbClr val="000000"/></a:solidFill><a:latin typeface="Proxima Nova Semibold"/><a:cs typeface="Proxima Nova Semibold"/></a:endParaRPr></a:p></p:txBody></p:sp><p:sp><p:nvSpPr><p:cNvPr id="15" name="TextBox 14"/><p:cNvSpPr txBox="1"/><p:nvPr/></p:nvSpPr><p:spPr><a:xfrm><a:off x="971600" y="2420888"/><a:ext cx="1877810" cy="338554"/></a:xfrm><a:prstGeom prst="rect"><a:avLst/></a:prstGeom><a:noFill/></p:spPr><p:txBody><a:bodyPr wrap="square" rtlCol="0"><a:spAutoFit/></a:bodyPr><a:lstStyle/><a:p><a:pPr defTabSz="914400" fontAlgn="base"><a:spcBef><a:spcPct val="0"/></a:spcBef><a:spcAft><a:spcPct val="0"/></a:spcAft></a:pPr><a:r><a:rPr lang="en-US" sz="800" dirty="0" smtClean="0"><a:solidFill><a:srgbClr val="000000"/></a:solidFill><a:latin typeface="Proxima Nova Semibold"/><a:cs typeface="Proxima Nova Semibold"/></a:rPr><a:t>UPPER</a:t></a:r></a:p><a:p><a:pPr defTabSz="914400" fontAlgn="base"><a:spcBef><a:spcPct val="0"/></a:spcBef><a:spcAft><a:spcPct val="0"/></a:spcAft></a:pPr><a:r><a:rPr lang="en-US" sz="800" dirty="0" smtClean="0"><a:solidFill><a:srgbClr val="000000"/></a:solidFill><a:latin typeface="Proxima Nova Semibold"/><a:cs typeface="Proxima Nova Semibold"/></a:rPr><a:t>UPSCALE</a:t></a:r><a:endParaRPr lang="en-US" sz="800" dirty="0"><a:solidFill><a:srgbClr val="000000"/></a:solidFill><a:latin typeface="Proxima Nova Semibold"/><a:cs typeface="Proxima Nova Semibold"/></a:endParaRPr></a:p></p:txBody></p:sp><p:sp><p:nvSpPr><p:cNvPr id="16" name="TextBox 15"/><p:cNvSpPr txBox="1"/><p:nvPr/></p:nvSpPr><p:spPr><a:xfrm><a:off x="971600" y="3024627"/><a:ext cx="1648150" cy="215444"/></a:xfrm><a:prstGeom prst="rect"><a:avLst/></a:prstGeom><a:noFill/></p:spPr><p:txBody><a:bodyPr wrap="square" rtlCol="0"><a:spAutoFit/></a:bodyPr><a:lstStyle/><a:p><a:pPr defTabSz="914400" fontAlgn="base"><a:spcBef><a:spcPct val="0"/></a:spcBef><a:spcAft><a:spcPct val="0"/></a:spcAft></a:pPr><a:r><a:rPr lang="en-US" sz="800" dirty="0" smtClean="0"><a:solidFill><a:srgbClr val="000000"/></a:solidFill><a:latin typeface="Proxima Nova Semibold"/><a:cs typeface="Proxima Nova Semibold"/></a:rPr><a:t>UPSCALE</a:t></a:r><a:endParaRPr lang="en-US" sz="800" dirty="0"><a:solidFill><a:srgbClr val="000000"/></a:solidFill><a:latin typeface="Proxima Nova Semibold"/><a:cs typeface="Proxima Nova Semibold"/></a:endParaRPr></a:p></p:txBody></p:sp><p:sp><p:nvSpPr><p:cNvPr id="17" name="TextBox 16"/><p:cNvSpPr txBox="1"/><p:nvPr/></p:nvSpPr><p:spPr><a:xfrm><a:off x="971600" y="3467674"/><a:ext cx="1985886" cy="338554"/></a:xfrm><a:prstGeom prst="rect"><a:avLst/></a:prstGeom><a:noFill/></p:spPr><p:txBody><a:bodyPr wrap="square" rtlCol="0"><a:spAutoFit/></a:bodyPr><a:lstStyle/><a:p><a:pPr defTabSz="914400" fontAlgn="base"><a:spcBef><a:spcPct val="0"/></a:spcBef><a:spcAft><a:spcPct val="0"/></a:spcAft></a:pPr><a:r><a:rPr lang="en-US" sz="800" dirty="0" smtClean="0"><a:solidFill><a:srgbClr val="000000"/></a:solidFill><a:latin typeface="Proxima Nova Semibold"/><a:cs typeface="Proxima Nova Semibold"/></a:rPr><a:t>UPPER </a:t></a:r></a:p><a:p><a:pPr defTabSz="914400" fontAlgn="base"><a:spcBef><a:spcPct val="0"/></a:spcBef><a:spcAft><a:spcPct val="0"/></a:spcAft></a:pPr><a:r><a:rPr lang="en-US" sz="800" dirty="0" smtClean="0"><a:solidFill><a:srgbClr val="000000"/></a:solidFill><a:latin typeface="Proxima Nova Semibold"/><a:cs typeface="Proxima Nova Semibold"/></a:rPr><a:t>MIDSCALE</a:t></a:r><a:endParaRPr lang="en-US" sz="800" dirty="0"><a:solidFill><a:srgbClr val="000000"/></a:solidFill><a:latin typeface="Proxima Nova Semibold"/><a:cs typeface="Proxima Nova Semibold"/></a:endParaRPr></a:p></p:txBody></p:sp><p:sp><p:nvSpPr><p:cNvPr id="18" name="TextBox 17"/><p:cNvSpPr txBox="1"/><p:nvPr/></p:nvSpPr><p:spPr><a:xfrm><a:off x="971600" y="4080421"/><a:ext cx="1891320" cy="215444"/></a:xfrm><a:prstGeom prst="rect"><a:avLst/></a:prstGeom><a:noFill/></p:spPr><p:txBody><a:bodyPr wrap="square" rtlCol="0"><a:spAutoFit/></a:bodyPr><a:lstStyle/><a:p><a:pPr defTabSz="914400" fontAlgn="base"><a:spcBef><a:spcPct val="0"/></a:spcBef><a:spcAft><a:spcPct val="0"/></a:spcAft></a:pPr><a:r><a:rPr lang="en-US" sz="800" dirty="0" smtClean="0"><a:solidFill><a:srgbClr val="000000"/></a:solidFill><a:latin typeface="Proxima Nova Semibold"/><a:cs typeface="Proxima Nova Semibold"/></a:rPr><a:t>MIDSCALE</a:t></a:r><a:endParaRPr lang="en-US" sz="800" dirty="0"><a:solidFill><a:srgbClr val="000000"/></a:solidFill><a:latin typeface="Proxima Nova Semibold"/><a:cs typeface="Proxima Nova Semibold"/></a:endParaRPr></a:p></p:txBody></p:sp><p:sp><p:nvSpPr><p:cNvPr id="19" name="TextBox 18"/><p:cNvSpPr txBox="1"/><p:nvPr/></p:nvSpPr><p:spPr><a:xfrm><a:off x="971600" y="4613512"/><a:ext cx="1891320" cy="215444"/></a:xfrm><a:prstGeom prst="rect"><a:avLst/></a:prstGeom><a:noFill/></p:spPr><p:txBody><a:bodyPr wrap="square" rtlCol="0"><a:spAutoFit/></a:bodyPr><a:lstStyle/><a:p><a:pPr defTabSz="914400" fontAlgn="base"><a:spcBef><a:spcPct val="0"/></a:spcBef><a:spcAft><a:spcPct val="0"/></a:spcAft></a:pPr><a:r><a:rPr lang="en-US" sz="800" dirty="0" smtClean="0"><a:solidFill><a:srgbClr val="000000"/></a:solidFill><a:latin typeface="Proxima Nova Semibold"/><a:cs typeface="Proxima Nova Semibold"/></a:rPr><a:t>ECONOMY</a:t></a:r><a:endParaRPr lang="en-US" sz="800" dirty="0"><a:solidFill><a:srgbClr val="000000"/></a:solidFill><a:latin typeface="Proxima Nova Semibold"/><a:cs typeface="Proxima Nova Semibold"/></a:endParaRPr></a:p></p:txBody></p:sp><p:cxnSp><p:nvCxnSpPr><p:cNvPr id="20" name="Straight Connector 19"/><p:cNvCxnSpPr/><p:nvPr/></p:nvCxnSpPr><p:spPr><a:xfrm><a:off x="1011564" y="5037241"/><a:ext cx="7121712" cy="0"/></a:xfrm><a:prstGeom prst="line"><a:avLst/></a:prstGeom><a:ln w="15875"><a:solidFill><a:srgbClr val="FF0000"/></a:solidFill><a:headEnd type="none" w="med" len="med"/><a:tailEnd type="triangle" w="med" len="med"/></a:ln></p:spPr><p:style><a:lnRef idx="1"><a:schemeClr val="accent1"/></a:lnRef><a:fillRef idx="0"><a:schemeClr val="accent1"/></a:fillRef><a:effectRef idx="0"><a:schemeClr val="accent1"/></a:effectRef><a:fontRef idx="minor"><a:schemeClr val="tx1"/></a:fontRef></p:style></p:cxnSp><p:cxnSp><p:nvCxnSpPr><p:cNvPr id="21" name="Straight Connector 20"/><p:cNvCxnSpPr/><p:nvPr/></p:nvCxnSpPr><p:spPr><a:xfrm><a:off x="2344656" y="1821224"/><a:ext cx="0" cy="3696366"/></a:xfrm><a:prstGeom prst="line"><a:avLst/></a:prstGeom><a:ln w="15875"><a:solidFill><a:srgbClr val="FF0000"/></a:solidFill><a:headEnd type="arrow" w="med" len="med"/><a:tailEnd type="none" w="med" len="med"/></a:ln></p:spPr><p:style><a:lnRef idx="1"><a:schemeClr val="accent1"/></a:lnRef><a:fillRef idx="0"><a:schemeClr val="accent1"/></a:fillRef><a:effectRef idx="0"><a:schemeClr val="accent1"/></a:effectRef><a:fontRef idx="minor"><a:schemeClr val="tx1"/></a:fontRef></p:style></p:cxnSp><p:cxnSp><p:nvCxnSpPr><p:cNvPr id="22" name="Straight Connector 21"/><p:cNvCxnSpPr/><p:nvPr/></p:nvCxnSpPr><p:spPr><a:xfrm><a:off x="3271180" y="1821224"/><a:ext cx="0" cy="3696366"/></a:xfrm><a:prstGeom prst="line"><a:avLst/></a:prstGeom><a:ln w="12700"><a:solidFill><a:srgbClr val="B0B0B0"/></a:solidFill><a:headEnd type="none" w="med" len="med"/><a:tailEnd type="none" w="med" len="med"/></a:ln></p:spPr><p:style><a:lnRef idx="1"><a:schemeClr val="accent1"/></a:lnRef><a:fillRef idx="0"><a:schemeClr val="accent1"/></a:fillRef><a:effectRef idx="0"><a:schemeClr val="accent1"/></a:effectRef><a:fontRef idx="minor"><a:schemeClr val="tx1"/></a:fontRef></p:style></p:cxnSp><p:cxnSp><p:nvCxnSpPr><p:cNvPr id="23" name="Straight Connector 22"/><p:cNvCxnSpPr/><p:nvPr/></p:nvCxnSpPr><p:spPr><a:xfrm flipH="1"><a:off x="4230640" y="1821225"/><a:ext cx="15445" cy="3697644"/></a:xfrm><a:prstGeom prst="line"><a:avLst/></a:prstGeom><a:ln w="12700"><a:solidFill><a:srgbClr val="B0B0B0"/></a:solidFill><a:headEnd type="none" w="med" len="med"/><a:tailEnd type="none" w="med" len="med"/></a:ln></p:spPr><p:style><a:lnRef idx="1"><a:schemeClr val="accent1"/></a:lnRef><a:fillRef idx="0"><a:schemeClr val="accent1"/></a:fillRef><a:effectRef idx="0"><a:schemeClr val="accent1"/></a:effectRef><a:fontRef idx="minor"><a:schemeClr val="tx1"/></a:fontRef></p:style></p:cxnSp><p:sp><p:nvSpPr><p:cNvPr id="24" name="TextBox 23"/><p:cNvSpPr txBox="1"/><p:nvPr/></p:nvSpPr><p:spPr><a:xfrm><a:off x="3249265" y="5096342"/><a:ext cx="1021693" cy="338554"/></a:xfrm><a:prstGeom prst="rect"><a:avLst/></a:prstGeom><a:noFill/></p:spPr><p:txBody><a:bodyPr wrap="square" rtlCol="0"><a:spAutoFit/></a:bodyPr><a:lstStyle/><a:p><a:pPr algn="ctr" defTabSz="914400" fontAlgn="base"><a:spcBef><a:spcPct val="0"/></a:spcBef><a:spcAft><a:spcPct val="0"/></a:spcAft></a:pPr><a:r><a:rPr lang="en-US" sz="800" dirty="0"><a:solidFill><a:srgbClr val="000000"/></a:solidFill><a:latin typeface="Proxima Nova Semibold"/><a:cs typeface="Proxima Nova Semibold"/></a:rPr><a:t>SELECT </a:t></a:r><a:br><a:rPr lang="en-US" sz="800" dirty="0"><a:solidFill><a:srgbClr val="000000"/></a:solidFill><a:latin typeface="Proxima Nova Semibold"/><a:cs typeface="Proxima Nova Semibold"/></a:rPr></a:br><a:r><a:rPr lang="en-US" sz="800" dirty="0"><a:solidFill><a:srgbClr val="000000"/></a:solidFill><a:latin typeface="Proxima Nova Semibold"/><a:cs typeface="Proxima Nova Semibold"/></a:rPr><a:t>SERVICE</a:t></a:r></a:p></p:txBody></p:sp><p:cxnSp><p:nvCxnSpPr><p:cNvPr id="25" name="Straight Connector 24"/><p:cNvCxnSpPr/><p:nvPr/></p:nvCxnSpPr><p:spPr><a:xfrm><a:off x="1011564" y="4510433"/><a:ext cx="7121712" cy="0"/></a:xfrm><a:prstGeom prst="line"><a:avLst/></a:prstGeom><a:ln w="12700"><a:solidFill><a:srgbClr val="B0B0B0"/></a:solidFill><a:headEnd type="none" w="med" len="med"/><a:tailEnd type="none" w="med" len="med"/></a:ln></p:spPr><p:style><a:lnRef idx="1"><a:schemeClr val="accent1"/></a:lnRef><a:fillRef idx="0"><a:schemeClr val="accent1"/></a:fillRef><a:effectRef idx="0"><a:schemeClr val="accent1"/></a:effectRef><a:fontRef idx="minor"><a:schemeClr val="tx1"/></a:fontRef></p:style></p:cxnSp><p:cxnSp><p:nvCxnSpPr><p:cNvPr id="26" name="Straight Connector 25"/><p:cNvCxnSpPr/><p:nvPr/></p:nvCxnSpPr><p:spPr><a:xfrm><a:off x="1011564" y="3983625"/><a:ext cx="7121712" cy="0"/></a:xfrm><a:prstGeom prst="line"><a:avLst/></a:prstGeom><a:ln w="12700"><a:solidFill><a:srgbClr val="B0B0B0"/></a:solidFill><a:headEnd type="none" w="med" len="med"/><a:tailEnd type="none" w="med" len="med"/></a:ln></p:spPr><p:style><a:lnRef idx="1"><a:schemeClr val="accent1"/></a:lnRef><a:fillRef idx="0"><a:schemeClr val="accent1"/></a:fillRef><a:effectRef idx="0"><a:schemeClr val="accent1"/></a:effectRef><a:fontRef idx="minor"><a:schemeClr val="tx1"/></a:fontRef></p:style></p:cxnSp><p:cxnSp><p:nvCxnSpPr><p:cNvPr id="27" name="Straight Connector 26"/><p:cNvCxnSpPr/><p:nvPr/></p:nvCxnSpPr><p:spPr><a:xfrm><a:off x="1011564" y="3456818"/><a:ext cx="7121712" cy="0"/></a:xfrm><a:prstGeom prst="line"><a:avLst/></a:prstGeom><a:ln w="12700"><a:solidFill><a:srgbClr val="B0B0B0"/></a:solidFill><a:headEnd type="none" w="med" len="med"/><a:tailEnd type="none" w="med" len="med"/></a:ln></p:spPr><p:style><a:lnRef idx="1"><a:schemeClr val="accent1"/></a:lnRef><a:fillRef idx="0"><a:schemeClr val="accent1"/></a:fillRef><a:effectRef idx="0"><a:schemeClr val="accent1"/></a:effectRef><a:fontRef idx="minor"><a:schemeClr val="tx1"/></a:fontRef></p:style></p:cxnSp><p:cxnSp><p:nvCxnSpPr><p:cNvPr id="28" name="Straight Connector 27"/><p:cNvCxnSpPr/><p:nvPr/></p:nvCxnSpPr><p:spPr><a:xfrm><a:off x="1011564" y="2930010"/><a:ext cx="7121712" cy="0"/></a:xfrm><a:prstGeom prst="line"><a:avLst/></a:prstGeom><a:ln w="12700"><a:solidFill><a:srgbClr val="B0B0B0"/></a:solidFill><a:headEnd type="none" w="med" len="med"/><a:tailEnd type="none" w="med" len="med"/></a:ln></p:spPr><p:style><a:lnRef idx="1"><a:schemeClr val="accent1"/></a:lnRef><a:fillRef idx="0"><a:schemeClr val="accent1"/></a:fillRef><a:effectRef idx="0"><a:schemeClr val="accent1"/></a:effectRef><a:fontRef idx="minor"><a:schemeClr val="tx1"/></a:fontRef></p:style></p:cxnSp><p:cxnSp><p:nvCxnSpPr><p:cNvPr id="29" name="Straight Connector 28"/><p:cNvCxnSpPr/><p:nvPr/></p:nvCxnSpPr><p:spPr><a:xfrm><a:off x="1011564" y="2403202"/><a:ext cx="7121712" cy="0"/></a:xfrm><a:prstGeom prst="line"><a:avLst/></a:prstGeom><a:ln w="12700"><a:solidFill><a:srgbClr val="B0B0B0"/></a:solidFill><a:headEnd type="none" w="med" len="med"/><a:tailEnd type="none" w="med" len="med"/></a:ln></p:spPr><p:style><a:lnRef idx="1"><a:schemeClr val="accent1"/></a:lnRef><a:fillRef idx="0"><a:schemeClr val="accent1"/></a:fillRef><a:effectRef idx="0"><a:schemeClr val="accent1"/></a:effectRef><a:fontRef idx="minor"><a:schemeClr val="tx1"/></a:fontRef></p:style></p:cxnSp><p:sp><p:nvSpPr><p:cNvPr id="30" name="TextBox 29"/><p:cNvSpPr txBox="1"/><p:nvPr/></p:nvSpPr><p:spPr><a:xfrm><a:off x="4961306" y="5114510"/><a:ext cx="2227367" cy="215444"/></a:xfrm><a:prstGeom prst="rect"><a:avLst/></a:prstGeom><a:noFill/></p:spPr><p:txBody><a:bodyPr wrap="square" rtlCol="0"><a:spAutoFit/></a:bodyPr><a:lstStyle/><a:p><a:pPr algn="ctr" defTabSz="914400" fontAlgn="base"><a:spcBef><a:spcPct val="0"/></a:spcBef><a:spcAft><a:spcPct val="0"/></a:spcAft></a:pPr><a:r><a:rPr lang="en-US" sz="800" dirty="0"><a:solidFill><a:srgbClr val="000000"/></a:solidFill><a:latin typeface="Proxima Nova Semibold"/><a:cs typeface="Proxima Nova Semibold"/></a:rPr><a:t>FULL SERVICE</a:t></a:r></a:p></p:txBody></p:sp><p:pic><p:nvPicPr><p:cNvPr id="31" name="Picture 6" descr="Park Plaza Hotels &amp; Resorts-clr"/><p:cNvPicPr><a:picLocks noChangeAspect="1" noChangeArrowheads="1"/></p:cNvPicPr><p:nvPr/></p:nvPicPr><p:blipFill><a:blip r:embed="rId3" cstate="print"><a:clrChange><a:clrFrom><a:srgbClr val="FFFFFF"/></a:clrFrom><a:clrTo><a:srgbClr val="FFFFFF"><a:alpha val="0"/></a:srgbClr></a:clrTo></a:clrChange></a:blip><a:srcRect/><a:stretch><a:fillRect/></a:stretch></p:blipFill><p:spPr bwMode="auto"><a:xfrm><a:off x="4298873" y="2990873"/><a:ext cx="658544" cy="397245"/></a:xfrm><a:prstGeom prst="rect"><a:avLst/></a:prstGeom><a:noFill/><a:ln w="9525"><a:noFill/><a:miter lim="800000"/><a:headEnd/><a:tailEnd/></a:ln></p:spPr></p:pic><p:pic><p:nvPicPr><p:cNvPr id="32" name="Picture 31" descr="PI by R.JPG"/><p:cNvPicPr><a:picLocks noChangeAspect="1"/></p:cNvPicPr><p:nvPr/></p:nvPicPr><p:blipFill><a:blip r:embed="rId4" cstate="print"/><a:stretch><a:fillRect/></a:stretch></p:blipFill><p:spPr><a:xfrm><a:off x="3343473" y="3609160"/><a:ext cx="783529" cy="276443"/></a:xfrm><a:prstGeom prst="rect"><a:avLst/></a:prstGeom></p:spPr></p:pic><p:pic><p:nvPicPr><p:cNvPr id="33" name="Picture 1" descr="C:\Documents and Settings\UJXE288\Desktop\brand logos 01.18.12\Brand Logos\RAD_Blu\RADBlu_cmyk_Logo.jpg"/><p:cNvPicPr><a:picLocks noChangeAspect="1" noChangeArrowheads="1"/></p:cNvPicPr><p:nvPr/></p:nvPicPr><p:blipFill><a:blip r:embed="rId5" cstate="print"/><a:srcRect/><a:stretch><a:fillRect/></a:stretch></p:blipFill><p:spPr bwMode="auto"><a:xfrm><a:off x="5822367" y="2436708"/><a:ext cx="1046125" cy="451184"/></a:xfrm><a:prstGeom prst="rect"><a:avLst/></a:prstGeom><a:noFill/></p:spPr></p:pic><p:pic><p:nvPicPr><p:cNvPr id="34" name="Picture 2" descr="C:\Documents and Settings\UJXE288\Desktop\brand logos 01.18.12\Brand Logos\RAD_Green\RadGreen_Logo-01.jpg"/><p:cNvPicPr><a:picLocks noChangeAspect="1" noChangeArrowheads="1"/></p:cNvPicPr><p:nvPr/></p:nvPicPr><p:blipFill><a:blip r:embed="rId6" cstate="print"/><a:srcRect l="9974" t="32292" r="8093" b="26562"/><a:stretch><a:fillRect/></a:stretch></p:blipFill><p:spPr bwMode="auto"><a:xfrm><a:off x="5039690" y="3044352"/><a:ext cx="906601" cy="397936"/></a:xfrm><a:prstGeom prst="rect"><a:avLst/></a:prstGeom><a:noFill/></p:spPr></p:pic><p:pic><p:nvPicPr><p:cNvPr id="35" name="Picture 2" descr="C:\Users\u12ac14\Desktop\JPGS\RADISSON LOGO.jpg"/><p:cNvPicPr><a:picLocks noChangeAspect="1" noChangeArrowheads="1"/></p:cNvPicPr><p:nvPr/></p:nvPicPr><p:blipFill><a:blip r:embed="rId7" cstate="print"/><a:srcRect/><a:stretch><a:fillRect/></a:stretch></p:blipFill><p:spPr bwMode="auto"><a:xfrm><a:off x="3319046" y="3082481"/><a:ext cx="861948" cy="265471"/></a:xfrm><a:prstGeom prst="rect"><a:avLst/></a:prstGeom><a:noFill/></p:spPr></p:pic><p:pic><p:nvPicPr><p:cNvPr id="36" name="Picture 4"/><p:cNvPicPr><a:picLocks noChangeAspect="1" noChangeArrowheads="1"/></p:cNvPicPr><p:nvPr/></p:nvPicPr><p:blipFill><a:blip r:embed="rId8" cstate="print"><a:clrChange><a:clrFrom><a:srgbClr val="FFFEFC"/></a:clrFrom><a:clrTo><a:srgbClr val="FFFEFC"><a:alpha val="0"/></a:srgbClr></a:clrTo></a:clrChange></a:blip><a:srcRect/><a:stretch><a:fillRect/></a:stretch></p:blipFill><p:spPr bwMode="auto"><a:xfrm><a:off x="2415209" y="3513087"/><a:ext cx="768645" cy="381000"/></a:xfrm><a:prstGeom prst="rect"><a:avLst/></a:prstGeom><a:noFill/><a:ln w="9525"><a:noFill/><a:miter lim="800000"/><a:headEnd/><a:tailEnd/></a:ln></p:spPr></p:pic><p:pic><p:nvPicPr><p:cNvPr id="37" name="Picture 2" descr="C:\Users\urxk315\AppData\Local\Microsoft\Windows\Temporary Internet Files\Content.Outlook\SVYR7U9W\QUORVUS COLLECTION_TALL_CMYK.jpg"/><p:cNvPicPr><a:picLocks noChangeAspect="1" noChangeArrowheads="1"/></p:cNvPicPr><p:nvPr/></p:nvPicPr><p:blipFill><a:blip r:embed="rId9"/><a:srcRect/><a:stretch><a:fillRect/></a:stretch></p:blipFill><p:spPr bwMode="auto"><a:xfrm><a:off x="6997629" y="1788977"/><a:ext cx="750226" cy="476738"/></a:xfrm><a:prstGeom prst="rect"><a:avLst/></a:prstGeom><a:noFill/></p:spPr></p:pic><p:sp><p:nvSpPr><p:cNvPr id="38" name="Content Placeholder 2"/><p:cNvSpPr txBox="1"><a:spLocks/></p:cNvSpPr><p:nvPr/></p:nvSpPr><p:spPr><a:xfrm><a:off x="683568" y="620688"/><a:ext cx="7560840" cy="864096"/></a:xfrm><a:prstGeom prst="rect"><a:avLst/></a:prstGeom></p:spPr><p:txBody><a:bodyPr vert="horz" lIns="91440" tIns="45720" rIns="91440" bIns="45720" rtlCol="0"><a:normAutofit/></a:bodyPr><a:lstStyle><a:lvl1pPr marL="342900" indent="-342900" algn="l" defTabSz="914400" rtl="0" eaLnBrk="1" latinLnBrk="0" hangingPunct="1"><a:lnSpc><a:spcPct val="80000"/></a:lnSpc><a:spcBef><a:spcPct val="20000"/></a:spcBef><a:buFont typeface="Arial" panose="020B0604020202020204" pitchFamily="34" charset="0"/><a:buChar char="•"/><a:defRPr sz="2000" b="0" i="0" kern="1200"><a:solidFill><a:schemeClr val="tx1"/></a:solidFill><a:latin typeface="Proxima Nova Light"/><a:ea typeface="+mn-ea"/><a:cs typeface="Proxima Nova Light"/></a:defRPr></a:lvl1pPr><a:lvl2pPr marL="742950" indent="-285750" algn="l" defTabSz="914400" rtl="0" eaLnBrk="1" latinLnBrk="0" hangingPunct="1"><a:lnSpc><a:spcPct val="80000"/></a:lnSpc><a:spcBef><a:spcPct val="20000"/></a:spcBef><a:buFont typeface="Arial" panose="020B0604020202020204" pitchFamily="34" charset="0"/><a:buChar char="–"/><a:defRPr sz="2000" b="0" i="0" kern="1200"><a:solidFill><a:schemeClr val="tx1"/></a:solidFill><a:latin typeface="Proxima Nova Light"/><a:ea typeface="+mn-ea"/><a:cs typeface="Proxima Nova Light"/></a:defRPr></a:lvl2pPr><a:lvl3pPr marL="1143000" indent="-228600" algn="l" defTabSz="914400" rtl="0" eaLnBrk="1" latinLnBrk="0" hangingPunct="1"><a:lnSpc><a:spcPct val="80000"/></a:lnSpc><a:spcBef><a:spcPct val="20000"/></a:spcBef><a:buFont typeface="Arial" panose="020B0604020202020204" pitchFamily="34" charset="0"/><a:buChar char="•"/><a:defRPr sz="2000" b="0" i="0" kern="1200"><a:solidFill><a:schemeClr val="tx1"/></a:solidFill><a:latin typeface="Proxima Nova Light"/><a:ea typeface="+mn-ea"/><a:cs typeface="Proxima Nova Light"/></a:defRPr></a:lvl3pPr><a:lvl4pPr marL="1600200" indent="-228600" algn="l" defTabSz="914400" rtl="0" eaLnBrk="1" latinLnBrk="0" hangingPunct="1"><a:lnSpc><a:spcPct val="80000"/></a:lnSpc><a:spcBef><a:spcPct val="20000"/></a:spcBef><a:buFont typeface="Arial" panose="020B0604020202020204" pitchFamily="34" charset="0"/><a:buChar char="–"/><a:defRPr sz="2000" b="0" i="0" kern="1200"><a:solidFill><a:schemeClr val="tx1"/></a:solidFill><a:latin typeface="Proxima Nova Light"/><a:ea typeface="+mn-ea"/><a:cs typeface="Proxima Nova Light"/></a:defRPr></a:lvl4pPr><a:lvl5pPr marL="2057400" indent="-228600" algn="l" defTabSz="914400" rtl="0" eaLnBrk="1" latinLnBrk="0" hangingPunct="1"><a:lnSpc><a:spcPct val="80000"/></a:lnSpc><a:spcBef><a:spcPct val="20000"/></a:spcBef><a:buFont typeface="Arial" panose="020B0604020202020204" pitchFamily="34" charset="0"/><a:buChar char="»"/><a:defRPr sz="2000" b="0" i="0" kern="1200"><a:solidFill><a:schemeClr val="tx1"/></a:solidFill><a:latin typeface="Proxima Nova Light"/><a:ea typeface="+mn-ea"/><a:cs typeface="Proxima Nova Light"/></a:defRPr></a:lvl5pPr><a:lvl6pPr marL="2514600" indent="-228600" algn="l" defTabSz="914400" rtl="0" eaLnBrk="1" latinLnBrk="0" hangingPunct="1"><a:spcBef><a:spcPct val="20000"/></a:spcBef><a:buFont typeface="Arial" panose="020B0604020202020204" pitchFamily="34" charset="0"/><a:buChar char="•"/><a:defRPr sz="2000" kern="1200"><a:solidFill><a:schemeClr val="tx1"/></a:solidFill><a:latin typeface="+mn-lt"/><a:ea typeface="+mn-ea"/><a:cs typeface="+mn-cs"/></a:defRPr></a:lvl6pPr><a:lvl7pPr marL="2971800" indent="-228600" algn="l" defTabSz="914400" rtl="0" eaLnBrk="1" latinLnBrk="0" hangingPunct="1"><a:spcBef><a:spcPct val="20000"/></a:spcBef><a:buFont typeface="Arial" panose="020B0604020202020204" pitchFamily="34" charset="0"/><a:buChar char="•"/><a:defRPr sz="2000" kern="1200"><a:solidFill><a:schemeClr val="tx1"/></a:solidFill><a:latin typeface="+mn-lt"/><a:ea typeface="+mn-ea"/><a:cs typeface="+mn-cs"/></a:defRPr></a:lvl7pPr><a:lvl8pPr marL="3429000" indent="-228600" algn="l" defTabSz="914400" rtl="0" eaLnBrk="1" latinLnBrk="0" hangingPunct="1"><a:spcBef><a:spcPct val="20000"/></a:spcBef><a:buFont typeface="Arial" panose="020B0604020202020204" pitchFamily="34" charset="0"/><a:buChar char="•"/><a:defRPr sz="2000" kern="1200"><a:solidFill><a:schemeClr val="tx1"/></a:solidFill><a:latin typeface="+mn-lt"/><a:ea typeface="+mn-ea"/><a:cs typeface="+mn-cs"/></a:defRPr></a:lvl8pPr><a:lvl9pPr marL="3886200" indent="-228600" algn="l" defTabSz="914400" rtl="0" eaLnBrk="1" latinLnBrk="0" hangingPunct="1"><a:spcBef><a:spcPct val="20000"/></a:spcBef><a:buFont typeface="Arial" panose="020B0604020202020204" pitchFamily="34" charset="0"/><a:buChar char="•"/><a:defRPr sz="2000" kern="1200"><a:solidFill><a:schemeClr val="tx1"/></a:solidFill><a:latin typeface="+mn-lt"/><a:ea typeface="+mn-ea"/><a:cs typeface="+mn-cs"/></a:defRPr></a:lvl9pPr></a:lstStyle><a:p><a:pPr><a:buFontTx/><a:buNone/></a:pPr><a:r><a:rPr lang="en-US" altLang="en-US" sz="2800" b="1" dirty="0" smtClean="0"><a:solidFill><a:prstClr val="black"/></a:solidFill><a:latin typeface="Proxima Nova Bold"/><a:cs typeface="Proxima Nova Bold"/></a:rPr><a:t>Our global brand architecture</a:t></a:r><a:endParaRPr lang="en-GB" sz="2800" b="1" dirty="0"><a:solidFill><a:prstClr val="black"/></a:solidFill><a:latin typeface="Proxima Nova Bold"/><a:cs typeface="Proxima Nova Bold"/></a:endParaRPr></a:p></p:txBody></p:sp></p:spTree><p:extLst><p:ext uri="{BB962C8B-B14F-4D97-AF65-F5344CB8AC3E}"><p14:creationId xmlns:p14="http://schemas.microsoft.com/office/powerpoint/2010/main" val="2227817547"/></p:ext></p:extLst></p:cSld><p:clrMapOvr><a:masterClrMapping/></p:clrMapOvr><mc:AlternateContent xmlns:mc="http://schemas.openxmlformats.org/markup-compatibility/2006" xmlns:p14="http://schemas.microsoft.com/office/powerpoint/2010/main"><mc:Choice Requires="p14"><p:transition spd="slow" p14:dur="2500"><p:fade/></p:transition></mc:Choice><mc:Fallback xmlns=""><p:transition spd="slow"><p:fade/></p:transition></mc:Fallback></mc:AlternateContent><p:timing><p:tnLst><p:par><p:cTn id="1" dur="indefinite" restart="never" nodeType="tmRoot"/></p:par></p:tnLst></p:timing></p:sld>