<?xml version="1.0" encoding="UTF-8" standalone="yes"?>
<p:sld xmlns:a="http://schemas.openxmlformats.org/drawingml/2006/main" xmlns:r="http://schemas.openxmlformats.org/officeDocument/2006/relationships" xmlns:p="http://schemas.openxmlformats.org/presentationml/2006/main"><p:cSld><p:spTree><p:nvGrpSpPr><p:cNvPr id="1" name=""/><p:cNvGrpSpPr/><p:nvPr/></p:nvGrpSpPr><p:grpSpPr><a:xfrm><a:off x="0" y="0"/><a:ext cx="0" cy="0"/><a:chOff x="0" y="0"/><a:chExt cx="0" cy="0"/></a:xfrm></p:grpSpPr><p:sp><p:nvSpPr><p:cNvPr id="4" name="Slide Number Placeholder 3"/><p:cNvSpPr><a:spLocks noGrp="1"/></p:cNvSpPr><p:nvPr><p:ph type="sldNum" sz="quarter" idx="4"/></p:nvPr></p:nvSpPr><p:spPr/><p:txBody><a:bodyPr/><a:lstStyle/><a:p><a:fld id="{64A0274D-0BBD-4112-B835-ED6A1269B84A}" type="slidenum"><a:rPr/><a:pPr/><a:t>96</a:t></a:fld><a:endParaRPr dirty="0"/></a:p></p:txBody></p:sp><p:pic><p:nvPicPr><p:cNvPr id="8" name="Picture 7"/><p:cNvPicPr><a:picLocks noChangeAspect="1"/></p:cNvPicPr><p:nvPr/></p:nvPicPr><p:blipFill><a:blip r:embed="rId3"><a:extLst><a:ext uri="{28A0092B-C50C-407E-A947-70E740481C1C}"><a14:useLocalDpi xmlns:a14="http://schemas.microsoft.com/office/drawing/2010/main"/></a:ext></a:extLst></a:blip><a:stretch><a:fillRect/></a:stretch></p:blipFill><p:spPr><a:xfrm><a:off x="0" y="0"/><a:ext cx="9144000" cy="6857999"/></a:xfrm><a:prstGeom prst="rect"><a:avLst/></a:prstGeom></p:spPr></p:pic><p:sp><p:nvSpPr><p:cNvPr id="7" name="Rectangle 6"/><p:cNvSpPr/><p:nvPr/></p:nvSpPr><p:spPr bwMode="auto"><a:xfrm><a:off x="0" y="0"/><a:ext cx="9144000" cy="6858000"/></a:xfrm><a:prstGeom prst="rect"><a:avLst/></a:prstGeom><a:solidFill><a:srgbClr val="000000"/></a:solidFill><a:ln w="9525" cap="flat" cmpd="sng" algn="ctr"><a:noFill/><a:prstDash val="solid"/><a:round/><a:headEnd type="none" w="med" len="med"/><a:tailEnd type="none" w="med" len="med"/></a:ln><a:effectLst/></p:spPr><p:txBody><a:bodyPr vert="horz" wrap="square" lIns="91440" tIns="45720" rIns="91440" bIns="45720" numCol="1" rtlCol="0" anchor="t" anchorCtr="0" compatLnSpc="1"><a:prstTxWarp prst="textNoShape"><a:avLst/></a:prstTxWarp></a:bodyPr><a:lstStyle/><a:p><a:pPr defTabSz="1306513" fontAlgn="base"><a:spcBef><a:spcPct val="0"/></a:spcBef><a:spcAft><a:spcPct val="0"/></a:spcAft></a:pPr><a:endParaRPr lang="en-US" sz="2600" dirty="0" smtClean="0"><a:solidFill><a:srgbClr val="000000"/></a:solidFill><a:latin typeface="Arial" pitchFamily="34" charset="0"/></a:endParaRPr></a:p></p:txBody></p:sp><p:sp><p:nvSpPr><p:cNvPr id="9" name="Title 1"/><p:cNvSpPr txBox="1"><a:spLocks/></p:cNvSpPr><p:nvPr/></p:nvSpPr><p:spPr><a:xfrm><a:off x="2270146" y="2701497"/><a:ext cx="5080680" cy="998806"/></a:xfrm><a:prstGeom prst="rect"><a:avLst/></a:prstGeom></p:spPr><p:txBody><a:bodyPr anchor="b"><a:normAutofit/></a:bodyPr><a:lstStyle><a:lvl1pPr algn="l" defTabSz="914559" rtl="0" fontAlgn="base"><a:lnSpc><a:spcPct val="85000"/></a:lnSpc><a:spcBef><a:spcPct val="0"/></a:spcBef><a:spcAft><a:spcPct val="0"/></a:spcAft><a:defRPr sz="2800" b="0"><a:solidFill><a:schemeClr val="tx1"/></a:solidFill><a:latin typeface="Gill Sans Std Light" pitchFamily="34" charset="0"/><a:ea typeface="+mj-ea"/><a:cs typeface="Arial" pitchFamily="34" charset="0"/></a:defRPr></a:lvl1pPr><a:lvl2pPr algn="l" defTabSz="914559" rtl="0" fontAlgn="base"><a:lnSpc><a:spcPct val="85000"/></a:lnSpc><a:spcBef><a:spcPct val="0"/></a:spcBef><a:spcAft><a:spcPct val="0"/></a:spcAft><a:defRPr sz="3500" b="1"><a:solidFill><a:schemeClr val="tx2"/></a:solidFill><a:latin typeface="Calibri" pitchFamily="34" charset="0"/></a:defRPr></a:lvl2pPr><a:lvl3pPr algn="l" defTabSz="914559" rtl="0" fontAlgn="base"><a:lnSpc><a:spcPct val="85000"/></a:lnSpc><a:spcBef><a:spcPct val="0"/></a:spcBef><a:spcAft><a:spcPct val="0"/></a:spcAft><a:defRPr sz="3500" b="1"><a:solidFill><a:schemeClr val="tx2"/></a:solidFill><a:latin typeface="Calibri" pitchFamily="34" charset="0"/></a:defRPr></a:lvl3pPr><a:lvl4pPr algn="l" defTabSz="914559" rtl="0" fontAlgn="base"><a:lnSpc><a:spcPct val="85000"/></a:lnSpc><a:spcBef><a:spcPct val="0"/></a:spcBef><a:spcAft><a:spcPct val="0"/></a:spcAft><a:defRPr sz="3500" b="1"><a:solidFill><a:schemeClr val="tx2"/></a:solidFill><a:latin typeface="Calibri" pitchFamily="34" charset="0"/></a:defRPr></a:lvl4pPr><a:lvl5pPr algn="l" defTabSz="914559" rtl="0" fontAlgn="base"><a:lnSpc><a:spcPct val="85000"/></a:lnSpc><a:spcBef><a:spcPct val="0"/></a:spcBef><a:spcAft><a:spcPct val="0"/></a:spcAft><a:defRPr sz="3500" b="1"><a:solidFill><a:schemeClr val="tx2"/></a:solidFill><a:latin typeface="Calibri" pitchFamily="34" charset="0"/></a:defRPr></a:lvl5pPr><a:lvl6pPr marL="320040" algn="l" defTabSz="914559" rtl="0" fontAlgn="base"><a:lnSpc><a:spcPct val="85000"/></a:lnSpc><a:spcBef><a:spcPct val="0"/></a:spcBef><a:spcAft><a:spcPct val="0"/></a:spcAft><a:defRPr sz="3500" b="1"><a:solidFill><a:schemeClr val="tx2"/></a:solidFill><a:latin typeface="Calibri" pitchFamily="34" charset="0"/></a:defRPr></a:lvl6pPr><a:lvl7pPr marL="640080" algn="l" defTabSz="914559" rtl="0" fontAlgn="base"><a:lnSpc><a:spcPct val="85000"/></a:lnSpc><a:spcBef><a:spcPct val="0"/></a:spcBef><a:spcAft><a:spcPct val="0"/></a:spcAft><a:defRPr sz="3500" b="1"><a:solidFill><a:schemeClr val="tx2"/></a:solidFill><a:latin typeface="Calibri" pitchFamily="34" charset="0"/></a:defRPr></a:lvl7pPr><a:lvl8pPr marL="960120" algn="l" defTabSz="914559" rtl="0" fontAlgn="base"><a:lnSpc><a:spcPct val="85000"/></a:lnSpc><a:spcBef><a:spcPct val="0"/></a:spcBef><a:spcAft><a:spcPct val="0"/></a:spcAft><a:defRPr sz="3500" b="1"><a:solidFill><a:schemeClr val="tx2"/></a:solidFill><a:latin typeface="Calibri" pitchFamily="34" charset="0"/></a:defRPr></a:lvl8pPr><a:lvl9pPr marL="1280160" algn="l" defTabSz="914559" rtl="0" fontAlgn="base"><a:lnSpc><a:spcPct val="85000"/></a:lnSpc><a:spcBef><a:spcPct val="0"/></a:spcBef><a:spcAft><a:spcPct val="0"/></a:spcAft><a:defRPr sz="3500" b="1"><a:solidFill><a:schemeClr val="tx2"/></a:solidFill><a:latin typeface="Calibri" pitchFamily="34" charset="0"/></a:defRPr></a:lvl9pPr></a:lstStyle><a:p><a:r><a:rPr lang="en-US" sz="2200" kern="0" dirty="0" smtClean="0"><a:solidFill><a:srgbClr val="FFFFFF"/></a:solidFill></a:rPr><a:t>Park Inn by Radisson Brand Movie</a:t></a:r><a:endParaRPr lang="en-US" sz="2200" kern="0" dirty="0"><a:solidFill><a:srgbClr val="FFFFFF"/></a:solidFill></a:endParaRPr></a:p></p:txBody></p:sp></p:spTree><p:extLst><p:ext uri="{BB962C8B-B14F-4D97-AF65-F5344CB8AC3E}"><p14:creationId xmlns:p14="http://schemas.microsoft.com/office/powerpoint/2010/main" val="1836666561"/></p:ext></p:extLst></p:cSld><p:clrMapOvr><a:masterClrMapping/></p:clrMapOvr><p:transition spd="med"><p:wipe dir="r"/></p:transition><p:timing><p:tnLst><p:par><p:cTn id="1" dur="indefinite" restart="never" nodeType="tmRoot"/></p:par></p:tnLst></p:timing></p:sld>