<?xml version="1.0" encoding="UTF-8" standalone="yes"?>
<p:sld xmlns:a="http://schemas.openxmlformats.org/drawingml/2006/main" xmlns:r="http://schemas.openxmlformats.org/officeDocument/2006/relationships" xmlns:p="http://schemas.openxmlformats.org/presentationml/2006/main"><p:cSld><p:spTree><p:nvGrpSpPr><p:cNvPr id="1" name=""/><p:cNvGrpSpPr/><p:nvPr/></p:nvGrpSpPr><p:grpSpPr><a:xfrm><a:off x="0" y="0"/><a:ext cx="0" cy="0"/><a:chOff x="0" y="0"/><a:chExt cx="0" cy="0"/></a:xfrm></p:grpSpPr><p:graphicFrame><p:nvGraphicFramePr><p:cNvPr id="2" name="Table 1"/><p:cNvGraphicFramePr><a:graphicFrameLocks noGrp="1"/></p:cNvGraphicFramePr><p:nvPr><p:extLst/></p:nvPr></p:nvGraphicFramePr><p:xfrm><a:off x="755576" y="1556792"/><a:ext cx="5332256" cy="4839984"/></p:xfrm><a:graphic><a:graphicData uri="http://schemas.openxmlformats.org/drawingml/2006/table"><a:tbl><a:tblPr firstRow="1" bandRow="1"><a:tableStyleId>{5C22544A-7EE6-4342-B048-85BDC9FD1C3A}</a:tableStyleId></a:tblPr><a:tblGrid><a:gridCol w="1300550"/><a:gridCol w="1365578"/><a:gridCol w="2666128"/></a:tblGrid><a:tr h="780334"><a:tc gridSpan="2"><a:txBody><a:bodyPr/><a:lstStyle/><a:p><a:pPr><a:lnSpc><a:spcPct val="80000"/></a:lnSpc></a:pPr><a:endParaRPr lang="en-US" sz="1600" dirty="0" smtClean="0"><a:solidFill><a:srgbClr val="6DA7BD"/></a:solidFill><a:latin typeface="Proxima Nova"/><a:cs typeface="Proxima Nova"/></a:endParaRPr></a:p><a:p><a:pPr><a:lnSpc><a:spcPct val="80000"/></a:lnSpc></a:pPr><a:endParaRPr lang="en-US" sz="1600" dirty="0" smtClean="0"><a:solidFill><a:srgbClr val="6DA7BD"/></a:solidFill><a:latin typeface="Proxima Nova"/><a:cs typeface="Proxima Nova"/></a:endParaRPr></a:p><a:p><a:pPr><a:lnSpc><a:spcPct val="80000"/></a:lnSpc></a:pPr><a:r><a:rPr lang="en-US" sz="2000" dirty="0" smtClean="0"><a:solidFill><a:srgbClr val="6DA7BD"/></a:solidFill><a:latin typeface="Proxima Nova"/><a:cs typeface="Proxima Nova"/></a:rPr><a:t>Safety &amp; Security</a:t></a:r><a:endParaRPr lang="en-US" sz="2000" dirty="0"><a:solidFill><a:srgbClr val="6DA7BD"/></a:solidFill><a:latin typeface="Proxima Nova"/><a:cs typeface="Proxima Nova"/></a:endParaRPr></a:p></a:txBody><a:tcPr marL="82576" marR="82576" marT="41288" marB="41288"><a:solidFill><a:schemeClr val="bg1"/></a:solidFill></a:tcPr></a:tc><a:tc hMerge="1"><a:txBody><a:bodyPr/><a:lstStyle/><a:p><a:endParaRPr lang="en-US"/></a:p></a:txBody><a:tcPr/></a:tc><a:tc><a:txBody><a:bodyPr/><a:lstStyle/><a:p><a:endParaRPr lang="en-US" sz="1600" dirty="0"><a:latin typeface="Proxima Nova"/><a:cs typeface="Proxima Nova"/></a:endParaRPr></a:p></a:txBody><a:tcPr marL="82576" marR="82576" marT="41288" marB="41288"><a:solidFill><a:schemeClr val="bg1"/></a:solidFill></a:tcPr></a:tc></a:tr><a:tr h="435792"><a:tc gridSpan="3"><a:txBody><a:bodyPr/><a:lstStyle/><a:p><a:r><a:rPr lang="en-US" sz="1400" b="1" dirty="0" smtClean="0"><a:solidFill><a:schemeClr val="bg1"/></a:solidFill><a:latin typeface="Proxima Nova Bold"/><a:cs typeface="Proxima Nova Bold"/></a:rPr><a:t>The </a:t></a:r><a:r><a:rPr lang="en-US" sz="1400" b="1" dirty="0" err="1" smtClean="0"><a:solidFill><a:schemeClr val="bg1"/></a:solidFill><a:latin typeface="Proxima Nova Bold"/><a:cs typeface="Proxima Nova Bold"/></a:rPr><a:t>Rezidor</a:t></a:r><a:r><a:rPr lang="en-US" sz="1400" b="1" dirty="0" smtClean="0"><a:solidFill><a:schemeClr val="bg1"/></a:solidFill><a:latin typeface="Proxima Nova Bold"/><a:cs typeface="Proxima Nova Bold"/></a:rPr><a:t> Hotel Group – Crisis Management</a:t></a:r><a:endParaRPr lang="en-US" sz="1400" b="1" dirty="0"><a:solidFill><a:schemeClr val="bg1"/></a:solidFill><a:latin typeface="Proxima Nova Bold"/><a:cs typeface="Proxima Nova Bold"/></a:endParaRPr></a:p></a:txBody><a:tcPr marL="82576" marR="82576" marT="41288" marB="41288" anchor="ctr"><a:solidFill><a:srgbClr val="6DA7BD"/></a:solidFill></a:tcPr></a:tc><a:tc hMerge="1"><a:txBody><a:bodyPr/><a:lstStyle/><a:p><a:endParaRPr lang="en-US"/></a:p></a:txBody><a:tcPr/></a:tc><a:tc hMerge="1"><a:txBody><a:bodyPr/><a:lstStyle/><a:p><a:endParaRPr lang="en-US" dirty="0"/></a:p></a:txBody><a:tcPr/></a:tc></a:tr><a:tr h="522980"><a:tc><a:txBody><a:bodyPr/><a:lstStyle/><a:p><a:r><a:rPr lang="en-US" sz="1400" dirty="0" smtClean="0"><a:latin typeface="Proxima Nova"/><a:cs typeface="Proxima Nova"/></a:rPr><a:t>Chapter</a:t></a:r><a:r><a:rPr lang="en-US" sz="1400" baseline="0" dirty="0" smtClean="0"><a:latin typeface="Proxima Nova"/><a:cs typeface="Proxima Nova"/></a:rPr><a:t> 1</a:t></a:r><a:endParaRPr lang="en-US" sz="1400" dirty="0"><a:latin typeface="Proxima Nova"/><a:cs typeface="Proxima Nova"/></a:endParaRPr></a:p></a:txBody><a:tcPr marL="82576" marR="82576" marT="41288" marB="41288"/></a:tc><a:tc gridSpan="2"><a:txBody><a:bodyPr/><a:lstStyle/><a:p><a:r><a:rPr lang="en-US" sz="1400" dirty="0" smtClean="0"><a:latin typeface="Proxima Nova"/><a:cs typeface="Proxima Nova"/></a:rPr><a:t>Introduction</a:t></a:r><a:r><a:rPr lang="en-US" sz="1400" baseline="0" dirty="0" smtClean="0"><a:latin typeface="Proxima Nova"/><a:cs typeface="Proxima Nova"/></a:rPr><a:t> and general crisis management organization</a:t></a:r><a:endParaRPr lang="en-US" sz="1400" dirty="0"><a:latin typeface="Proxima Nova"/><a:cs typeface="Proxima Nova"/></a:endParaRPr></a:p></a:txBody><a:tcPr marL="82576" marR="82576" marT="41288" marB="41288"/></a:tc><a:tc hMerge="1"><a:txBody><a:bodyPr/><a:lstStyle/><a:p><a:endParaRPr lang="en-US" sz="1800" dirty="0"><a:latin typeface="Proxima Nova"/><a:cs typeface="Proxima Nova"/></a:endParaRPr></a:p></a:txBody><a:tcPr/></a:tc></a:tr><a:tr h="344542"><a:tc><a:txBody><a:bodyPr/><a:lstStyle/><a:p><a:r><a:rPr lang="en-US" sz="1400" dirty="0" smtClean="0"><a:solidFill><a:srgbClr val="FFFFFF"/></a:solidFill><a:latin typeface="Proxima Nova"/><a:cs typeface="Proxima Nova"/></a:rPr><a:t>Chapter</a:t></a:r><a:r><a:rPr lang="en-US" sz="1400" baseline="0" dirty="0" smtClean="0"><a:solidFill><a:srgbClr val="FFFFFF"/></a:solidFill><a:latin typeface="Proxima Nova"/><a:cs typeface="Proxima Nova"/></a:rPr><a:t> 2</a:t></a:r><a:endParaRPr lang="en-US" sz="1400" dirty="0"><a:solidFill><a:srgbClr val="FFFFFF"/></a:solidFill><a:latin typeface="Proxima Nova"/><a:cs typeface="Proxima Nova"/></a:endParaRPr></a:p></a:txBody><a:tcPr marL="82576" marR="82576" marT="41288" marB="41288"><a:solidFill><a:srgbClr val="6DA7BD"/></a:solidFill></a:tcPr></a:tc><a:tc gridSpan="2"><a:txBody><a:bodyPr/><a:lstStyle/><a:p><a:r><a:rPr lang="en-US" sz="1400" dirty="0" smtClean="0"><a:solidFill><a:srgbClr val="FFFFFF"/></a:solidFill><a:latin typeface="Proxima Nova"/><a:cs typeface="Proxima Nova"/></a:rPr><a:t>Incident Management Rooms</a:t></a:r><a:endParaRPr lang="en-US" sz="1400" dirty="0"><a:solidFill><a:srgbClr val="FFFFFF"/></a:solidFill><a:latin typeface="Proxima Nova"/><a:cs typeface="Proxima Nova"/></a:endParaRPr></a:p></a:txBody><a:tcPr marL="82576" marR="82576" marT="41288" marB="41288"><a:solidFill><a:srgbClr val="6DA7BD"/></a:solidFill></a:tcPr></a:tc><a:tc hMerge="1"><a:txBody><a:bodyPr/><a:lstStyle/><a:p><a:endParaRPr lang="en-US" sz="1800" dirty="0"><a:latin typeface="Proxima Nova"/><a:cs typeface="Proxima Nova"/></a:endParaRPr></a:p></a:txBody><a:tcPr/></a:tc></a:tr><a:tr h="344542"><a:tc><a:txBody><a:bodyPr/><a:lstStyle/><a:p><a:r><a:rPr lang="en-US" sz="1400" dirty="0" smtClean="0"><a:latin typeface="Proxima Nova"/><a:cs typeface="Proxima Nova"/></a:rPr><a:t>Chapter</a:t></a:r><a:r><a:rPr lang="en-US" sz="1400" baseline="0" dirty="0" smtClean="0"><a:latin typeface="Proxima Nova"/><a:cs typeface="Proxima Nova"/></a:rPr><a:t> 3</a:t></a:r><a:endParaRPr lang="en-US" sz="1400" dirty="0"><a:latin typeface="Proxima Nova"/><a:cs typeface="Proxima Nova"/></a:endParaRPr></a:p></a:txBody><a:tcPr marL="82576" marR="82576" marT="41288" marB="41288"/></a:tc><a:tc gridSpan="2"><a:txBody><a:bodyPr/><a:lstStyle/><a:p><a:r><a:rPr lang="en-US" sz="1400" dirty="0" smtClean="0"><a:latin typeface="Proxima Nova"/><a:cs typeface="Proxima Nova"/></a:rPr><a:t>Incident Support Centre Agreements</a:t></a:r><a:endParaRPr lang="en-US" sz="1400" dirty="0"><a:latin typeface="Proxima Nova"/><a:cs typeface="Proxima Nova"/></a:endParaRPr></a:p></a:txBody><a:tcPr marL="82576" marR="82576" marT="41288" marB="41288"/></a:tc><a:tc hMerge="1"><a:txBody><a:bodyPr/><a:lstStyle/><a:p><a:endParaRPr lang="en-US" sz="1800" dirty="0"><a:latin typeface="Proxima Nova"/><a:cs typeface="Proxima Nova"/></a:endParaRPr></a:p></a:txBody><a:tcPr/></a:tc></a:tr><a:tr h="344542"><a:tc><a:txBody><a:bodyPr/><a:lstStyle/><a:p><a:r><a:rPr lang="en-US" sz="1400" dirty="0" smtClean="0"><a:solidFill><a:srgbClr val="FFFFFF"/></a:solidFill><a:latin typeface="Proxima Nova"/><a:cs typeface="Proxima Nova"/></a:rPr><a:t>Chapter</a:t></a:r><a:r><a:rPr lang="en-US" sz="1400" baseline="0" dirty="0" smtClean="0"><a:solidFill><a:srgbClr val="FFFFFF"/></a:solidFill><a:latin typeface="Proxima Nova"/><a:cs typeface="Proxima Nova"/></a:rPr><a:t> 4</a:t></a:r><a:endParaRPr lang="en-US" sz="1400" dirty="0"><a:solidFill><a:srgbClr val="FFFFFF"/></a:solidFill><a:latin typeface="Proxima Nova"/><a:cs typeface="Proxima Nova"/></a:endParaRPr></a:p></a:txBody><a:tcPr marL="82576" marR="82576" marT="41288" marB="41288"><a:solidFill><a:srgbClr val="6DA7BD"/></a:solidFill></a:tcPr></a:tc><a:tc gridSpan="2"><a:txBody><a:bodyPr/><a:lstStyle/><a:p><a:r><a:rPr lang="en-US" sz="1400" dirty="0" smtClean="0"><a:solidFill><a:srgbClr val="FFFFFF"/></a:solidFill><a:latin typeface="Proxima Nova"/><a:cs typeface="Proxima Nova"/></a:rPr><a:t>Major Event Security</a:t></a:r><a:endParaRPr lang="en-US" sz="1400" dirty="0"><a:solidFill><a:srgbClr val="FFFFFF"/></a:solidFill><a:latin typeface="Proxima Nova"/><a:cs typeface="Proxima Nova"/></a:endParaRPr></a:p></a:txBody><a:tcPr marL="82576" marR="82576" marT="41288" marB="41288"><a:solidFill><a:srgbClr val="6DA7BD"/></a:solidFill></a:tcPr></a:tc><a:tc hMerge="1"><a:txBody><a:bodyPr/><a:lstStyle/><a:p><a:endParaRPr lang="en-US" sz="1800" dirty="0"><a:latin typeface="Proxima Nova"/><a:cs typeface="Proxima Nova"/></a:endParaRPr></a:p></a:txBody><a:tcPr/></a:tc></a:tr><a:tr h="344542"><a:tc><a:txBody><a:bodyPr/><a:lstStyle/><a:p><a:r><a:rPr lang="en-US" sz="1400" dirty="0" smtClean="0"><a:latin typeface="Proxima Nova"/><a:cs typeface="Proxima Nova"/></a:rPr><a:t>Chapter</a:t></a:r><a:r><a:rPr lang="en-US" sz="1400" baseline="0" dirty="0" smtClean="0"><a:latin typeface="Proxima Nova"/><a:cs typeface="Proxima Nova"/></a:rPr><a:t> 5</a:t></a:r><a:endParaRPr lang="en-US" sz="1400" dirty="0"><a:latin typeface="Proxima Nova"/><a:cs typeface="Proxima Nova"/></a:endParaRPr></a:p></a:txBody><a:tcPr marL="82576" marR="82576" marT="41288" marB="41288"/></a:tc><a:tc gridSpan="2"><a:txBody><a:bodyPr/><a:lstStyle/><a:p><a:r><a:rPr lang="en-US" sz="1400" dirty="0" smtClean="0"><a:latin typeface="Proxima Nova"/><a:cs typeface="Proxima Nova"/></a:rPr><a:t>Pandemics (Avian Flu)</a:t></a:r><a:endParaRPr lang="en-US" sz="1400" dirty="0"><a:latin typeface="Proxima Nova"/><a:cs typeface="Proxima Nova"/></a:endParaRPr></a:p></a:txBody><a:tcPr marL="82576" marR="82576" marT="41288" marB="41288"/></a:tc><a:tc hMerge="1"><a:txBody><a:bodyPr/><a:lstStyle/><a:p><a:endParaRPr lang="en-US" sz="1800" dirty="0"><a:latin typeface="Proxima Nova"/><a:cs typeface="Proxima Nova"/></a:endParaRPr></a:p></a:txBody><a:tcPr/></a:tc></a:tr><a:tr h="344542"><a:tc><a:txBody><a:bodyPr/><a:lstStyle/><a:p><a:r><a:rPr lang="en-US" sz="1400" dirty="0" smtClean="0"><a:solidFill><a:srgbClr val="FFFFFF"/></a:solidFill><a:latin typeface="Proxima Nova"/><a:cs typeface="Proxima Nova"/></a:rPr><a:t>Chapter</a:t></a:r><a:r><a:rPr lang="en-US" sz="1400" baseline="0" dirty="0" smtClean="0"><a:solidFill><a:srgbClr val="FFFFFF"/></a:solidFill><a:latin typeface="Proxima Nova"/><a:cs typeface="Proxima Nova"/></a:rPr><a:t> 6</a:t></a:r><a:endParaRPr lang="en-US" sz="1400" dirty="0"><a:solidFill><a:srgbClr val="FFFFFF"/></a:solidFill><a:latin typeface="Proxima Nova"/><a:cs typeface="Proxima Nova"/></a:endParaRPr></a:p></a:txBody><a:tcPr marL="82576" marR="82576" marT="41288" marB="41288"><a:solidFill><a:srgbClr val="6DA7BD"/></a:solidFill></a:tcPr></a:tc><a:tc gridSpan="2"><a:txBody><a:bodyPr/><a:lstStyle/><a:p><a:r><a:rPr lang="en-US" sz="1400" dirty="0" smtClean="0"><a:solidFill><a:srgbClr val="FFFFFF"/></a:solidFill><a:latin typeface="Proxima Nova"/><a:cs typeface="Proxima Nova"/></a:rPr><a:t>Disruption of Local Infrastructure</a:t></a:r><a:endParaRPr lang="en-US" sz="1400" dirty="0"><a:solidFill><a:srgbClr val="FFFFFF"/></a:solidFill><a:latin typeface="Proxima Nova"/><a:cs typeface="Proxima Nova"/></a:endParaRPr></a:p></a:txBody><a:tcPr marL="82576" marR="82576" marT="41288" marB="41288"><a:solidFill><a:srgbClr val="6DA7BD"/></a:solidFill></a:tcPr></a:tc><a:tc hMerge="1"><a:txBody><a:bodyPr/><a:lstStyle/><a:p><a:endParaRPr lang="en-US" sz="1800" dirty="0"><a:latin typeface="Proxima Nova"/><a:cs typeface="Proxima Nova"/></a:endParaRPr></a:p></a:txBody><a:tcPr/></a:tc></a:tr><a:tr h="344542"><a:tc><a:txBody><a:bodyPr/><a:lstStyle/><a:p><a:r><a:rPr lang="en-US" sz="1400" dirty="0" smtClean="0"><a:latin typeface="Proxima Nova"/><a:cs typeface="Proxima Nova"/></a:rPr><a:t>Chapter</a:t></a:r><a:r><a:rPr lang="en-US" sz="1400" baseline="0" dirty="0" smtClean="0"><a:latin typeface="Proxima Nova"/><a:cs typeface="Proxima Nova"/></a:rPr><a:t> 7</a:t></a:r><a:endParaRPr lang="en-US" sz="1400" dirty="0"><a:latin typeface="Proxima Nova"/><a:cs typeface="Proxima Nova"/></a:endParaRPr></a:p></a:txBody><a:tcPr marL="82576" marR="82576" marT="41288" marB="41288"/></a:tc><a:tc gridSpan="2"><a:txBody><a:bodyPr/><a:lstStyle/><a:p><a:r><a:rPr lang="en-US" sz="1400" dirty="0" smtClean="0"><a:latin typeface="Proxima Nova"/><a:cs typeface="Proxima Nova"/></a:rPr><a:t>Natural Disasters</a:t></a:r><a:endParaRPr lang="en-US" sz="1400" dirty="0"><a:latin typeface="Proxima Nova"/><a:cs typeface="Proxima Nova"/></a:endParaRPr></a:p></a:txBody><a:tcPr marL="82576" marR="82576" marT="41288" marB="41288"/></a:tc><a:tc hMerge="1"><a:txBody><a:bodyPr/><a:lstStyle/><a:p><a:endParaRPr lang="en-US" sz="1800" dirty="0"><a:latin typeface="Proxima Nova"/><a:cs typeface="Proxima Nova"/></a:endParaRPr></a:p></a:txBody><a:tcPr/></a:tc></a:tr><a:tr h="344542"><a:tc><a:txBody><a:bodyPr/><a:lstStyle/><a:p><a:r><a:rPr lang="en-US" sz="1400" dirty="0" smtClean="0"><a:solidFill><a:srgbClr val="FFFFFF"/></a:solidFill><a:latin typeface="Proxima Nova"/><a:cs typeface="Proxima Nova"/></a:rPr><a:t>Chapter</a:t></a:r><a:r><a:rPr lang="en-US" sz="1400" baseline="0" dirty="0" smtClean="0"><a:solidFill><a:srgbClr val="FFFFFF"/></a:solidFill><a:latin typeface="Proxima Nova"/><a:cs typeface="Proxima Nova"/></a:rPr><a:t> 8</a:t></a:r><a:endParaRPr lang="en-US" sz="1400" dirty="0"><a:solidFill><a:srgbClr val="FFFFFF"/></a:solidFill><a:latin typeface="Proxima Nova"/><a:cs typeface="Proxima Nova"/></a:endParaRPr></a:p></a:txBody><a:tcPr marL="82576" marR="82576" marT="41288" marB="41288"><a:solidFill><a:srgbClr val="6DA7BD"/></a:solidFill></a:tcPr></a:tc><a:tc gridSpan="2"><a:txBody><a:bodyPr/><a:lstStyle/><a:p><a:r><a:rPr lang="en-US" sz="1400" dirty="0" smtClean="0"><a:solidFill><a:srgbClr val="FFFFFF"/></a:solidFill><a:latin typeface="Proxima Nova"/><a:cs typeface="Proxima Nova"/></a:rPr><a:t>Terrorism</a:t></a:r><a:endParaRPr lang="en-US" sz="1400" dirty="0"><a:solidFill><a:srgbClr val="FFFFFF"/></a:solidFill><a:latin typeface="Proxima Nova"/><a:cs typeface="Proxima Nova"/></a:endParaRPr></a:p></a:txBody><a:tcPr marL="82576" marR="82576" marT="41288" marB="41288"><a:solidFill><a:srgbClr val="6DA7BD"/></a:solidFill></a:tcPr></a:tc><a:tc hMerge="1"><a:txBody><a:bodyPr/><a:lstStyle/><a:p><a:endParaRPr lang="en-US" sz="1800" dirty="0"><a:latin typeface="Proxima Nova"/><a:cs typeface="Proxima Nova"/></a:endParaRPr></a:p></a:txBody><a:tcPr/></a:tc></a:tr><a:tr h="344542"><a:tc><a:txBody><a:bodyPr/><a:lstStyle/><a:p><a:r><a:rPr lang="en-US" sz="1400" dirty="0" smtClean="0"><a:latin typeface="Proxima Nova"/><a:cs typeface="Proxima Nova"/></a:rPr><a:t>Chapter</a:t></a:r><a:r><a:rPr lang="en-US" sz="1400" baseline="0" dirty="0" smtClean="0"><a:latin typeface="Proxima Nova"/><a:cs typeface="Proxima Nova"/></a:rPr><a:t> 9</a:t></a:r><a:endParaRPr lang="en-US" sz="1400" dirty="0"><a:latin typeface="Proxima Nova"/><a:cs typeface="Proxima Nova"/></a:endParaRPr></a:p></a:txBody><a:tcPr marL="82576" marR="82576" marT="41288" marB="41288"/></a:tc><a:tc gridSpan="2"><a:txBody><a:bodyPr/><a:lstStyle/><a:p><a:r><a:rPr lang="en-US" sz="1400" dirty="0" smtClean="0"><a:latin typeface="Proxima Nova"/><a:cs typeface="Proxima Nova"/></a:rPr><a:t>Kidnap and Extortion</a:t></a:r><a:endParaRPr lang="en-US" sz="1400" dirty="0"><a:latin typeface="Proxima Nova"/><a:cs typeface="Proxima Nova"/></a:endParaRPr></a:p></a:txBody><a:tcPr marL="82576" marR="82576" marT="41288" marB="41288"/></a:tc><a:tc hMerge="1"><a:txBody><a:bodyPr/><a:lstStyle/><a:p><a:endParaRPr lang="en-US" sz="1800" dirty="0"><a:latin typeface="Proxima Nova"/><a:cs typeface="Proxima Nova"/></a:endParaRPr></a:p></a:txBody><a:tcPr/></a:tc></a:tr><a:tr h="344542"><a:tc><a:txBody><a:bodyPr/><a:lstStyle/><a:p><a:r><a:rPr lang="en-US" sz="1400" dirty="0" smtClean="0"><a:solidFill><a:srgbClr val="FFFFFF"/></a:solidFill><a:latin typeface="Proxima Nova"/><a:cs typeface="Proxima Nova"/></a:rPr><a:t>Chapter</a:t></a:r><a:r><a:rPr lang="en-US" sz="1400" baseline="0" dirty="0" smtClean="0"><a:solidFill><a:srgbClr val="FFFFFF"/></a:solidFill><a:latin typeface="Proxima Nova"/><a:cs typeface="Proxima Nova"/></a:rPr><a:t> 10</a:t></a:r><a:endParaRPr lang="en-US" sz="1400" dirty="0"><a:solidFill><a:srgbClr val="FFFFFF"/></a:solidFill><a:latin typeface="Proxima Nova"/><a:cs typeface="Proxima Nova"/></a:endParaRPr></a:p></a:txBody><a:tcPr marL="82576" marR="82576" marT="41288" marB="41288"><a:solidFill><a:srgbClr val="6DA7BD"/></a:solidFill></a:tcPr></a:tc><a:tc gridSpan="2"><a:txBody><a:bodyPr/><a:lstStyle/><a:p><a:r><a:rPr lang="en-US" sz="1400" dirty="0" smtClean="0"><a:solidFill><a:srgbClr val="FFFFFF"/></a:solidFill><a:latin typeface="Proxima Nova"/><a:cs typeface="Proxima Nova"/></a:rPr><a:t>Evacuation and Repatriation</a:t></a:r><a:endParaRPr lang="en-US" sz="1400" dirty="0"><a:solidFill><a:srgbClr val="FFFFFF"/></a:solidFill><a:latin typeface="Proxima Nova"/><a:cs typeface="Proxima Nova"/></a:endParaRPr></a:p></a:txBody><a:tcPr marL="82576" marR="82576" marT="41288" marB="41288"><a:solidFill><a:srgbClr val="6DA7BD"/></a:solidFill></a:tcPr></a:tc><a:tc hMerge="1"><a:txBody><a:bodyPr/><a:lstStyle/><a:p><a:endParaRPr lang="en-US" sz="1800" dirty="0"><a:latin typeface="Proxima Nova"/><a:cs typeface="Proxima Nova"/></a:endParaRPr></a:p></a:txBody><a:tcPr/></a:tc></a:tr></a:tbl></a:graphicData></a:graphic></p:graphicFrame><p:sp><p:nvSpPr><p:cNvPr id="3" name="Content Placeholder 2"/><p:cNvSpPr txBox="1"><a:spLocks/></p:cNvSpPr><p:nvPr/></p:nvSpPr><p:spPr><a:xfrm><a:off x="683568" y="620688"/><a:ext cx="4464496" cy="504056"/></a:xfrm><a:prstGeom prst="rect"><a:avLst/></a:prstGeom></p:spPr><p:txBody><a:bodyPr vert="horz" lIns="91440" tIns="45720" rIns="91440" bIns="45720" rtlCol="0"><a:noAutofit/></a:bodyPr><a:lstStyle><a:lvl1pPr marL="342900" indent="-342900" algn="l" defTabSz="914400" rtl="0" eaLnBrk="1" latinLnBrk="0" hangingPunct="1"><a:lnSpc><a:spcPct val="80000"/></a:lnSpc><a:spcBef><a:spcPct val="20000"/></a:spcBef><a:buFont typeface="Arial" panose="020B0604020202020204" pitchFamily="34" charset="0"/><a:buChar char="•"/><a:defRPr sz="2000" b="0" i="0" kern="1200"><a:solidFill><a:schemeClr val="tx1"/></a:solidFill><a:latin typeface="Proxima Nova Light"/><a:ea typeface="+mn-ea"/><a:cs typeface="Proxima Nova Light"/></a:defRPr></a:lvl1pPr><a:lvl2pPr marL="742950" indent="-285750" algn="l" defTabSz="914400" rtl="0" eaLnBrk="1" latinLnBrk="0" hangingPunct="1"><a:lnSpc><a:spcPct val="80000"/></a:lnSpc><a:spcBef><a:spcPct val="20000"/></a:spcBef><a:buFont typeface="Arial" panose="020B0604020202020204" pitchFamily="34" charset="0"/><a:buChar char="–"/><a:defRPr sz="2000" b="0" i="0" kern="1200"><a:solidFill><a:schemeClr val="tx1"/></a:solidFill><a:latin typeface="Proxima Nova Light"/><a:ea typeface="+mn-ea"/><a:cs typeface="Proxima Nova Light"/></a:defRPr></a:lvl2pPr><a:lvl3pPr marL="1143000" indent="-228600" algn="l" defTabSz="914400" rtl="0" eaLnBrk="1" latinLnBrk="0" hangingPunct="1"><a:lnSpc><a:spcPct val="80000"/></a:lnSpc><a:spcBef><a:spcPct val="20000"/></a:spcBef><a:buFont typeface="Arial" panose="020B0604020202020204" pitchFamily="34" charset="0"/><a:buChar char="•"/><a:defRPr sz="2000" b="0" i="0" kern="1200"><a:solidFill><a:schemeClr val="tx1"/></a:solidFill><a:latin typeface="Proxima Nova Light"/><a:ea typeface="+mn-ea"/><a:cs typeface="Proxima Nova Light"/></a:defRPr></a:lvl3pPr><a:lvl4pPr marL="1600200" indent="-228600" algn="l" defTabSz="914400" rtl="0" eaLnBrk="1" latinLnBrk="0" hangingPunct="1"><a:lnSpc><a:spcPct val="80000"/></a:lnSpc><a:spcBef><a:spcPct val="20000"/></a:spcBef><a:buFont typeface="Arial" panose="020B0604020202020204" pitchFamily="34" charset="0"/><a:buChar char="–"/><a:defRPr sz="2000" b="0" i="0" kern="1200"><a:solidFill><a:schemeClr val="tx1"/></a:solidFill><a:latin typeface="Proxima Nova Light"/><a:ea typeface="+mn-ea"/><a:cs typeface="Proxima Nova Light"/></a:defRPr></a:lvl4pPr><a:lvl5pPr marL="2057400" indent="-228600" algn="l" defTabSz="914400" rtl="0" eaLnBrk="1" latinLnBrk="0" hangingPunct="1"><a:lnSpc><a:spcPct val="80000"/></a:lnSpc><a:spcBef><a:spcPct val="20000"/></a:spcBef><a:buFont typeface="Arial" panose="020B0604020202020204" pitchFamily="34" charset="0"/><a:buChar char="»"/><a:defRPr sz="2000" b="0" i="0" kern="1200"><a:solidFill><a:schemeClr val="tx1"/></a:solidFill><a:latin typeface="Proxima Nova Light"/><a:ea typeface="+mn-ea"/><a:cs typeface="Proxima Nova Light"/></a:defRPr></a:lvl5pPr><a:lvl6pPr marL="2514600" indent="-228600" algn="l" defTabSz="914400" rtl="0" eaLnBrk="1" latinLnBrk="0" hangingPunct="1"><a:spcBef><a:spcPct val="20000"/></a:spcBef><a:buFont typeface="Arial" panose="020B0604020202020204" pitchFamily="34" charset="0"/><a:buChar char="•"/><a:defRPr sz="2000" kern="1200"><a:solidFill><a:schemeClr val="tx1"/></a:solidFill><a:latin typeface="+mn-lt"/><a:ea typeface="+mn-ea"/><a:cs typeface="+mn-cs"/></a:defRPr></a:lvl6pPr><a:lvl7pPr marL="2971800" indent="-228600" algn="l" defTabSz="914400" rtl="0" eaLnBrk="1" latinLnBrk="0" hangingPunct="1"><a:spcBef><a:spcPct val="20000"/></a:spcBef><a:buFont typeface="Arial" panose="020B0604020202020204" pitchFamily="34" charset="0"/><a:buChar char="•"/><a:defRPr sz="2000" kern="1200"><a:solidFill><a:schemeClr val="tx1"/></a:solidFill><a:latin typeface="+mn-lt"/><a:ea typeface="+mn-ea"/><a:cs typeface="+mn-cs"/></a:defRPr></a:lvl7pPr><a:lvl8pPr marL="3429000" indent="-228600" algn="l" defTabSz="914400" rtl="0" eaLnBrk="1" latinLnBrk="0" hangingPunct="1"><a:spcBef><a:spcPct val="20000"/></a:spcBef><a:buFont typeface="Arial" panose="020B0604020202020204" pitchFamily="34" charset="0"/><a:buChar char="•"/><a:defRPr sz="2000" kern="1200"><a:solidFill><a:schemeClr val="tx1"/></a:solidFill><a:latin typeface="+mn-lt"/><a:ea typeface="+mn-ea"/><a:cs typeface="+mn-cs"/></a:defRPr></a:lvl8pPr><a:lvl9pPr marL="3886200" indent="-228600" algn="l" defTabSz="914400" rtl="0" eaLnBrk="1" latinLnBrk="0" hangingPunct="1"><a:spcBef><a:spcPct val="20000"/></a:spcBef><a:buFont typeface="Arial" panose="020B0604020202020204" pitchFamily="34" charset="0"/><a:buChar char="•"/><a:defRPr sz="2000" kern="1200"><a:solidFill><a:schemeClr val="tx1"/></a:solidFill><a:latin typeface="+mn-lt"/><a:ea typeface="+mn-ea"/><a:cs typeface="+mn-cs"/></a:defRPr></a:lvl9pPr></a:lstStyle><a:p><a:pPr><a:buFontTx/><a:buNone/></a:pPr><a:r><a:rPr lang="en-US" altLang="en-US" sz="2800" b="1" dirty="0"><a:solidFill><a:prstClr val="black"/></a:solidFill><a:latin typeface="Proxima Nova Bold"/><a:cs typeface="Proxima Nova Bold"/></a:rPr><a:t>C = </a:t></a:r><a:r><a:rPr lang="en-US" altLang="en-US" sz="2800" b="1" dirty="0" smtClean="0"><a:solidFill><a:prstClr val="black"/></a:solidFill><a:latin typeface="Proxima Nova Bold"/><a:cs typeface="Proxima Nova Bold"/></a:rPr><a:t>Crisis Management </a:t></a:r><a:endParaRPr lang="en-GB" sz="2800" dirty="0"><a:solidFill><a:prstClr val="black"/></a:solidFill><a:latin typeface="Proxima Nova Bold"/><a:cs typeface="Proxima Nova Bold"/></a:endParaRPr></a:p></p:txBody></p:sp><p:pic><p:nvPicPr><p:cNvPr id="7" name="Picture 6" descr="REZIDOR HG logo_cmyk.eps"/><p:cNvPicPr><a:picLocks noChangeAspect="1"/></p:cNvPicPr><p:nvPr/></p:nvPicPr><p:blipFill><a:blip r:embed="rId2"><a:extLst><a:ext uri="{28A0092B-C50C-407E-A947-70E740481C1C}"><a14:useLocalDpi xmlns:a14="http://schemas.microsoft.com/office/drawing/2010/main" val="0"/></a:ext></a:extLst></a:blip><a:stretch><a:fillRect/></a:stretch></p:blipFill><p:spPr><a:xfrm><a:off x="4631448" y="1675638"/><a:ext cx="1452720" cy="570894"/></a:xfrm><a:prstGeom prst="rect"><a:avLst/></a:prstGeom></p:spPr></p:pic></p:spTree><p:extLst><p:ext uri="{BB962C8B-B14F-4D97-AF65-F5344CB8AC3E}"><p14:creationId xmlns:p14="http://schemas.microsoft.com/office/powerpoint/2010/main" val="335485918"/></p:ext></p:extLst></p:cSld><p:clrMapOvr><a:masterClrMapping/></p:clrMapOvr><mc:AlternateContent xmlns:mc="http://schemas.openxmlformats.org/markup-compatibility/2006" xmlns:p14="http://schemas.microsoft.com/office/powerpoint/2010/main"><mc:Choice Requires="p14"><p:transition spd="slow" p14:dur="2500"><p:fade/></p:transition></mc:Choice><mc:Fallback xmlns=""><p:transition spd="slow"><p:fade/></p:transition></mc:Fallback></mc:AlternateContent><p:timing><p:tnLst><p:par><p:cTn id="1" dur="indefinite" restart="never" nodeType="tmRoot"/></p:par></p:tnLst></p:timing></p:sld>