<?xml version="1.0" encoding="UTF-8" standalone="yes"?>
<p:sld xmlns:a="http://schemas.openxmlformats.org/drawingml/2006/main" xmlns:r="http://schemas.openxmlformats.org/officeDocument/2006/relationships" xmlns:p="http://schemas.openxmlformats.org/presentationml/2006/main"><p:cSld><p:spTree><p:nvGrpSpPr><p:cNvPr id="1" name=""/><p:cNvGrpSpPr/><p:nvPr/></p:nvGrpSpPr><p:grpSpPr><a:xfrm><a:off x="0" y="0"/><a:ext cx="0" cy="0"/><a:chOff x="0" y="0"/><a:chExt cx="0" cy="0"/></a:xfrm></p:grpSpPr><p:sp><p:nvSpPr><p:cNvPr id="28" name="Picture Placeholder 27"/><p:cNvSpPr><a:spLocks noGrp="1"/></p:cNvSpPr><p:nvPr><p:ph type="pic" sz="quarter" idx="10"/></p:nvPr></p:nvSpPr><p:spPr/></p:sp><p:sp><p:nvSpPr><p:cNvPr id="12" name="Rectangle 11"/><p:cNvSpPr/><p:nvPr/></p:nvSpPr><p:spPr><a:xfrm><a:off x="0" y="4068000"/><a:ext cx="8208000" cy="1440000"/></a:xfrm><a:prstGeom prst="rect"><a:avLst/></a:prstGeom><a:solidFill><a:srgbClr val="D3A41A"><a:alpha val="85000"/></a:srgbClr></a:solidFill><a:ln><a:noFill/></a:ln><a:effectLst/></p:spPr><p:style><a:lnRef idx="1"><a:schemeClr val="accent1"/></a:lnRef><a:fillRef idx="3"><a:schemeClr val="accent1"/></a:fillRef><a:effectRef idx="2"><a:schemeClr val="accent1"/></a:effectRef><a:fontRef idx="minor"><a:schemeClr val="lt1"/></a:fontRef></p:style><p:txBody><a:bodyPr rtlCol="0" anchor="ctr"/><a:lstStyle/><a:p><a:pPr algn="ctr" defTabSz="457200" fontAlgn="auto"><a:spcBef><a:spcPts val="0"/></a:spcBef><a:spcAft><a:spcPts val="0"/></a:spcAft></a:pPr><a:endParaRPr lang="en-US"><a:solidFill><a:prstClr val="white"/></a:solidFill></a:endParaRPr></a:p></p:txBody></p:sp><p:sp><p:nvSpPr><p:cNvPr id="13" name="Rectangle 12"/><p:cNvSpPr/><p:nvPr/></p:nvSpPr><p:spPr><a:xfrm><a:off x="540000" y="5508000"/><a:ext cx="5436000" cy="288000"/></a:xfrm><a:prstGeom prst="rect"><a:avLst/></a:prstGeom><a:solidFill><a:srgbClr val="0087CD"><a:alpha val="85000"/></a:srgbClr></a:solidFill><a:ln><a:noFill/></a:ln><a:effectLst/></p:spPr><p:style><a:lnRef idx="1"><a:schemeClr val="accent1"/></a:lnRef><a:fillRef idx="3"><a:schemeClr val="accent1"/></a:fillRef><a:effectRef idx="2"><a:schemeClr val="accent1"/></a:effectRef><a:fontRef idx="minor"><a:schemeClr val="lt1"/></a:fontRef></p:style><p:txBody><a:bodyPr rtlCol="0" anchor="ctr"/><a:lstStyle/><a:p><a:pPr algn="ctr" defTabSz="457200" fontAlgn="auto"><a:spcBef><a:spcPts val="0"/></a:spcBef><a:spcAft><a:spcPts val="0"/></a:spcAft></a:pPr><a:endParaRPr lang="en-US"><a:solidFill><a:prstClr val="white"/></a:solidFill></a:endParaRPr></a:p></p:txBody></p:sp><p:sp><p:nvSpPr><p:cNvPr id="8" name="Rectangle 7"/><p:cNvSpPr/><p:nvPr/></p:nvSpPr><p:spPr><a:xfrm><a:off x="5976000" y="5508000"/><a:ext cx="3168000" cy="1188000"/></a:xfrm><a:prstGeom prst="rect"><a:avLst/></a:prstGeom><a:solidFill><a:schemeClr val="bg1"/></a:solidFill><a:ln><a:noFill/></a:ln><a:effectLst/></p:spPr><p:style><a:lnRef idx="1"><a:schemeClr val="accent1"/></a:lnRef><a:fillRef idx="3"><a:schemeClr val="accent1"/></a:fillRef><a:effectRef idx="2"><a:schemeClr val="accent1"/></a:effectRef><a:fontRef idx="minor"><a:schemeClr val="lt1"/></a:fontRef></p:style><p:txBody><a:bodyPr rtlCol="0" anchor="ctr"/><a:lstStyle/><a:p><a:pPr algn="ctr" defTabSz="457200" fontAlgn="auto"><a:spcBef><a:spcPts val="0"/></a:spcBef><a:spcAft><a:spcPts val="0"/></a:spcAft></a:pPr><a:endParaRPr lang="en-US"><a:solidFill><a:prstClr val="white"/></a:solidFill></a:endParaRPr></a:p></p:txBody></p:sp><p:pic><p:nvPicPr><p:cNvPr id="14" name="Picture Placeholder 15" descr="PI BY RAD LOGO FOR PPT.jpg"/><p:cNvPicPr><a:picLocks noChangeAspect="1"/></p:cNvPicPr><p:nvPr/></p:nvPicPr><p:blipFill><a:blip r:embed="rId2"><a:extLst><a:ext uri="{28A0092B-C50C-407E-A947-70E740481C1C}"><a14:useLocalDpi xmlns:a14="http://schemas.microsoft.com/office/drawing/2010/main" val="0"/></a:ext></a:extLst></a:blip><a:srcRect t="-4554" b="-4554"/><a:stretch><a:fillRect/></a:stretch></p:blipFill><p:spPr><a:xfrm><a:off x="6192000" y="5796000"/><a:ext cx="1862328" cy="698378"/></a:xfrm><a:prstGeom prst="rect"><a:avLst/></a:prstGeom></p:spPr></p:pic><p:sp><p:nvSpPr><p:cNvPr id="27" name="Subtitle 26"/><p:cNvSpPr><a:spLocks noGrp="1"/></p:cNvSpPr><p:nvPr><p:ph type="subTitle" idx="1"/></p:nvPr></p:nvSpPr><p:spPr><a:xfrm><a:off x="528924" y="4239789"/><a:ext cx="7679076" cy="710455"/></a:xfrm></p:spPr><p:txBody><a:bodyPr/><a:lstStyle/><a:p><a:r><a:rPr lang="en-US" dirty="0" smtClean="0"/><a:t>Welcome to the Park Inn by Radisson XXX</a:t></a:r><a:endParaRPr lang="en-US" dirty="0"/></a:p></p:txBody></p:sp></p:spTree><p:extLst><p:ext uri="{BB962C8B-B14F-4D97-AF65-F5344CB8AC3E}"><p14:creationId xmlns:p14="http://schemas.microsoft.com/office/powerpoint/2010/main" val="1433660553"/></p:ext></p:extLst></p:cSld><p:clrMapOvr><a:masterClrMapping/></p:clrMapOvr><p:timing><p:tnLst><p:par><p:cTn id="1" dur="indefinite" restart="never" nodeType="tmRoot"/></p:par></p:tnLst></p:timing></p:sld>