<?xml version="1.0" encoding="UTF-8" standalone="yes"?>
<p:sld xmlns:a="http://schemas.openxmlformats.org/drawingml/2006/main" xmlns:r="http://schemas.openxmlformats.org/officeDocument/2006/relationships" xmlns:p="http://schemas.openxmlformats.org/presentationml/2006/main"><p:cSld><p:spTree><p:nvGrpSpPr><p:cNvPr id="1" name=""/><p:cNvGrpSpPr/><p:nvPr/></p:nvGrpSpPr><p:grpSpPr><a:xfrm><a:off x="0" y="0"/><a:ext cx="0" cy="0"/><a:chOff x="0" y="0"/><a:chExt cx="0" cy="0"/></a:xfrm></p:grpSpPr><p:pic><p:nvPicPr><p:cNvPr id="78850" name="Picture 4" descr="zimmer_rot_2"/><p:cNvPicPr><a:picLocks noChangeAspect="1" noChangeArrowheads="1"/></p:cNvPicPr><p:nvPr/></p:nvPicPr><p:blipFill><a:blip r:embed="rId3"><a:extLst><a:ext uri="{28A0092B-C50C-407E-A947-70E740481C1C}"><a14:useLocalDpi xmlns:a14="http://schemas.microsoft.com/office/drawing/2010/main" val="0"/></a:ext></a:extLst></a:blip><a:srcRect l="3745" r="22429" b="17783"/><a:stretch><a:fillRect/></a:stretch></p:blipFill><p:spPr bwMode="auto"><a:xfrm><a:off x="-1588" y="0"/><a:ext cx="4572001" cy="3429000"/></a:xfrm><a:prstGeom prst="rect"><a:avLst/></a:prstGeom><a:noFill/><a:ln><a:noFill/></a:ln><a:extLst><a:ext uri="{909E8E84-426E-40DD-AFC4-6F175D3DCCD1}"><a14:hiddenFill xmlns:a14="http://schemas.microsoft.com/office/drawing/2010/main"><a:solidFill><a:srgbClr val="FFFFFF"/></a:solidFill></a14:hiddenFill></a:ext><a:ext uri="{91240B29-F687-4F45-9708-019B960494DF}"><a14:hiddenLine xmlns:a14="http://schemas.microsoft.com/office/drawing/2010/main" w="9525"><a:solidFill><a:srgbClr val="000000"/></a:solidFill><a:miter lim="800000"/><a:headEnd/><a:tailEnd/></a14:hiddenLine></a:ext></a:extLst></p:spPr></p:pic><p:sp><p:nvSpPr><p:cNvPr id="5" name="Rectangle 4"/><p:cNvSpPr/><p:nvPr/></p:nvSpPr><p:spPr><a:xfrm><a:off x="0" y="561975"/><a:ext cx="3848100" cy="360363"/></a:xfrm><a:prstGeom prst="rect"><a:avLst/></a:prstGeom><a:solidFill><a:srgbClr val="B5D334"><a:alpha val="84000"/></a:srgbClr></a:solidFill><a:ln><a:noFill/></a:ln><a:effectLst/></p:spPr><p:style><a:lnRef idx="1"><a:schemeClr val="accent1"/></a:lnRef><a:fillRef idx="3"><a:schemeClr val="accent1"/></a:fillRef><a:effectRef idx="2"><a:schemeClr val="accent1"/></a:effectRef><a:fontRef idx="minor"><a:schemeClr val="lt1"/></a:fontRef></p:style><p:txBody><a:bodyPr anchor="ctr"/><a:lstStyle/><a:p><a:pPr algn="ctr" defTabSz="914400" eaLnBrk="0" fontAlgn="base" hangingPunct="0"><a:spcBef><a:spcPct val="0"/></a:spcBef><a:spcAft><a:spcPct val="0"/></a:spcAft><a:defRPr/></a:pPr><a:endParaRPr lang="en-US" dirty="0"><a:solidFill><a:srgbClr val="FFFFFF"/></a:solidFill></a:endParaRPr></a:p></p:txBody></p:sp><p:sp><p:nvSpPr><p:cNvPr id="78852" name="Rectangle 2"/><p:cNvSpPr txBox="1"><a:spLocks noChangeArrowheads="1"/></p:cNvSpPr><p:nvPr/></p:nvSpPr><p:spPr bwMode="auto"><a:xfrm><a:off x="193675" y="536575"/><a:ext cx="2384425" cy="360363"/></a:xfrm><a:prstGeom prst="rect"><a:avLst/></a:prstGeom><a:noFill/><a:ln><a:noFill/></a:ln><a:extLst><a:ext uri="{909E8E84-426E-40DD-AFC4-6F175D3DCCD1}"><a14:hiddenFill xmlns:a14="http://schemas.microsoft.com/office/drawing/2010/main"><a:solidFill><a:srgbClr val="FFFFFF"/></a:solidFill></a14:hiddenFill></a:ext><a:ext uri="{91240B29-F687-4F45-9708-019B960494DF}"><a14:hiddenLine xmlns:a14="http://schemas.microsoft.com/office/drawing/2010/main" w="9525"><a:solidFill><a:srgbClr val="000000"/></a:solidFill><a:miter lim="800000"/><a:headEnd/><a:tailEnd/></a14:hiddenLine></a:ext></a:extLst></p:spPr><p:txBody><a:bodyPr lIns="89506" tIns="44740" rIns="89506" bIns="44740" anchor="ctr"/><a:lstStyle><a:lvl1pPr><a:defRPr><a:solidFill><a:schemeClr val="tx1"/></a:solidFill><a:latin typeface="Arial" panose="020B0604020202020204" pitchFamily="34" charset="0"/><a:ea typeface="ＭＳ Ｐゴシック" panose="020B0600070205080204" pitchFamily="34" charset="-128"/></a:defRPr></a:lvl1pPr><a:lvl2pPr marL="742950" indent="-285750"><a:defRPr><a:solidFill><a:schemeClr val="tx1"/></a:solidFill><a:latin typeface="Arial" panose="020B0604020202020204" pitchFamily="34" charset="0"/><a:ea typeface="ＭＳ Ｐゴシック" panose="020B0600070205080204" pitchFamily="34" charset="-128"/></a:defRPr></a:lvl2pPr><a:lvl3pPr marL="1143000" indent="-228600"><a:defRPr><a:solidFill><a:schemeClr val="tx1"/></a:solidFill><a:latin typeface="Arial" panose="020B0604020202020204" pitchFamily="34" charset="0"/><a:ea typeface="ＭＳ Ｐゴシック" panose="020B0600070205080204" pitchFamily="34" charset="-128"/></a:defRPr></a:lvl3pPr><a:lvl4pPr marL="1600200" indent="-228600"><a:defRPr><a:solidFill><a:schemeClr val="tx1"/></a:solidFill><a:latin typeface="Arial" panose="020B0604020202020204" pitchFamily="34" charset="0"/><a:ea typeface="ＭＳ Ｐゴシック" panose="020B0600070205080204" pitchFamily="34" charset="-128"/></a:defRPr></a:lvl4pPr><a:lvl5pPr marL="2057400" indent="-228600"><a:defRPr><a:solidFill><a:schemeClr val="tx1"/></a:solidFill><a:latin typeface="Arial" panose="020B0604020202020204" pitchFamily="34" charset="0"/><a:ea typeface="ＭＳ Ｐゴシック" panose="020B0600070205080204" pitchFamily="34" charset="-128"/></a:defRPr></a:lvl5pPr><a:lvl6pPr marL="2514600" indent="-228600" eaLnBrk="0" fontAlgn="base" hangingPunct="0"><a:spcBef><a:spcPct val="0"/></a:spcBef><a:spcAft><a:spcPct val="0"/></a:spcAft><a:defRPr><a:solidFill><a:schemeClr val="tx1"/></a:solidFill><a:latin typeface="Arial" panose="020B0604020202020204" pitchFamily="34" charset="0"/><a:ea typeface="ＭＳ Ｐゴシック" panose="020B0600070205080204" pitchFamily="34" charset="-128"/></a:defRPr></a:lvl6pPr><a:lvl7pPr marL="2971800" indent="-228600" eaLnBrk="0" fontAlgn="base" hangingPunct="0"><a:spcBef><a:spcPct val="0"/></a:spcBef><a:spcAft><a:spcPct val="0"/></a:spcAft><a:defRPr><a:solidFill><a:schemeClr val="tx1"/></a:solidFill><a:latin typeface="Arial" panose="020B0604020202020204" pitchFamily="34" charset="0"/><a:ea typeface="ＭＳ Ｐゴシック" panose="020B0600070205080204" pitchFamily="34" charset="-128"/></a:defRPr></a:lvl7pPr><a:lvl8pPr marL="3429000" indent="-228600" eaLnBrk="0" fontAlgn="base" hangingPunct="0"><a:spcBef><a:spcPct val="0"/></a:spcBef><a:spcAft><a:spcPct val="0"/></a:spcAft><a:defRPr><a:solidFill><a:schemeClr val="tx1"/></a:solidFill><a:latin typeface="Arial" panose="020B0604020202020204" pitchFamily="34" charset="0"/><a:ea typeface="ＭＳ Ｐゴシック" panose="020B0600070205080204" pitchFamily="34" charset="-128"/></a:defRPr></a:lvl8pPr><a:lvl9pPr marL="3886200" indent="-228600" eaLnBrk="0" fontAlgn="base" hangingPunct="0"><a:spcBef><a:spcPct val="0"/></a:spcBef><a:spcAft><a:spcPct val="0"/></a:spcAft><a:defRPr><a:solidFill><a:schemeClr val="tx1"/></a:solidFill><a:latin typeface="Arial" panose="020B0604020202020204" pitchFamily="34" charset="0"/><a:ea typeface="ＭＳ Ｐゴシック" panose="020B0600070205080204" pitchFamily="34" charset="-128"/></a:defRPr></a:lvl9pPr></a:lstStyle><a:p><a:pPr defTabSz="914400" fontAlgn="base"><a:spcBef><a:spcPct val="0"/></a:spcBef><a:spcAft><a:spcPct val="0"/></a:spcAft></a:pPr><a:r><a:rPr lang="nl-BE" altLang="en-US" smtClean="0"><a:solidFill><a:srgbClr val="FFFFFF"/></a:solidFill></a:rPr><a:t>and continued with…</a:t></a:r><a:endParaRPr lang="en-US" altLang="en-US" b="1" smtClean="0"><a:solidFill><a:srgbClr val="FFFFFF"/></a:solidFill></a:endParaRPr></a:p></p:txBody></p:sp><p:pic><p:nvPicPr><p:cNvPr id="78853" name="Picture 4" descr="H:\My Business documents - ia\Images\PI Sandton\Junior Suite Room_02 JNBPS.jpg"/><p:cNvPicPr><a:picLocks noChangeAspect="1" noChangeArrowheads="1"/></p:cNvPicPr><p:nvPr/></p:nvPicPr><p:blipFill><a:blip r:embed="rId4"><a:extLst><a:ext uri="{28A0092B-C50C-407E-A947-70E740481C1C}"><a14:useLocalDpi xmlns:a14="http://schemas.microsoft.com/office/drawing/2010/main" val="0"/></a:ext></a:extLst></a:blip><a:srcRect l="28546" t="17439" r="6996"/><a:stretch><a:fillRect/></a:stretch></p:blipFill><p:spPr bwMode="auto"><a:xfrm><a:off x="4570413" y="-3175"/><a:ext cx="4610100" cy="3432175"/></a:xfrm><a:prstGeom prst="rect"><a:avLst/></a:prstGeom><a:noFill/><a:ln><a:noFill/></a:ln><a:extLst><a:ext uri="{909E8E84-426E-40DD-AFC4-6F175D3DCCD1}"><a14:hiddenFill xmlns:a14="http://schemas.microsoft.com/office/drawing/2010/main"><a:solidFill><a:srgbClr val="FFFFFF"/></a:solidFill></a14:hiddenFill></a:ext><a:ext uri="{91240B29-F687-4F45-9708-019B960494DF}"><a14:hiddenLine xmlns:a14="http://schemas.microsoft.com/office/drawing/2010/main" w="9525"><a:solidFill><a:srgbClr val="000000"/></a:solidFill><a:miter lim="800000"/><a:headEnd/><a:tailEnd/></a14:hiddenLine></a:ext></a:extLst></p:spPr></p:pic><p:pic><p:nvPicPr><p:cNvPr id="78854" name="Picture 2" descr="H:\My Business documents - ia\Images\PI Abu Dhabi, Yas Island\Park Inn Room 0012 (Blue)a.jpg"/><p:cNvPicPr><a:picLocks noChangeAspect="1" noChangeArrowheads="1"/></p:cNvPicPr><p:nvPr/></p:nvPicPr><p:blipFill><a:blip r:embed="rId5"><a:extLst><a:ext uri="{28A0092B-C50C-407E-A947-70E740481C1C}"><a14:useLocalDpi xmlns:a14="http://schemas.microsoft.com/office/drawing/2010/main" val="0"/></a:ext></a:extLst></a:blip><a:srcRect l="10970" t="14156" r="19757" b="2554"/><a:stretch><a:fillRect/></a:stretch></p:blipFill><p:spPr bwMode="auto"><a:xfrm><a:off x="4572000" y="3429000"/><a:ext cx="4572000" cy="3429000"/></a:xfrm><a:prstGeom prst="rect"><a:avLst/></a:prstGeom><a:noFill/><a:ln><a:noFill/></a:ln><a:extLst><a:ext uri="{909E8E84-426E-40DD-AFC4-6F175D3DCCD1}"><a14:hiddenFill xmlns:a14="http://schemas.microsoft.com/office/drawing/2010/main"><a:solidFill><a:srgbClr val="FFFFFF"/></a:solidFill></a14:hiddenFill></a:ext><a:ext uri="{91240B29-F687-4F45-9708-019B960494DF}"><a14:hiddenLine xmlns:a14="http://schemas.microsoft.com/office/drawing/2010/main" w="9525"><a:solidFill><a:srgbClr val="000000"/></a:solidFill><a:miter lim="800000"/><a:headEnd/><a:tailEnd/></a14:hiddenLine></a:ext></a:extLst></p:spPr></p:pic><p:pic><p:nvPicPr><p:cNvPr id="78855" name="Picture 2" descr="H:\My Business documents - ia\Images\PI Abu Dhabi, Yas Island\PI Red Room 086.jpg"/><p:cNvPicPr><a:picLocks noChangeAspect="1" noChangeArrowheads="1"/></p:cNvPicPr><p:nvPr/></p:nvPicPr><p:blipFill><a:blip r:embed="rId6"><a:extLst><a:ext uri="{28A0092B-C50C-407E-A947-70E740481C1C}"><a14:useLocalDpi xmlns:a14="http://schemas.microsoft.com/office/drawing/2010/main" val="0"/></a:ext></a:extLst></a:blip><a:srcRect l="27" t="28799" r="21500" b="2"/><a:stretch><a:fillRect/></a:stretch></p:blipFill><p:spPr bwMode="auto"><a:xfrm><a:off x="0" y="3429000"/><a:ext cx="4570413" cy="3429000"/></a:xfrm><a:prstGeom prst="rect"><a:avLst/></a:prstGeom><a:noFill/><a:ln><a:noFill/></a:ln><a:extLst><a:ext uri="{909E8E84-426E-40DD-AFC4-6F175D3DCCD1}"><a14:hiddenFill xmlns:a14="http://schemas.microsoft.com/office/drawing/2010/main"><a:solidFill><a:srgbClr val="FFFFFF"/></a:solidFill></a14:hiddenFill></a:ext><a:ext uri="{91240B29-F687-4F45-9708-019B960494DF}"><a14:hiddenLine xmlns:a14="http://schemas.microsoft.com/office/drawing/2010/main" w="9525"><a:solidFill><a:srgbClr val="000000"/></a:solidFill><a:miter lim="800000"/><a:headEnd/><a:tailEnd/></a14:hiddenLine></a:ext></a:extLst></p:spPr></p:pic><p:cxnSp><p:nvCxnSpPr><p:cNvPr id="78856" name="Straight Connector 4"/><p:cNvCxnSpPr><a:cxnSpLocks noChangeShapeType="1"/></p:cNvCxnSpPr><p:nvPr/></p:nvCxnSpPr><p:spPr bwMode="auto"><a:xfrm flipH="1"><a:off x="-1588" y="3429000"/><a:ext cx="9145588" cy="0"/></a:xfrm><a:prstGeom prst="line"><a:avLst/></a:prstGeom><a:noFill/><a:ln w="82550"><a:solidFill><a:srgbClr val="FFFFFF"/></a:solidFill><a:round/><a:headEnd/><a:tailEnd/></a:ln><a:extLst><a:ext uri="{909E8E84-426E-40DD-AFC4-6F175D3DCCD1}"><a14:hiddenFill xmlns:a14="http://schemas.microsoft.com/office/drawing/2010/main"><a:noFill/></a14:hiddenFill></a:ext></a:extLst></p:spPr></p:cxnSp><p:cxnSp><p:nvCxnSpPr><p:cNvPr id="78857" name="Straight Connector 4"/><p:cNvCxnSpPr><a:cxnSpLocks noChangeShapeType="1"/></p:cNvCxnSpPr><p:nvPr/></p:nvCxnSpPr><p:spPr bwMode="auto"><a:xfrm flipV="1"><a:off x="4572000" y="0"/><a:ext cx="0" cy="6858000"/></a:xfrm><a:prstGeom prst="line"><a:avLst/></a:prstGeom><a:noFill/><a:ln w="82550"><a:solidFill><a:srgbClr val="FFFFFF"/></a:solidFill><a:round/><a:headEnd/><a:tailEnd/></a:ln><a:extLst><a:ext uri="{909E8E84-426E-40DD-AFC4-6F175D3DCCD1}"><a14:hiddenFill xmlns:a14="http://schemas.microsoft.com/office/drawing/2010/main"><a:noFill/></a14:hiddenFill></a:ext></a:extLst></p:spPr></p:cxnSp></p:spTree><p:extLst><p:ext uri="{BB962C8B-B14F-4D97-AF65-F5344CB8AC3E}"><p14:creationId xmlns:p14="http://schemas.microsoft.com/office/powerpoint/2010/main" val="1194166484"/></p:ext></p:extLst></p:cSld><p:clrMapOvr><a:masterClrMapping/></p:clrMapOvr><p:transition/><p:timing><p:tnLst><p:par><p:cTn id="1" dur="indefinite" restart="never" nodeType="tmRoot"/></p:par></p:tnLst></p:timing></p:sld>