<?xml version="1.0" encoding="UTF-8" standalone="yes"?>
<p:sld xmlns:a="http://schemas.openxmlformats.org/drawingml/2006/main" xmlns:r="http://schemas.openxmlformats.org/officeDocument/2006/relationships" xmlns:p="http://schemas.openxmlformats.org/presentationml/2006/main"><p:cSld><p:spTree><p:nvGrpSpPr><p:cNvPr id="1" name=""/><p:cNvGrpSpPr/><p:nvPr/></p:nvGrpSpPr><p:grpSpPr><a:xfrm><a:off x="0" y="0"/><a:ext cx="0" cy="0"/><a:chOff x="0" y="0"/><a:chExt cx="0" cy="0"/></a:xfrm></p:grpSpPr><p:pic><p:nvPicPr><p:cNvPr id="3" name="Picture 2"/><p:cNvPicPr><a:picLocks noChangeAspect="1"/></p:cNvPicPr><p:nvPr/></p:nvPicPr><p:blipFill><a:blip r:embed="rId2"/><a:stretch><a:fillRect/></a:stretch></p:blipFill><p:spPr><a:xfrm><a:off x="1043608" y="1916832"/><a:ext cx="1512168" cy="1613354"/></a:xfrm><a:prstGeom prst="rect"><a:avLst/></a:prstGeom></p:spPr></p:pic><p:pic><p:nvPicPr><p:cNvPr id="4" name="Picture 3"/><p:cNvPicPr><a:picLocks noChangeAspect="1"/></p:cNvPicPr><p:nvPr/></p:nvPicPr><p:blipFill><a:blip r:embed="rId3"/><a:stretch><a:fillRect/></a:stretch></p:blipFill><p:spPr><a:xfrm><a:off x="3707904" y="2204864"/><a:ext cx="1387741" cy="1223268"/></a:xfrm><a:prstGeom prst="rect"><a:avLst/></a:prstGeom></p:spPr></p:pic><p:pic><p:nvPicPr><p:cNvPr id="8" name="Picture 7"/><p:cNvPicPr><a:picLocks noChangeAspect="1"/></p:cNvPicPr><p:nvPr/></p:nvPicPr><p:blipFill><a:blip r:embed="rId4"/><a:stretch><a:fillRect/></a:stretch></p:blipFill><p:spPr><a:xfrm><a:off x="6372200" y="1844824"/><a:ext cx="1175910" cy="1638653"/></a:xfrm><a:prstGeom prst="rect"><a:avLst/></a:prstGeom></p:spPr></p:pic><p:sp><p:nvSpPr><p:cNvPr id="5" name="Content Placeholder 2"/><p:cNvSpPr txBox="1"><a:spLocks/></p:cNvSpPr><p:nvPr/></p:nvSpPr><p:spPr><a:xfrm><a:off x="755576" y="4077072"/><a:ext cx="2304256" cy="2376264"/></a:xfrm><a:prstGeom prst="rect"><a:avLst/></a:prstGeom></p:spPr><p:txBody><a:bodyPr vert="horz" lIns="91440" tIns="45720" rIns="91440" bIns="45720" rtlCol="0"><a:noAutofit/></a:bodyPr><a:lstStyle><a:lvl1pPr marL="342900" indent="-342900" algn="l" defTabSz="914400" rtl="0" eaLnBrk="1" latinLnBrk="0" hangingPunct="1"><a:lnSpc><a:spcPct val="80000"/></a:lnSpc><a:spcBef><a:spcPct val="20000"/></a:spcBef><a:buFont typeface="Arial" panose="020B0604020202020204" pitchFamily="34" charset="0"/><a:buChar char="•"/><a:defRPr sz="2000" b="0" i="0" kern="1200"><a:solidFill><a:schemeClr val="tx1"/></a:solidFill><a:latin typeface="Proxima Nova Light"/><a:ea typeface="+mn-ea"/><a:cs typeface="Proxima Nova Light"/></a:defRPr></a:lvl1pPr><a:lvl2pPr marL="742950" indent="-285750" algn="l" defTabSz="914400" rtl="0" eaLnBrk="1" latinLnBrk="0" hangingPunct="1"><a:lnSpc><a:spcPct val="80000"/></a:lnSpc><a:spcBef><a:spcPct val="20000"/></a:spcBef><a:buFont typeface="Arial" panose="020B0604020202020204" pitchFamily="34" charset="0"/><a:buChar char="–"/><a:defRPr sz="2000" b="0" i="0" kern="1200"><a:solidFill><a:schemeClr val="tx1"/></a:solidFill><a:latin typeface="Proxima Nova Light"/><a:ea typeface="+mn-ea"/><a:cs typeface="Proxima Nova Light"/></a:defRPr></a:lvl2pPr><a:lvl3pPr marL="1143000" indent="-228600" algn="l" defTabSz="914400" rtl="0" eaLnBrk="1" latinLnBrk="0" hangingPunct="1"><a:lnSpc><a:spcPct val="80000"/></a:lnSpc><a:spcBef><a:spcPct val="20000"/></a:spcBef><a:buFont typeface="Arial" panose="020B0604020202020204" pitchFamily="34" charset="0"/><a:buChar char="•"/><a:defRPr sz="2000" b="0" i="0" kern="1200"><a:solidFill><a:schemeClr val="tx1"/></a:solidFill><a:latin typeface="Proxima Nova Light"/><a:ea typeface="+mn-ea"/><a:cs typeface="Proxima Nova Light"/></a:defRPr></a:lvl3pPr><a:lvl4pPr marL="1600200" indent="-228600" algn="l" defTabSz="914400" rtl="0" eaLnBrk="1" latinLnBrk="0" hangingPunct="1"><a:lnSpc><a:spcPct val="80000"/></a:lnSpc><a:spcBef><a:spcPct val="20000"/></a:spcBef><a:buFont typeface="Arial" panose="020B0604020202020204" pitchFamily="34" charset="0"/><a:buChar char="–"/><a:defRPr sz="2000" b="0" i="0" kern="1200"><a:solidFill><a:schemeClr val="tx1"/></a:solidFill><a:latin typeface="Proxima Nova Light"/><a:ea typeface="+mn-ea"/><a:cs typeface="Proxima Nova Light"/></a:defRPr></a:lvl4pPr><a:lvl5pPr marL="2057400" indent="-228600" algn="l" defTabSz="914400" rtl="0" eaLnBrk="1" latinLnBrk="0" hangingPunct="1"><a:lnSpc><a:spcPct val="80000"/></a:lnSpc><a:spcBef><a:spcPct val="20000"/></a:spcBef><a:buFont typeface="Arial" panose="020B0604020202020204" pitchFamily="34" charset="0"/><a:buChar char="»"/><a:defRPr sz="2000" b="0" i="0" kern="1200"><a:solidFill><a:schemeClr val="tx1"/></a:solidFill><a:latin typeface="Proxima Nova Light"/><a:ea typeface="+mn-ea"/><a:cs typeface="Proxima Nova Light"/></a:defRPr></a:lvl5pPr><a:lvl6pPr marL="2514600" indent="-228600" algn="l" defTabSz="914400" rtl="0" eaLnBrk="1" latinLnBrk="0" hangingPunct="1"><a:spcBef><a:spcPct val="20000"/></a:spcBef><a:buFont typeface="Arial" panose="020B0604020202020204" pitchFamily="34" charset="0"/><a:buChar char="•"/><a:defRPr sz="2000" kern="1200"><a:solidFill><a:schemeClr val="tx1"/></a:solidFill><a:latin typeface="+mn-lt"/><a:ea typeface="+mn-ea"/><a:cs typeface="+mn-cs"/></a:defRPr></a:lvl6pPr><a:lvl7pPr marL="2971800" indent="-228600" algn="l" defTabSz="914400" rtl="0" eaLnBrk="1" latinLnBrk="0" hangingPunct="1"><a:spcBef><a:spcPct val="20000"/></a:spcBef><a:buFont typeface="Arial" panose="020B0604020202020204" pitchFamily="34" charset="0"/><a:buChar char="•"/><a:defRPr sz="2000" kern="1200"><a:solidFill><a:schemeClr val="tx1"/></a:solidFill><a:latin typeface="+mn-lt"/><a:ea typeface="+mn-ea"/><a:cs typeface="+mn-cs"/></a:defRPr></a:lvl7pPr><a:lvl8pPr marL="3429000" indent="-228600" algn="l" defTabSz="914400" rtl="0" eaLnBrk="1" latinLnBrk="0" hangingPunct="1"><a:spcBef><a:spcPct val="20000"/></a:spcBef><a:buFont typeface="Arial" panose="020B0604020202020204" pitchFamily="34" charset="0"/><a:buChar char="•"/><a:defRPr sz="2000" kern="1200"><a:solidFill><a:schemeClr val="tx1"/></a:solidFill><a:latin typeface="+mn-lt"/><a:ea typeface="+mn-ea"/><a:cs typeface="+mn-cs"/></a:defRPr></a:lvl8pPr><a:lvl9pPr marL="3886200" indent="-228600" algn="l" defTabSz="914400" rtl="0" eaLnBrk="1" latinLnBrk="0" hangingPunct="1"><a:spcBef><a:spcPct val="20000"/></a:spcBef><a:buFont typeface="Arial" panose="020B0604020202020204" pitchFamily="34" charset="0"/><a:buChar char="•"/><a:defRPr sz="2000" kern="1200"><a:solidFill><a:schemeClr val="tx1"/></a:solidFill><a:latin typeface="+mn-lt"/><a:ea typeface="+mn-ea"/><a:cs typeface="+mn-cs"/></a:defRPr></a:lvl9pPr></a:lstStyle><a:p><a:pPr marL="271463" indent="-271463" defTabSz="914559"><a:lnSpc><a:spcPct val="100000"/></a:lnSpc><a:buFont typeface="Arial" panose="020B0604020202020204" pitchFamily="34" charset="0"/><a:buNone/></a:pPr><a:r><a:rPr lang="en-GB" sz="2400" b="1" dirty="0" smtClean="0"><a:solidFill><a:prstClr val="black"/></a:solidFill><a:latin typeface="Proxima Nova Bold"/><a:cs typeface="Proxima Nova Bold"/></a:rPr><a:t>1. Raise the alarm</a:t></a:r><a:br><a:rPr lang="en-GB" sz="2400" b="1" dirty="0" smtClean="0"><a:solidFill><a:prstClr val="black"/></a:solidFill><a:latin typeface="Proxima Nova Bold"/><a:cs typeface="Proxima Nova Bold"/></a:rPr></a:br><a:r><a:rPr lang="en-GB" sz="1600" dirty="0" smtClean="0"><a:solidFill><a:prstClr val="black"/></a:solidFill><a:latin typeface="Proxima Nova Bold"/><a:cs typeface="Proxima Nova Bold"/></a:rPr><a:t>– Call emergency number or have a colleague call</a:t></a:r><a:endParaRPr lang="en-GB" sz="1600" dirty="0"><a:solidFill><a:prstClr val="black"/></a:solidFill><a:latin typeface="Proxima Nova Bold"/><a:cs typeface="Proxima Nova Bold"/></a:endParaRPr></a:p></p:txBody></p:sp><p:sp><p:nvSpPr><p:cNvPr id="10" name="Content Placeholder 2"/><p:cNvSpPr txBox="1"><a:spLocks/></p:cNvSpPr><p:nvPr/></p:nvSpPr><p:spPr><a:xfrm><a:off x="3419872" y="4077072"/><a:ext cx="2016224" cy="2376264"/></a:xfrm><a:prstGeom prst="rect"><a:avLst/></a:prstGeom></p:spPr><p:txBody><a:bodyPr vert="horz" lIns="91440" tIns="45720" rIns="91440" bIns="45720" rtlCol="0"><a:noAutofit/></a:bodyPr><a:lstStyle><a:lvl1pPr marL="342900" indent="-342900" algn="l" defTabSz="914400" rtl="0" eaLnBrk="1" latinLnBrk="0" hangingPunct="1"><a:lnSpc><a:spcPct val="80000"/></a:lnSpc><a:spcBef><a:spcPct val="20000"/></a:spcBef><a:buFont typeface="Arial" panose="020B0604020202020204" pitchFamily="34" charset="0"/><a:buChar char="•"/><a:defRPr sz="2000" b="0" i="0" kern="1200"><a:solidFill><a:schemeClr val="tx1"/></a:solidFill><a:latin typeface="Proxima Nova Light"/><a:ea typeface="+mn-ea"/><a:cs typeface="Proxima Nova Light"/></a:defRPr></a:lvl1pPr><a:lvl2pPr marL="742950" indent="-285750" algn="l" defTabSz="914400" rtl="0" eaLnBrk="1" latinLnBrk="0" hangingPunct="1"><a:lnSpc><a:spcPct val="80000"/></a:lnSpc><a:spcBef><a:spcPct val="20000"/></a:spcBef><a:buFont typeface="Arial" panose="020B0604020202020204" pitchFamily="34" charset="0"/><a:buChar char="–"/><a:defRPr sz="2000" b="0" i="0" kern="1200"><a:solidFill><a:schemeClr val="tx1"/></a:solidFill><a:latin typeface="Proxima Nova Light"/><a:ea typeface="+mn-ea"/><a:cs typeface="Proxima Nova Light"/></a:defRPr></a:lvl2pPr><a:lvl3pPr marL="1143000" indent="-228600" algn="l" defTabSz="914400" rtl="0" eaLnBrk="1" latinLnBrk="0" hangingPunct="1"><a:lnSpc><a:spcPct val="80000"/></a:lnSpc><a:spcBef><a:spcPct val="20000"/></a:spcBef><a:buFont typeface="Arial" panose="020B0604020202020204" pitchFamily="34" charset="0"/><a:buChar char="•"/><a:defRPr sz="2000" b="0" i="0" kern="1200"><a:solidFill><a:schemeClr val="tx1"/></a:solidFill><a:latin typeface="Proxima Nova Light"/><a:ea typeface="+mn-ea"/><a:cs typeface="Proxima Nova Light"/></a:defRPr></a:lvl3pPr><a:lvl4pPr marL="1600200" indent="-228600" algn="l" defTabSz="914400" rtl="0" eaLnBrk="1" latinLnBrk="0" hangingPunct="1"><a:lnSpc><a:spcPct val="80000"/></a:lnSpc><a:spcBef><a:spcPct val="20000"/></a:spcBef><a:buFont typeface="Arial" panose="020B0604020202020204" pitchFamily="34" charset="0"/><a:buChar char="–"/><a:defRPr sz="2000" b="0" i="0" kern="1200"><a:solidFill><a:schemeClr val="tx1"/></a:solidFill><a:latin typeface="Proxima Nova Light"/><a:ea typeface="+mn-ea"/><a:cs typeface="Proxima Nova Light"/></a:defRPr></a:lvl4pPr><a:lvl5pPr marL="2057400" indent="-228600" algn="l" defTabSz="914400" rtl="0" eaLnBrk="1" latinLnBrk="0" hangingPunct="1"><a:lnSpc><a:spcPct val="80000"/></a:lnSpc><a:spcBef><a:spcPct val="20000"/></a:spcBef><a:buFont typeface="Arial" panose="020B0604020202020204" pitchFamily="34" charset="0"/><a:buChar char="»"/><a:defRPr sz="2000" b="0" i="0" kern="1200"><a:solidFill><a:schemeClr val="tx1"/></a:solidFill><a:latin typeface="Proxima Nova Light"/><a:ea typeface="+mn-ea"/><a:cs typeface="Proxima Nova Light"/></a:defRPr></a:lvl5pPr><a:lvl6pPr marL="2514600" indent="-228600" algn="l" defTabSz="914400" rtl="0" eaLnBrk="1" latinLnBrk="0" hangingPunct="1"><a:spcBef><a:spcPct val="20000"/></a:spcBef><a:buFont typeface="Arial" panose="020B0604020202020204" pitchFamily="34" charset="0"/><a:buChar char="•"/><a:defRPr sz="2000" kern="1200"><a:solidFill><a:schemeClr val="tx1"/></a:solidFill><a:latin typeface="+mn-lt"/><a:ea typeface="+mn-ea"/><a:cs typeface="+mn-cs"/></a:defRPr></a:lvl6pPr><a:lvl7pPr marL="2971800" indent="-228600" algn="l" defTabSz="914400" rtl="0" eaLnBrk="1" latinLnBrk="0" hangingPunct="1"><a:spcBef><a:spcPct val="20000"/></a:spcBef><a:buFont typeface="Arial" panose="020B0604020202020204" pitchFamily="34" charset="0"/><a:buChar char="•"/><a:defRPr sz="2000" kern="1200"><a:solidFill><a:schemeClr val="tx1"/></a:solidFill><a:latin typeface="+mn-lt"/><a:ea typeface="+mn-ea"/><a:cs typeface="+mn-cs"/></a:defRPr></a:lvl7pPr><a:lvl8pPr marL="3429000" indent="-228600" algn="l" defTabSz="914400" rtl="0" eaLnBrk="1" latinLnBrk="0" hangingPunct="1"><a:spcBef><a:spcPct val="20000"/></a:spcBef><a:buFont typeface="Arial" panose="020B0604020202020204" pitchFamily="34" charset="0"/><a:buChar char="•"/><a:defRPr sz="2000" kern="1200"><a:solidFill><a:schemeClr val="tx1"/></a:solidFill><a:latin typeface="+mn-lt"/><a:ea typeface="+mn-ea"/><a:cs typeface="+mn-cs"/></a:defRPr></a:lvl8pPr><a:lvl9pPr marL="3886200" indent="-228600" algn="l" defTabSz="914400" rtl="0" eaLnBrk="1" latinLnBrk="0" hangingPunct="1"><a:spcBef><a:spcPct val="20000"/></a:spcBef><a:buFont typeface="Arial" panose="020B0604020202020204" pitchFamily="34" charset="0"/><a:buChar char="•"/><a:defRPr sz="2000" kern="1200"><a:solidFill><a:schemeClr val="tx1"/></a:solidFill><a:latin typeface="+mn-lt"/><a:ea typeface="+mn-ea"/><a:cs typeface="+mn-cs"/></a:defRPr></a:lvl9pPr></a:lstStyle><a:p><a:pPr marL="271463" indent="-271463" defTabSz="914559"><a:lnSpc><a:spcPct val="100000"/></a:lnSpc><a:buFont typeface="Arial" panose="020B0604020202020204" pitchFamily="34" charset="0"/><a:buNone/></a:pPr><a:r><a:rPr lang="en-GB" sz="2400" b="1" dirty="0" smtClean="0"><a:solidFill><a:prstClr val="black"/></a:solidFill><a:latin typeface="Proxima Nova Bold"/><a:cs typeface="Proxima Nova Bold"/></a:rPr><a:t>2. Save Lives</a:t></a:r><a:br><a:rPr lang="en-GB" sz="2400" b="1" dirty="0" smtClean="0"><a:solidFill><a:prstClr val="black"/></a:solidFill><a:latin typeface="Proxima Nova Bold"/><a:cs typeface="Proxima Nova Bold"/></a:rPr></a:br><a:r><a:rPr lang="en-GB" sz="1600" dirty="0" smtClean="0"><a:solidFill><a:prstClr val="black"/></a:solidFill><a:latin typeface="Proxima Nova Bold"/><a:cs typeface="Proxima Nova Bold"/></a:rPr><a:t>– Give first aid if you are trained. Reassure the victim that help is on the way</a:t></a:r><a:endParaRPr lang="en-GB" sz="1600" dirty="0"><a:solidFill><a:prstClr val="black"/></a:solidFill><a:latin typeface="Proxima Nova Bold"/><a:cs typeface="Proxima Nova Bold"/></a:endParaRPr></a:p></p:txBody></p:sp><p:sp><p:nvSpPr><p:cNvPr id="13" name="Content Placeholder 2"/><p:cNvSpPr txBox="1"><a:spLocks/></p:cNvSpPr><p:nvPr/></p:nvSpPr><p:spPr><a:xfrm><a:off x="6012160" y="4077072"/><a:ext cx="2016224" cy="2376264"/></a:xfrm><a:prstGeom prst="rect"><a:avLst/></a:prstGeom></p:spPr><p:txBody><a:bodyPr vert="horz" lIns="91440" tIns="45720" rIns="91440" bIns="45720" rtlCol="0"><a:noAutofit/></a:bodyPr><a:lstStyle><a:lvl1pPr marL="342900" indent="-342900" algn="l" defTabSz="914400" rtl="0" eaLnBrk="1" latinLnBrk="0" hangingPunct="1"><a:lnSpc><a:spcPct val="80000"/></a:lnSpc><a:spcBef><a:spcPct val="20000"/></a:spcBef><a:buFont typeface="Arial" panose="020B0604020202020204" pitchFamily="34" charset="0"/><a:buChar char="•"/><a:defRPr sz="2000" b="0" i="0" kern="1200"><a:solidFill><a:schemeClr val="tx1"/></a:solidFill><a:latin typeface="Proxima Nova Light"/><a:ea typeface="+mn-ea"/><a:cs typeface="Proxima Nova Light"/></a:defRPr></a:lvl1pPr><a:lvl2pPr marL="742950" indent="-285750" algn="l" defTabSz="914400" rtl="0" eaLnBrk="1" latinLnBrk="0" hangingPunct="1"><a:lnSpc><a:spcPct val="80000"/></a:lnSpc><a:spcBef><a:spcPct val="20000"/></a:spcBef><a:buFont typeface="Arial" panose="020B0604020202020204" pitchFamily="34" charset="0"/><a:buChar char="–"/><a:defRPr sz="2000" b="0" i="0" kern="1200"><a:solidFill><a:schemeClr val="tx1"/></a:solidFill><a:latin typeface="Proxima Nova Light"/><a:ea typeface="+mn-ea"/><a:cs typeface="Proxima Nova Light"/></a:defRPr></a:lvl2pPr><a:lvl3pPr marL="1143000" indent="-228600" algn="l" defTabSz="914400" rtl="0" eaLnBrk="1" latinLnBrk="0" hangingPunct="1"><a:lnSpc><a:spcPct val="80000"/></a:lnSpc><a:spcBef><a:spcPct val="20000"/></a:spcBef><a:buFont typeface="Arial" panose="020B0604020202020204" pitchFamily="34" charset="0"/><a:buChar char="•"/><a:defRPr sz="2000" b="0" i="0" kern="1200"><a:solidFill><a:schemeClr val="tx1"/></a:solidFill><a:latin typeface="Proxima Nova Light"/><a:ea typeface="+mn-ea"/><a:cs typeface="Proxima Nova Light"/></a:defRPr></a:lvl3pPr><a:lvl4pPr marL="1600200" indent="-228600" algn="l" defTabSz="914400" rtl="0" eaLnBrk="1" latinLnBrk="0" hangingPunct="1"><a:lnSpc><a:spcPct val="80000"/></a:lnSpc><a:spcBef><a:spcPct val="20000"/></a:spcBef><a:buFont typeface="Arial" panose="020B0604020202020204" pitchFamily="34" charset="0"/><a:buChar char="–"/><a:defRPr sz="2000" b="0" i="0" kern="1200"><a:solidFill><a:schemeClr val="tx1"/></a:solidFill><a:latin typeface="Proxima Nova Light"/><a:ea typeface="+mn-ea"/><a:cs typeface="Proxima Nova Light"/></a:defRPr></a:lvl4pPr><a:lvl5pPr marL="2057400" indent="-228600" algn="l" defTabSz="914400" rtl="0" eaLnBrk="1" latinLnBrk="0" hangingPunct="1"><a:lnSpc><a:spcPct val="80000"/></a:lnSpc><a:spcBef><a:spcPct val="20000"/></a:spcBef><a:buFont typeface="Arial" panose="020B0604020202020204" pitchFamily="34" charset="0"/><a:buChar char="»"/><a:defRPr sz="2000" b="0" i="0" kern="1200"><a:solidFill><a:schemeClr val="tx1"/></a:solidFill><a:latin typeface="Proxima Nova Light"/><a:ea typeface="+mn-ea"/><a:cs typeface="Proxima Nova Light"/></a:defRPr></a:lvl5pPr><a:lvl6pPr marL="2514600" indent="-228600" algn="l" defTabSz="914400" rtl="0" eaLnBrk="1" latinLnBrk="0" hangingPunct="1"><a:spcBef><a:spcPct val="20000"/></a:spcBef><a:buFont typeface="Arial" panose="020B0604020202020204" pitchFamily="34" charset="0"/><a:buChar char="•"/><a:defRPr sz="2000" kern="1200"><a:solidFill><a:schemeClr val="tx1"/></a:solidFill><a:latin typeface="+mn-lt"/><a:ea typeface="+mn-ea"/><a:cs typeface="+mn-cs"/></a:defRPr></a:lvl6pPr><a:lvl7pPr marL="2971800" indent="-228600" algn="l" defTabSz="914400" rtl="0" eaLnBrk="1" latinLnBrk="0" hangingPunct="1"><a:spcBef><a:spcPct val="20000"/></a:spcBef><a:buFont typeface="Arial" panose="020B0604020202020204" pitchFamily="34" charset="0"/><a:buChar char="•"/><a:defRPr sz="2000" kern="1200"><a:solidFill><a:schemeClr val="tx1"/></a:solidFill><a:latin typeface="+mn-lt"/><a:ea typeface="+mn-ea"/><a:cs typeface="+mn-cs"/></a:defRPr></a:lvl7pPr><a:lvl8pPr marL="3429000" indent="-228600" algn="l" defTabSz="914400" rtl="0" eaLnBrk="1" latinLnBrk="0" hangingPunct="1"><a:spcBef><a:spcPct val="20000"/></a:spcBef><a:buFont typeface="Arial" panose="020B0604020202020204" pitchFamily="34" charset="0"/><a:buChar char="•"/><a:defRPr sz="2000" kern="1200"><a:solidFill><a:schemeClr val="tx1"/></a:solidFill><a:latin typeface="+mn-lt"/><a:ea typeface="+mn-ea"/><a:cs typeface="+mn-cs"/></a:defRPr></a:lvl8pPr><a:lvl9pPr marL="3886200" indent="-228600" algn="l" defTabSz="914400" rtl="0" eaLnBrk="1" latinLnBrk="0" hangingPunct="1"><a:spcBef><a:spcPct val="20000"/></a:spcBef><a:buFont typeface="Arial" panose="020B0604020202020204" pitchFamily="34" charset="0"/><a:buChar char="•"/><a:defRPr sz="2000" kern="1200"><a:solidFill><a:schemeClr val="tx1"/></a:solidFill><a:latin typeface="+mn-lt"/><a:ea typeface="+mn-ea"/><a:cs typeface="+mn-cs"/></a:defRPr></a:lvl9pPr></a:lstStyle><a:p><a:pPr marL="271463" indent="-271463" defTabSz="914559"><a:lnSpc><a:spcPct val="100000"/></a:lnSpc><a:buFont typeface="Arial" panose="020B0604020202020204" pitchFamily="34" charset="0"/><a:buNone/></a:pPr><a:r><a:rPr lang="en-GB" sz="2400" b="1" dirty="0" smtClean="0"><a:solidFill><a:prstClr val="black"/></a:solidFill><a:latin typeface="Proxima Nova Bold"/><a:cs typeface="Proxima Nova Bold"/></a:rPr><a:t>3. Stay with the victim</a:t></a:r><a:br><a:rPr lang="en-GB" sz="2400" b="1" dirty="0" smtClean="0"><a:solidFill><a:prstClr val="black"/></a:solidFill><a:latin typeface="Proxima Nova Bold"/><a:cs typeface="Proxima Nova Bold"/></a:rPr></a:br><a:r><a:rPr lang="en-GB" sz="1600" dirty="0" smtClean="0"><a:solidFill><a:prstClr val="black"/></a:solidFill><a:latin typeface="Proxima Nova Bold"/><a:cs typeface="Proxima Nova Bold"/></a:rPr><a:t>– Stay put and pass information on to emergency services</a:t></a:r><a:endParaRPr lang="en-GB" sz="1600" dirty="0"><a:solidFill><a:prstClr val="black"/></a:solidFill><a:latin typeface="Proxima Nova Bold"/><a:cs typeface="Proxima Nova Bold"/></a:endParaRPr></a:p></p:txBody></p:sp><p:sp><p:nvSpPr><p:cNvPr id="14" name="Content Placeholder 2"/><p:cNvSpPr txBox="1"><a:spLocks/></p:cNvSpPr><p:nvPr/></p:nvSpPr><p:spPr><a:xfrm><a:off x="683568" y="620688"/><a:ext cx="7920880" cy="720080"/></a:xfrm><a:prstGeom prst="rect"><a:avLst/></a:prstGeom></p:spPr><p:txBody><a:bodyPr vert="horz" lIns="91440" tIns="45720" rIns="91440" bIns="45720" rtlCol="0"><a:normAutofit/></a:bodyPr><a:lstStyle><a:lvl1pPr marL="342900" indent="-342900" algn="l" defTabSz="914400" rtl="0" eaLnBrk="1" latinLnBrk="0" hangingPunct="1"><a:lnSpc><a:spcPct val="80000"/></a:lnSpc><a:spcBef><a:spcPct val="20000"/></a:spcBef><a:buFont typeface="Arial" panose="020B0604020202020204" pitchFamily="34" charset="0"/><a:buChar char="•"/><a:defRPr sz="2000" b="0" i="0" kern="1200"><a:solidFill><a:schemeClr val="tx1"/></a:solidFill><a:latin typeface="Proxima Nova Light"/><a:ea typeface="+mn-ea"/><a:cs typeface="Proxima Nova Light"/></a:defRPr></a:lvl1pPr><a:lvl2pPr marL="742950" indent="-285750" algn="l" defTabSz="914400" rtl="0" eaLnBrk="1" latinLnBrk="0" hangingPunct="1"><a:lnSpc><a:spcPct val="80000"/></a:lnSpc><a:spcBef><a:spcPct val="20000"/></a:spcBef><a:buFont typeface="Arial" panose="020B0604020202020204" pitchFamily="34" charset="0"/><a:buChar char="–"/><a:defRPr sz="2000" b="0" i="0" kern="1200"><a:solidFill><a:schemeClr val="tx1"/></a:solidFill><a:latin typeface="Proxima Nova Light"/><a:ea typeface="+mn-ea"/><a:cs typeface="Proxima Nova Light"/></a:defRPr></a:lvl2pPr><a:lvl3pPr marL="1143000" indent="-228600" algn="l" defTabSz="914400" rtl="0" eaLnBrk="1" latinLnBrk="0" hangingPunct="1"><a:lnSpc><a:spcPct val="80000"/></a:lnSpc><a:spcBef><a:spcPct val="20000"/></a:spcBef><a:buFont typeface="Arial" panose="020B0604020202020204" pitchFamily="34" charset="0"/><a:buChar char="•"/><a:defRPr sz="2000" b="0" i="0" kern="1200"><a:solidFill><a:schemeClr val="tx1"/></a:solidFill><a:latin typeface="Proxima Nova Light"/><a:ea typeface="+mn-ea"/><a:cs typeface="Proxima Nova Light"/></a:defRPr></a:lvl3pPr><a:lvl4pPr marL="1600200" indent="-228600" algn="l" defTabSz="914400" rtl="0" eaLnBrk="1" latinLnBrk="0" hangingPunct="1"><a:lnSpc><a:spcPct val="80000"/></a:lnSpc><a:spcBef><a:spcPct val="20000"/></a:spcBef><a:buFont typeface="Arial" panose="020B0604020202020204" pitchFamily="34" charset="0"/><a:buChar char="–"/><a:defRPr sz="2000" b="0" i="0" kern="1200"><a:solidFill><a:schemeClr val="tx1"/></a:solidFill><a:latin typeface="Proxima Nova Light"/><a:ea typeface="+mn-ea"/><a:cs typeface="Proxima Nova Light"/></a:defRPr></a:lvl4pPr><a:lvl5pPr marL="2057400" indent="-228600" algn="l" defTabSz="914400" rtl="0" eaLnBrk="1" latinLnBrk="0" hangingPunct="1"><a:lnSpc><a:spcPct val="80000"/></a:lnSpc><a:spcBef><a:spcPct val="20000"/></a:spcBef><a:buFont typeface="Arial" panose="020B0604020202020204" pitchFamily="34" charset="0"/><a:buChar char="»"/><a:defRPr sz="2000" b="0" i="0" kern="1200"><a:solidFill><a:schemeClr val="tx1"/></a:solidFill><a:latin typeface="Proxima Nova Light"/><a:ea typeface="+mn-ea"/><a:cs typeface="Proxima Nova Light"/></a:defRPr></a:lvl5pPr><a:lvl6pPr marL="2514600" indent="-228600" algn="l" defTabSz="914400" rtl="0" eaLnBrk="1" latinLnBrk="0" hangingPunct="1"><a:spcBef><a:spcPct val="20000"/></a:spcBef><a:buFont typeface="Arial" panose="020B0604020202020204" pitchFamily="34" charset="0"/><a:buChar char="•"/><a:defRPr sz="2000" kern="1200"><a:solidFill><a:schemeClr val="tx1"/></a:solidFill><a:latin typeface="+mn-lt"/><a:ea typeface="+mn-ea"/><a:cs typeface="+mn-cs"/></a:defRPr></a:lvl6pPr><a:lvl7pPr marL="2971800" indent="-228600" algn="l" defTabSz="914400" rtl="0" eaLnBrk="1" latinLnBrk="0" hangingPunct="1"><a:spcBef><a:spcPct val="20000"/></a:spcBef><a:buFont typeface="Arial" panose="020B0604020202020204" pitchFamily="34" charset="0"/><a:buChar char="•"/><a:defRPr sz="2000" kern="1200"><a:solidFill><a:schemeClr val="tx1"/></a:solidFill><a:latin typeface="+mn-lt"/><a:ea typeface="+mn-ea"/><a:cs typeface="+mn-cs"/></a:defRPr></a:lvl7pPr><a:lvl8pPr marL="3429000" indent="-228600" algn="l" defTabSz="914400" rtl="0" eaLnBrk="1" latinLnBrk="0" hangingPunct="1"><a:spcBef><a:spcPct val="20000"/></a:spcBef><a:buFont typeface="Arial" panose="020B0604020202020204" pitchFamily="34" charset="0"/><a:buChar char="•"/><a:defRPr sz="2000" kern="1200"><a:solidFill><a:schemeClr val="tx1"/></a:solidFill><a:latin typeface="+mn-lt"/><a:ea typeface="+mn-ea"/><a:cs typeface="+mn-cs"/></a:defRPr></a:lvl8pPr><a:lvl9pPr marL="3886200" indent="-228600" algn="l" defTabSz="914400" rtl="0" eaLnBrk="1" latinLnBrk="0" hangingPunct="1"><a:spcBef><a:spcPct val="20000"/></a:spcBef><a:buFont typeface="Arial" panose="020B0604020202020204" pitchFamily="34" charset="0"/><a:buChar char="•"/><a:defRPr sz="2000" kern="1200"><a:solidFill><a:schemeClr val="tx1"/></a:solidFill><a:latin typeface="+mn-lt"/><a:ea typeface="+mn-ea"/><a:cs typeface="+mn-cs"/></a:defRPr></a:lvl9pPr></a:lstStyle><a:p><a:pPr><a:buFontTx/><a:buNone/></a:pPr><a:r><a:rPr lang="en-US" altLang="en-US" sz="2800" b="1" dirty="0" smtClean="0"><a:solidFill><a:prstClr val="black"/></a:solidFill><a:latin typeface="Proxima Nova Bold"/><a:cs typeface="Proxima Nova Bold"/></a:rPr><a:t>I = Incident Response </a:t></a:r><a:r><a:rPr lang="en-US" altLang="en-US" sz="2800" dirty="0" smtClean="0"><a:solidFill><a:srgbClr val="6DA7BD"/></a:solidFill></a:rPr><a:t>– ACCIDENT/ILLNESS</a:t></a:r><a:endParaRPr lang="en-GB" sz="2800" dirty="0"><a:solidFill><a:srgbClr val="6DA7BD"/></a:solidFill></a:endParaRPr></a:p></p:txBody></p:sp></p:spTree><p:extLst><p:ext uri="{BB962C8B-B14F-4D97-AF65-F5344CB8AC3E}"><p14:creationId xmlns:p14="http://schemas.microsoft.com/office/powerpoint/2010/main" val="1245591183"/></p:ext></p:extLst></p:cSld><p:clrMapOvr><a:masterClrMapping/></p:clrMapOvr><mc:AlternateContent xmlns:mc="http://schemas.openxmlformats.org/markup-compatibility/2006" xmlns:p14="http://schemas.microsoft.com/office/powerpoint/2010/main"><mc:Choice Requires="p14"><p:transition spd="slow" p14:dur="2500"><p:fade/></p:transition></mc:Choice><mc:Fallback xmlns=""><p:transition spd="slow"><p:fade/></p:transition></mc:Fallback></mc:AlternateContent><p:timing><p:tnLst><p:par><p:cTn id="1" dur="indefinite" restart="never" nodeType="tmRoot"/></p:par></p:tnLst></p:timing></p:sld>