<?xml version="1.0" encoding="UTF-8" standalone="yes"?>
<p:sld xmlns:a="http://schemas.openxmlformats.org/drawingml/2006/main" xmlns:r="http://schemas.openxmlformats.org/officeDocument/2006/relationships" xmlns:p="http://schemas.openxmlformats.org/presentationml/2006/main" showMasterSp="0"><p:cSld><p:spTree><p:nvGrpSpPr><p:cNvPr id="1" name=""/><p:cNvGrpSpPr/><p:nvPr/></p:nvGrpSpPr><p:grpSpPr><a:xfrm><a:off x="0" y="0"/><a:ext cx="0" cy="0"/><a:chOff x="0" y="0"/><a:chExt cx="0" cy="0"/></a:xfrm></p:grpSpPr><p:sp><p:nvSpPr><p:cNvPr id="2" name="Rectangle 1"/><p:cNvSpPr/><p:nvPr/></p:nvSpPr><p:spPr><a:xfrm><a:off x="0" y="0"/><a:ext cx="4643438" cy="6858000"/></a:xfrm><a:prstGeom prst="rect"><a:avLst/></a:prstGeom><a:solidFill><a:srgbClr val="00A7B8"/></a:solidFill><a:ln><a:noFill/></a:ln><a:effectLst/></p:spPr><p:style><a:lnRef idx="1"><a:schemeClr val="accent1"/></a:lnRef><a:fillRef idx="3"><a:schemeClr val="accent1"/></a:fillRef><a:effectRef idx="2"><a:schemeClr val="accent1"/></a:effectRef><a:fontRef idx="minor"><a:schemeClr val="lt1"/></a:fontRef></p:style><p:txBody><a:bodyPr anchor="ctr"/><a:lstStyle/><a:p><a:pPr algn="ctr" defTabSz="914400" eaLnBrk="0" fontAlgn="base" hangingPunct="0"><a:spcBef><a:spcPct val="0"/></a:spcBef><a:spcAft><a:spcPct val="0"/></a:spcAft><a:defRPr/></a:pPr><a:endParaRPr lang="en-US"><a:solidFill><a:srgbClr val="FFFFFF"/></a:solidFill></a:endParaRPr></a:p></p:txBody></p:sp><p:sp><p:nvSpPr><p:cNvPr id="123907" name="Rectangle 2"/><p:cNvSpPr txBox="1"><a:spLocks noChangeArrowheads="1"/></p:cNvSpPr><p:nvPr/></p:nvSpPr><p:spPr bwMode="auto"><a:xfrm><a:off x="4932363" y="287338"/><a:ext cx="3455987" cy="360362"/></a:xfrm><a:prstGeom prst="rect"><a:avLst/></a:prstGeom><a:noFill/><a:ln><a:noFill/></a:ln><a:extLst><a:ext uri="{909E8E84-426E-40DD-AFC4-6F175D3DCCD1}"><a14:hiddenFill xmlns:a14="http://schemas.microsoft.com/office/drawing/2010/main"><a:solidFill><a:srgbClr val="FFFFFF"/></a:solidFill></a14:hiddenFill></a:ext><a:ext uri="{91240B29-F687-4F45-9708-019B960494DF}"><a14:hiddenLine xmlns:a14="http://schemas.microsoft.com/office/drawing/2010/main" w="9525"><a:solidFill><a:srgbClr val="000000"/></a:solidFill><a:miter lim="800000"/><a:headEnd/><a:tailEnd/></a14:hiddenLine></a:ext></a:extLst></p:spPr><p:txBody><a:bodyPr lIns="89506" tIns="44740" rIns="89506" bIns="44740" anchor="ctr"/><a:lstStyle><a:lvl1pPr><a:defRPr><a:solidFill><a:schemeClr val="tx1"/></a:solidFill><a:latin typeface="Arial" panose="020B0604020202020204" pitchFamily="34" charset="0"/><a:ea typeface="ＭＳ Ｐゴシック" panose="020B0600070205080204" pitchFamily="34" charset="-128"/></a:defRPr></a:lvl1pPr><a:lvl2pPr marL="742950" indent="-285750"><a:defRPr><a:solidFill><a:schemeClr val="tx1"/></a:solidFill><a:latin typeface="Arial" panose="020B0604020202020204" pitchFamily="34" charset="0"/><a:ea typeface="ＭＳ Ｐゴシック" panose="020B0600070205080204" pitchFamily="34" charset="-128"/></a:defRPr></a:lvl2pPr><a:lvl3pPr marL="1143000" indent="-228600"><a:defRPr><a:solidFill><a:schemeClr val="tx1"/></a:solidFill><a:latin typeface="Arial" panose="020B0604020202020204" pitchFamily="34" charset="0"/><a:ea typeface="ＭＳ Ｐゴシック" panose="020B0600070205080204" pitchFamily="34" charset="-128"/></a:defRPr></a:lvl3pPr><a:lvl4pPr marL="1600200" indent="-228600"><a:defRPr><a:solidFill><a:schemeClr val="tx1"/></a:solidFill><a:latin typeface="Arial" panose="020B0604020202020204" pitchFamily="34" charset="0"/><a:ea typeface="ＭＳ Ｐゴシック" panose="020B0600070205080204" pitchFamily="34" charset="-128"/></a:defRPr></a:lvl4pPr><a:lvl5pPr marL="2057400" indent="-228600"><a:defRPr><a:solidFill><a:schemeClr val="tx1"/></a:solidFill><a:latin typeface="Arial" panose="020B0604020202020204" pitchFamily="34" charset="0"/><a:ea typeface="ＭＳ Ｐゴシック" panose="020B0600070205080204" pitchFamily="34" charset="-128"/></a:defRPr></a:lvl5pPr><a:lvl6pPr marL="2514600" indent="-228600" eaLnBrk="0" fontAlgn="base" hangingPunct="0"><a:spcBef><a:spcPct val="0"/></a:spcBef><a:spcAft><a:spcPct val="0"/></a:spcAft><a:defRPr><a:solidFill><a:schemeClr val="tx1"/></a:solidFill><a:latin typeface="Arial" panose="020B0604020202020204" pitchFamily="34" charset="0"/><a:ea typeface="ＭＳ Ｐゴシック" panose="020B0600070205080204" pitchFamily="34" charset="-128"/></a:defRPr></a:lvl6pPr><a:lvl7pPr marL="2971800" indent="-228600" eaLnBrk="0" fontAlgn="base" hangingPunct="0"><a:spcBef><a:spcPct val="0"/></a:spcBef><a:spcAft><a:spcPct val="0"/></a:spcAft><a:defRPr><a:solidFill><a:schemeClr val="tx1"/></a:solidFill><a:latin typeface="Arial" panose="020B0604020202020204" pitchFamily="34" charset="0"/><a:ea typeface="ＭＳ Ｐゴシック" panose="020B0600070205080204" pitchFamily="34" charset="-128"/></a:defRPr></a:lvl7pPr><a:lvl8pPr marL="3429000" indent="-228600" eaLnBrk="0" fontAlgn="base" hangingPunct="0"><a:spcBef><a:spcPct val="0"/></a:spcBef><a:spcAft><a:spcPct val="0"/></a:spcAft><a:defRPr><a:solidFill><a:schemeClr val="tx1"/></a:solidFill><a:latin typeface="Arial" panose="020B0604020202020204" pitchFamily="34" charset="0"/><a:ea typeface="ＭＳ Ｐゴシック" panose="020B0600070205080204" pitchFamily="34" charset="-128"/></a:defRPr></a:lvl8pPr><a:lvl9pPr marL="3886200" indent="-228600" eaLnBrk="0" fontAlgn="base" hangingPunct="0"><a:spcBef><a:spcPct val="0"/></a:spcBef><a:spcAft><a:spcPct val="0"/></a:spcAft><a:defRPr><a:solidFill><a:schemeClr val="tx1"/></a:solidFill><a:latin typeface="Arial" panose="020B0604020202020204" pitchFamily="34" charset="0"/><a:ea typeface="ＭＳ Ｐゴシック" panose="020B0600070205080204" pitchFamily="34" charset="-128"/></a:defRPr></a:lvl9pPr></a:lstStyle><a:p><a:pPr defTabSz="914400" fontAlgn="base"><a:spcBef><a:spcPct val="0"/></a:spcBef><a:spcAft><a:spcPct val="0"/></a:spcAft></a:pPr><a:r><a:rPr lang="nl-BE" altLang="en-US" sz="1400" b="1" smtClean="0"><a:solidFill><a:srgbClr val="00A7B8"/></a:solidFill></a:rPr><a:t>The Software</a:t></a:r><a:endParaRPr lang="en-US" altLang="en-US" sz="1400" b="1" smtClean="0"><a:solidFill><a:srgbClr val="00A7B8"/></a:solidFill></a:endParaRPr></a:p></p:txBody></p:sp><p:sp><p:nvSpPr><p:cNvPr id="123908" name="TextBox 13"/><p:cNvSpPr txBox="1"><a:spLocks noChangeArrowheads="1"/></p:cNvSpPr><p:nvPr/></p:nvSpPr><p:spPr bwMode="auto"><a:xfrm><a:off x="8748713" y="6442075"/><a:ext cx="360362" cy="227013"/></a:xfrm><a:prstGeom prst="rect"><a:avLst/></a:prstGeom><a:noFill/><a:ln><a:noFill/></a:ln><a:effectLst/><a:extLst><a:ext uri="{909E8E84-426E-40DD-AFC4-6F175D3DCCD1}"><a14:hiddenFill xmlns:a14="http://schemas.microsoft.com/office/drawing/2010/main"><a:solidFill><a:schemeClr val="accent1"/></a:solidFill></a14:hiddenFill></a:ext><a:ext uri="{91240B29-F687-4F45-9708-019B960494DF}"><a14:hiddenLine xmlns:a14="http://schemas.microsoft.com/office/drawing/2010/main" w="12700"><a:solidFill><a:schemeClr val="tx1"/></a:solidFill><a:miter lim="800000"/><a:headEnd/><a:tailEnd/></a14:hiddenLine></a:ext><a:ext uri="{AF507438-7753-43E0-B8FC-AC1667EBCBE1}"><a14:hiddenEffects xmlns:a14="http://schemas.microsoft.com/office/drawing/2010/main"><a:effectLst><a:outerShdw dist="35921" dir="2700000" algn="ctr" rotWithShape="0"><a:schemeClr val="bg2"/></a:outerShdw></a:effectLst></a14:hiddenEffects></a:ext></a:extLst></p:spPr><p:txBody><a:bodyPr lIns="89506" tIns="44740" rIns="89506" bIns="44740" anchor="b"><a:spAutoFit/></a:bodyPr><a:lstStyle><a:lvl1pPr><a:defRPr><a:solidFill><a:schemeClr val="tx1"/></a:solidFill><a:latin typeface="Arial" panose="020B0604020202020204" pitchFamily="34" charset="0"/><a:ea typeface="ＭＳ Ｐゴシック" panose="020B0600070205080204" pitchFamily="34" charset="-128"/></a:defRPr></a:lvl1pPr><a:lvl2pPr marL="742950" indent="-285750"><a:defRPr><a:solidFill><a:schemeClr val="tx1"/></a:solidFill><a:latin typeface="Arial" panose="020B0604020202020204" pitchFamily="34" charset="0"/><a:ea typeface="ＭＳ Ｐゴシック" panose="020B0600070205080204" pitchFamily="34" charset="-128"/></a:defRPr></a:lvl2pPr><a:lvl3pPr marL="1143000" indent="-228600"><a:defRPr><a:solidFill><a:schemeClr val="tx1"/></a:solidFill><a:latin typeface="Arial" panose="020B0604020202020204" pitchFamily="34" charset="0"/><a:ea typeface="ＭＳ Ｐゴシック" panose="020B0600070205080204" pitchFamily="34" charset="-128"/></a:defRPr></a:lvl3pPr><a:lvl4pPr marL="1600200" indent="-228600"><a:defRPr><a:solidFill><a:schemeClr val="tx1"/></a:solidFill><a:latin typeface="Arial" panose="020B0604020202020204" pitchFamily="34" charset="0"/><a:ea typeface="ＭＳ Ｐゴシック" panose="020B0600070205080204" pitchFamily="34" charset="-128"/></a:defRPr></a:lvl4pPr><a:lvl5pPr marL="2057400" indent="-228600"><a:defRPr><a:solidFill><a:schemeClr val="tx1"/></a:solidFill><a:latin typeface="Arial" panose="020B0604020202020204" pitchFamily="34" charset="0"/><a:ea typeface="ＭＳ Ｐゴシック" panose="020B0600070205080204" pitchFamily="34" charset="-128"/></a:defRPr></a:lvl5pPr><a:lvl6pPr marL="2514600" indent="-228600" eaLnBrk="0" fontAlgn="base" hangingPunct="0"><a:spcBef><a:spcPct val="0"/></a:spcBef><a:spcAft><a:spcPct val="0"/></a:spcAft><a:defRPr><a:solidFill><a:schemeClr val="tx1"/></a:solidFill><a:latin typeface="Arial" panose="020B0604020202020204" pitchFamily="34" charset="0"/><a:ea typeface="ＭＳ Ｐゴシック" panose="020B0600070205080204" pitchFamily="34" charset="-128"/></a:defRPr></a:lvl6pPr><a:lvl7pPr marL="2971800" indent="-228600" eaLnBrk="0" fontAlgn="base" hangingPunct="0"><a:spcBef><a:spcPct val="0"/></a:spcBef><a:spcAft><a:spcPct val="0"/></a:spcAft><a:defRPr><a:solidFill><a:schemeClr val="tx1"/></a:solidFill><a:latin typeface="Arial" panose="020B0604020202020204" pitchFamily="34" charset="0"/><a:ea typeface="ＭＳ Ｐゴシック" panose="020B0600070205080204" pitchFamily="34" charset="-128"/></a:defRPr></a:lvl7pPr><a:lvl8pPr marL="3429000" indent="-228600" eaLnBrk="0" fontAlgn="base" hangingPunct="0"><a:spcBef><a:spcPct val="0"/></a:spcBef><a:spcAft><a:spcPct val="0"/></a:spcAft><a:defRPr><a:solidFill><a:schemeClr val="tx1"/></a:solidFill><a:latin typeface="Arial" panose="020B0604020202020204" pitchFamily="34" charset="0"/><a:ea typeface="ＭＳ Ｐゴシック" panose="020B0600070205080204" pitchFamily="34" charset="-128"/></a:defRPr></a:lvl8pPr><a:lvl9pPr marL="3886200" indent="-228600" eaLnBrk="0" fontAlgn="base" hangingPunct="0"><a:spcBef><a:spcPct val="0"/></a:spcBef><a:spcAft><a:spcPct val="0"/></a:spcAft><a:defRPr><a:solidFill><a:schemeClr val="tx1"/></a:solidFill><a:latin typeface="Arial" panose="020B0604020202020204" pitchFamily="34" charset="0"/><a:ea typeface="ＭＳ Ｐゴシック" panose="020B0600070205080204" pitchFamily="34" charset="-128"/></a:defRPr></a:lvl9pPr></a:lstStyle><a:p><a:pPr defTabSz="914400" eaLnBrk="0" fontAlgn="base" hangingPunct="0"><a:lnSpc><a:spcPct val="85000"/></a:lnSpc><a:spcBef><a:spcPct val="0"/></a:spcBef><a:spcAft><a:spcPct val="0"/></a:spcAft></a:pPr><a:fld id="{4521FB31-245A-4A4D-ABB1-090D736A3477}" type="slidenum"><a:rPr lang="en-US" altLang="en-US" sz="1000" smtClean="0"><a:solidFill><a:srgbClr val="000000"/></a:solidFill><a:cs typeface="Arial" panose="020B0604020202020204" pitchFamily="34" charset="0"/></a:rPr><a:pPr defTabSz="914400" eaLnBrk="0" fontAlgn="base" hangingPunct="0"><a:lnSpc><a:spcPct val="85000"/></a:lnSpc><a:spcBef><a:spcPct val="0"/></a:spcBef><a:spcAft><a:spcPct val="0"/></a:spcAft></a:pPr><a:t>77</a:t></a:fld><a:endParaRPr lang="en-US" altLang="en-US" sz="1000" smtClean="0"><a:solidFill><a:srgbClr val="000000"/></a:solidFill><a:cs typeface="Arial" panose="020B0604020202020204" pitchFamily="34" charset="0"/></a:endParaRPr></a:p></p:txBody></p:sp><p:sp><p:nvSpPr><p:cNvPr id="123909" name="Rectangle 2"/><p:cNvSpPr txBox="1"><a:spLocks noChangeArrowheads="1"/></p:cNvSpPr><p:nvPr/></p:nvSpPr><p:spPr bwMode="auto"><a:xfrm><a:off x="4932363" y="631825"/><a:ext cx="3744912" cy="1143000"/></a:xfrm><a:prstGeom prst="rect"><a:avLst/></a:prstGeom><a:noFill/><a:ln><a:noFill/></a:ln><a:extLst><a:ext uri="{909E8E84-426E-40DD-AFC4-6F175D3DCCD1}"><a14:hiddenFill xmlns:a14="http://schemas.microsoft.com/office/drawing/2010/main"><a:solidFill><a:srgbClr val="FFFFFF"/></a:solidFill></a14:hiddenFill></a:ext><a:ext uri="{91240B29-F687-4F45-9708-019B960494DF}"><a14:hiddenLine xmlns:a14="http://schemas.microsoft.com/office/drawing/2010/main" w="9525"><a:solidFill><a:srgbClr val="000000"/></a:solidFill><a:miter lim="800000"/><a:headEnd/><a:tailEnd/></a14:hiddenLine></a:ext></a:extLst></p:spPr><p:txBody><a:bodyPr lIns="89506" tIns="44740" rIns="89506" bIns="44740" anchor="ctr"/><a:lstStyle><a:lvl1pPr><a:defRPr><a:solidFill><a:schemeClr val="tx1"/></a:solidFill><a:latin typeface="Arial" panose="020B0604020202020204" pitchFamily="34" charset="0"/><a:ea typeface="ＭＳ Ｐゴシック" panose="020B0600070205080204" pitchFamily="34" charset="-128"/></a:defRPr></a:lvl1pPr><a:lvl2pPr marL="742950" indent="-285750"><a:defRPr><a:solidFill><a:schemeClr val="tx1"/></a:solidFill><a:latin typeface="Arial" panose="020B0604020202020204" pitchFamily="34" charset="0"/><a:ea typeface="ＭＳ Ｐゴシック" panose="020B0600070205080204" pitchFamily="34" charset="-128"/></a:defRPr></a:lvl2pPr><a:lvl3pPr marL="1143000" indent="-228600"><a:defRPr><a:solidFill><a:schemeClr val="tx1"/></a:solidFill><a:latin typeface="Arial" panose="020B0604020202020204" pitchFamily="34" charset="0"/><a:ea typeface="ＭＳ Ｐゴシック" panose="020B0600070205080204" pitchFamily="34" charset="-128"/></a:defRPr></a:lvl3pPr><a:lvl4pPr marL="1600200" indent="-228600"><a:defRPr><a:solidFill><a:schemeClr val="tx1"/></a:solidFill><a:latin typeface="Arial" panose="020B0604020202020204" pitchFamily="34" charset="0"/><a:ea typeface="ＭＳ Ｐゴシック" panose="020B0600070205080204" pitchFamily="34" charset="-128"/></a:defRPr></a:lvl4pPr><a:lvl5pPr marL="2057400" indent="-228600"><a:defRPr><a:solidFill><a:schemeClr val="tx1"/></a:solidFill><a:latin typeface="Arial" panose="020B0604020202020204" pitchFamily="34" charset="0"/><a:ea typeface="ＭＳ Ｐゴシック" panose="020B0600070205080204" pitchFamily="34" charset="-128"/></a:defRPr></a:lvl5pPr><a:lvl6pPr marL="2514600" indent="-228600" eaLnBrk="0" fontAlgn="base" hangingPunct="0"><a:spcBef><a:spcPct val="0"/></a:spcBef><a:spcAft><a:spcPct val="0"/></a:spcAft><a:defRPr><a:solidFill><a:schemeClr val="tx1"/></a:solidFill><a:latin typeface="Arial" panose="020B0604020202020204" pitchFamily="34" charset="0"/><a:ea typeface="ＭＳ Ｐゴシック" panose="020B0600070205080204" pitchFamily="34" charset="-128"/></a:defRPr></a:lvl6pPr><a:lvl7pPr marL="2971800" indent="-228600" eaLnBrk="0" fontAlgn="base" hangingPunct="0"><a:spcBef><a:spcPct val="0"/></a:spcBef><a:spcAft><a:spcPct val="0"/></a:spcAft><a:defRPr><a:solidFill><a:schemeClr val="tx1"/></a:solidFill><a:latin typeface="Arial" panose="020B0604020202020204" pitchFamily="34" charset="0"/><a:ea typeface="ＭＳ Ｐゴシック" panose="020B0600070205080204" pitchFamily="34" charset="-128"/></a:defRPr></a:lvl7pPr><a:lvl8pPr marL="3429000" indent="-228600" eaLnBrk="0" fontAlgn="base" hangingPunct="0"><a:spcBef><a:spcPct val="0"/></a:spcBef><a:spcAft><a:spcPct val="0"/></a:spcAft><a:defRPr><a:solidFill><a:schemeClr val="tx1"/></a:solidFill><a:latin typeface="Arial" panose="020B0604020202020204" pitchFamily="34" charset="0"/><a:ea typeface="ＭＳ Ｐゴシック" panose="020B0600070205080204" pitchFamily="34" charset="-128"/></a:defRPr></a:lvl8pPr><a:lvl9pPr marL="3886200" indent="-228600" eaLnBrk="0" fontAlgn="base" hangingPunct="0"><a:spcBef><a:spcPct val="0"/></a:spcBef><a:spcAft><a:spcPct val="0"/></a:spcAft><a:defRPr><a:solidFill><a:schemeClr val="tx1"/></a:solidFill><a:latin typeface="Arial" panose="020B0604020202020204" pitchFamily="34" charset="0"/><a:ea typeface="ＭＳ Ｐゴシック" panose="020B0600070205080204" pitchFamily="34" charset="-128"/></a:defRPr></a:lvl9pPr></a:lstStyle><a:p><a:pPr defTabSz="914400" fontAlgn="base"><a:spcBef><a:spcPct val="0"/></a:spcBef><a:spcAft><a:spcPct val="0"/></a:spcAft></a:pPr><a:r><a:rPr lang="nl-BE" altLang="en-US" sz="3000" b="1" smtClean="0"><a:solidFill><a:srgbClr val="000000"/></a:solidFill></a:rPr><a:t>the cube; the one-stop-shop</a:t></a:r><a:endParaRPr lang="en-US" altLang="en-US" sz="3000" b="1" smtClean="0"><a:solidFill><a:srgbClr val="000000"/></a:solidFill></a:endParaRPr></a:p></p:txBody></p:sp><p:sp><p:nvSpPr><p:cNvPr id="18" name="Rectangle 3"/><p:cNvSpPr txBox="1"><a:spLocks noChangeArrowheads="1"/></p:cNvSpPr><p:nvPr/></p:nvSpPr><p:spPr bwMode="auto"><a:xfrm><a:off x="4932363" y="1817688"/><a:ext cx="3887787" cy="5040312"/></a:xfrm><a:prstGeom prst="rect"><a:avLst/></a:prstGeom><a:noFill/><a:ln><a:noFill/></a:ln><a:extLst><a:ext uri="{909E8E84-426E-40dd-AFC4-6F175D3DCCD1}"/><a:ext uri="{91240B29-F687-4f45-9708-019B960494DF}"/><a:ext uri="{FAA26D3D-D897-4be2-8F04-BA451C77F1D7}"/></a:extLst></p:spPr><p:txBody><a:bodyPr lIns="89506" tIns="44740" rIns="89506" bIns="44740"/><a:lstStyle><a:lvl1pPr marL="0" indent="0" algn="ctr" rtl="0" eaLnBrk="0" fontAlgn="base" hangingPunct="0"><a:spcBef><a:spcPct val="20000"/></a:spcBef><a:spcAft><a:spcPct val="0"/></a:spcAft><a:buClr><a:srgbClr val="F6861F"/></a:buClr><a:buFont typeface="Arial" charset="0"/><a:buNone/><a:defRPr sz="3200"><a:solidFill><a:schemeClr val="tx1"/></a:solidFill><a:latin typeface="Arial"/><a:ea typeface="ＭＳ Ｐゴシック" charset="0"/><a:cs typeface="ＭＳ Ｐゴシック" charset="0"/></a:defRPr></a:lvl1pPr><a:lvl2pPr marL="447590" indent="0" algn="ctr" rtl="0" eaLnBrk="0" fontAlgn="base" hangingPunct="0"><a:spcBef><a:spcPct val="20000"/></a:spcBef><a:spcAft><a:spcPct val="0"/></a:spcAft><a:buClr><a:srgbClr val="F6861F"/></a:buClr><a:buFont typeface="Arial" charset="0"/><a:buNone/><a:defRPr sz="2800"><a:solidFill><a:schemeClr val="tx1"/></a:solidFill><a:latin typeface="Arial"/><a:ea typeface="ＭＳ Ｐゴシック" charset="0"/></a:defRPr></a:lvl2pPr><a:lvl3pPr marL="895187" indent="0" algn="ctr" rtl="0" eaLnBrk="0" fontAlgn="base" hangingPunct="0"><a:spcBef><a:spcPct val="20000"/></a:spcBef><a:spcAft><a:spcPct val="0"/></a:spcAft><a:buClr><a:srgbClr val="F6861F"/></a:buClr><a:buFont typeface="Arial" charset="0"/><a:buNone/><a:defRPr sz="2400"><a:solidFill><a:schemeClr val="tx1"/></a:solidFill><a:latin typeface="Arial"/><a:ea typeface="ＭＳ Ｐゴシック" charset="0"/></a:defRPr></a:lvl3pPr><a:lvl4pPr marL="1342781" indent="0" algn="ctr" rtl="0" eaLnBrk="0" fontAlgn="base" hangingPunct="0"><a:spcBef><a:spcPct val="20000"/></a:spcBef><a:spcAft><a:spcPct val="0"/></a:spcAft><a:buClr><a:srgbClr val="F6861F"/></a:buClr><a:buFont typeface="Arial" charset="0"/><a:buNone/><a:defRPr sz="2000"><a:solidFill><a:schemeClr val="tx1"/></a:solidFill><a:latin typeface="Arial"/><a:ea typeface="ＭＳ Ｐゴシック" charset="0"/></a:defRPr></a:lvl4pPr><a:lvl5pPr marL="1790370" indent="0" algn="ctr" rtl="0" eaLnBrk="0" fontAlgn="base" hangingPunct="0"><a:spcBef><a:spcPct val="20000"/></a:spcBef><a:spcAft><a:spcPct val="0"/></a:spcAft><a:buClr><a:srgbClr val="F6861F"/></a:buClr><a:buFont typeface="Arial" charset="0"/><a:buNone/><a:defRPr sz="2000"><a:solidFill><a:schemeClr val="tx1"/></a:solidFill><a:latin typeface="Arial"/><a:ea typeface="ＭＳ Ｐゴシック" charset="0"/></a:defRPr></a:lvl5pPr><a:lvl6pPr marL="2237962" indent="0" algn="ctr" rtl="0" fontAlgn="base"><a:spcBef><a:spcPct val="20000"/></a:spcBef><a:spcAft><a:spcPct val="0"/></a:spcAft><a:buNone/><a:defRPr sz="2000"><a:solidFill><a:schemeClr val="tx1"/></a:solidFill><a:latin typeface="+mn-lt"/></a:defRPr></a:lvl6pPr><a:lvl7pPr marL="2685563" indent="0" algn="ctr" rtl="0" fontAlgn="base"><a:spcBef><a:spcPct val="20000"/></a:spcBef><a:spcAft><a:spcPct val="0"/></a:spcAft><a:buNone/><a:defRPr sz="2000"><a:solidFill><a:schemeClr val="tx1"/></a:solidFill><a:latin typeface="+mn-lt"/></a:defRPr></a:lvl7pPr><a:lvl8pPr marL="3133146" indent="0" algn="ctr" rtl="0" fontAlgn="base"><a:spcBef><a:spcPct val="20000"/></a:spcBef><a:spcAft><a:spcPct val="0"/></a:spcAft><a:buNone/><a:defRPr sz="2000"><a:solidFill><a:schemeClr val="tx1"/></a:solidFill><a:latin typeface="+mn-lt"/></a:defRPr></a:lvl8pPr><a:lvl9pPr marL="3580745" indent="0" algn="ctr" rtl="0" fontAlgn="base"><a:spcBef><a:spcPct val="20000"/></a:spcBef><a:spcAft><a:spcPct val="0"/></a:spcAft><a:buNone/><a:defRPr sz="2000"><a:solidFill><a:schemeClr val="tx1"/></a:solidFill><a:latin typeface="+mn-lt"/></a:defRPr></a:lvl9pPr></a:lstStyle><a:p><a:pPr algn="l" defTabSz="914400" eaLnBrk="1" hangingPunct="1"><a:lnSpc><a:spcPct val="110000"/></a:lnSpc><a:defRPr/></a:pPr><a:r><a:rPr lang="nl-BE" sz="1400" b="1" dirty="0" smtClean="0"><a:solidFill><a:srgbClr val="F6861F"/></a:solidFill><a:latin typeface="Arial" charset="0"/></a:rPr><a:t>Promote the Brand! (public, without login)</a:t></a:r><a:br><a:rPr lang="nl-BE" sz="1400" b="1" dirty="0" smtClean="0"><a:solidFill><a:srgbClr val="F6861F"/></a:solidFill><a:latin typeface="Arial" charset="0"/></a:rPr></a:br><a:r><a:rPr lang="en-GB" sz="1400" dirty="0" smtClean="0"><a:solidFill><a:srgbClr val="000000"/></a:solidFill></a:rPr><a:t>The top layer, a micro website, promotes the brand to attract potential investors. </a:t></a:r></a:p><a:p><a:pPr algn="l" defTabSz="914400" eaLnBrk="1" hangingPunct="1"><a:lnSpc><a:spcPct val="50000"/></a:lnSpc><a:defRPr/></a:pPr><a:endParaRPr lang="nl-BE" sz="1400" dirty="0"><a:solidFill><a:srgbClr val="000000"/></a:solidFill><a:latin typeface="Arial" charset="0"/></a:endParaRPr></a:p><a:p><a:pPr algn="l" defTabSz="914400" eaLnBrk="1" hangingPunct="1"><a:lnSpc><a:spcPct val="110000"/></a:lnSpc><a:defRPr/></a:pPr><a:r><a:rPr lang="nl-BE" sz="1400" b="1" dirty="0" smtClean="0"><a:solidFill><a:srgbClr val="F6861F"/></a:solidFill><a:latin typeface="Arial" charset="0"/></a:rPr><a:t>Brand Tool Box (require login)</a:t></a:r><a:endParaRPr lang="nl-BE" sz="1400" b="1" dirty="0"><a:solidFill><a:srgbClr val="F6861F"/></a:solidFill><a:latin typeface="Arial" charset="0"/></a:endParaRPr></a:p><a:p><a:pPr marL="285750" indent="-285750" algn="l" defTabSz="914400" eaLnBrk="1" hangingPunct="1"><a:lnSpc><a:spcPct val="110000"/></a:lnSpc><a:buFont typeface="Arial"/><a:buChar char="•"/><a:defRPr/></a:pPr><a:r><a:rPr lang="en-GB" sz="1400" dirty="0" smtClean="0"><a:solidFill><a:srgbClr val="000000"/></a:solidFill></a:rPr><a:t>HR Manual</a:t></a:r></a:p><a:p><a:pPr marL="285750" indent="-285750" algn="l" defTabSz="914400" eaLnBrk="1" hangingPunct="1"><a:lnSpc><a:spcPct val="110000"/></a:lnSpc><a:buFont typeface="Arial"/><a:buChar char="•"/><a:defRPr/></a:pPr><a:r><a:rPr lang="en-GB" sz="1400" dirty="0" smtClean="0"><a:solidFill><a:srgbClr val="000000"/></a:solidFill><a:latin typeface="Arial" charset="0"/></a:rPr><a:t>Food &amp; Beverage</a:t></a:r></a:p><a:p><a:pPr marL="285750" indent="-285750" algn="l" defTabSz="914400" eaLnBrk="1" hangingPunct="1"><a:lnSpc><a:spcPct val="110000"/></a:lnSpc><a:buFont typeface="Arial"/><a:buChar char="•"/><a:defRPr/></a:pPr><a:r><a:rPr lang="en-GB" sz="1400" dirty="0" smtClean="0"><a:solidFill><a:srgbClr val="000000"/></a:solidFill><a:latin typeface="Arial" charset="0"/></a:rPr><a:t>Quality Assurance</a:t></a:r></a:p><a:p><a:pPr marL="285750" indent="-285750" algn="l" defTabSz="914400" eaLnBrk="1" hangingPunct="1"><a:lnSpc><a:spcPct val="110000"/></a:lnSpc><a:buFont typeface="Arial"/><a:buChar char="•"/><a:defRPr/></a:pPr><a:r><a:rPr lang="en-GB" sz="1400" dirty="0" smtClean="0"><a:solidFill><a:srgbClr val="000000"/></a:solidFill><a:latin typeface="Arial" charset="0"/></a:rPr><a:t>Standards of Service &amp; Operations</a:t></a:r></a:p><a:p><a:pPr marL="285750" indent="-285750" algn="l" defTabSz="914400" eaLnBrk="1" hangingPunct="1"><a:lnSpc><a:spcPct val="110000"/></a:lnSpc><a:buFont typeface="Arial"/><a:buChar char="•"/><a:defRPr/></a:pPr><a:r><a:rPr lang="en-GB" sz="1400" dirty="0" smtClean="0"><a:solidFill><a:srgbClr val="000000"/></a:solidFill><a:latin typeface="Arial" charset="0"/></a:rPr><a:t>CRM &amp; Marketing</a:t></a:r></a:p><a:p><a:pPr marL="285750" indent="-285750" algn="l" defTabSz="914400" eaLnBrk="1" hangingPunct="1"><a:lnSpc><a:spcPct val="110000"/></a:lnSpc><a:buFont typeface="Arial"/><a:buChar char="•"/><a:defRPr/></a:pPr><a:r><a:rPr lang="en-GB" sz="1400" dirty="0" smtClean="0"><a:solidFill><a:srgbClr val="000000"/></a:solidFill><a:latin typeface="Arial" charset="0"/></a:rPr><a:t>Graphic Standards Manual</a:t></a:r></a:p><a:p><a:pPr marL="285750" indent="-285750" algn="l" defTabSz="914400" eaLnBrk="1" hangingPunct="1"><a:lnSpc><a:spcPct val="110000"/></a:lnSpc><a:buFont typeface="Arial"/><a:buChar char="•"/><a:defRPr/></a:pPr><a:r><a:rPr lang="en-GB" sz="1400" dirty="0" smtClean="0"><a:solidFill><a:srgbClr val="000000"/></a:solidFill><a:latin typeface="Arial" charset="0"/></a:rPr><a:t>Sales</a:t></a:r></a:p><a:p><a:pPr marL="285750" indent="-285750" algn="l" defTabSz="914400" eaLnBrk="1" hangingPunct="1"><a:lnSpc><a:spcPct val="110000"/></a:lnSpc><a:buFont typeface="Arial"/><a:buChar char="•"/><a:defRPr/></a:pPr><a:r><a:rPr lang="en-GB" sz="1400" dirty="0" smtClean="0"><a:solidFill><a:srgbClr val="000000"/></a:solidFill><a:latin typeface="Arial" charset="0"/></a:rPr><a:t>Revenue Optimisation</a:t></a:r></a:p><a:p><a:pPr marL="285750" indent="-285750" algn="l" defTabSz="914400" eaLnBrk="1" hangingPunct="1"><a:lnSpc><a:spcPct val="110000"/></a:lnSpc><a:buFont typeface="Arial"/><a:buChar char="•"/><a:defRPr/></a:pPr><a:r><a:rPr lang="en-GB" sz="1400" dirty="0" smtClean="0"><a:solidFill><a:srgbClr val="000000"/></a:solidFill><a:latin typeface="Arial" charset="0"/></a:rPr><a:t>PR Toolkit</a:t></a:r></a:p><a:p><a:pPr marL="285750" indent="-285750" algn="l" defTabSz="914400" eaLnBrk="1" hangingPunct="1"><a:lnSpc><a:spcPct val="110000"/></a:lnSpc><a:buFont typeface="Arial"/><a:buChar char="•"/><a:defRPr/></a:pPr><a:r><a:rPr lang="en-GB" sz="1400" dirty="0" smtClean="0"><a:solidFill><a:srgbClr val="000000"/></a:solidFill><a:latin typeface="Arial" charset="0"/></a:rPr><a:t>RB Corner</a:t></a:r></a:p><a:p><a:pPr marL="285750" indent="-285750" algn="l" defTabSz="914400" eaLnBrk="1" hangingPunct="1"><a:lnSpc><a:spcPct val="110000"/></a:lnSpc><a:buFont typeface="Arial"/><a:buChar char="•"/><a:defRPr/></a:pPr><a:r><a:rPr lang="en-GB" sz="1400" smtClean="0"><a:solidFill><a:srgbClr val="000000"/></a:solidFill><a:latin typeface="Arial" charset="0"/></a:rPr><a:t>Conversion Strategy Manuals</a:t></a:r><a:endParaRPr lang="en-GB" sz="1400" dirty="0"><a:solidFill><a:srgbClr val="000000"/></a:solidFill><a:latin typeface="Arial" charset="0"/></a:endParaRPr></a:p><a:p><a:pPr marL="285750" indent="-285750" algn="l" defTabSz="914400" eaLnBrk="1" hangingPunct="1"><a:lnSpc><a:spcPct val="110000"/></a:lnSpc><a:buFont typeface="Arial"/><a:buChar char="•"/><a:defRPr/></a:pPr><a:r><a:rPr lang="en-GB" sz="1400" dirty="0" smtClean="0"><a:solidFill><a:srgbClr val="000000"/></a:solidFill><a:latin typeface="Arial" charset="0"/></a:rPr><a:t>IT</a:t></a:r></a:p><a:p><a:pPr marL="285750" indent="-285750" algn="l" defTabSz="914400" eaLnBrk="1" hangingPunct="1"><a:lnSpc><a:spcPct val="110000"/></a:lnSpc><a:buFont typeface="Arial"/><a:buChar char="•"/><a:defRPr/></a:pPr><a:r><a:rPr lang="en-GB" sz="1400" dirty="0" smtClean="0"><a:solidFill><a:srgbClr val="000000"/></a:solidFill><a:latin typeface="Arial" charset="0"/></a:rPr><a:t>…and much more</a:t></a:r></a:p></p:txBody></p:sp><p:pic><p:nvPicPr><p:cNvPr id="123911" name="Picture 1" descr="PI_8.jpg"/><p:cNvPicPr><a:picLocks noChangeAspect="1"/></p:cNvPicPr><p:nvPr/></p:nvPicPr><p:blipFill><a:blip r:embed="rId3"><a:extLst><a:ext uri="{28A0092B-C50C-407E-A947-70E740481C1C}"><a14:useLocalDpi xmlns:a14="http://schemas.microsoft.com/office/drawing/2010/main" val="0"/></a:ext></a:extLst></a:blip><a:srcRect l="13280" t="39671" r="2377" b="124"/><a:stretch><a:fillRect/></a:stretch></p:blipFill><p:spPr bwMode="auto"><a:xfrm><a:off x="165100" y="2374900"/><a:ext cx="3929063" cy="2103438"/></a:xfrm><a:prstGeom prst="rect"><a:avLst/></a:prstGeom><a:noFill/><a:ln><a:noFill/></a:ln><a:extLst><a:ext uri="{909E8E84-426E-40DD-AFC4-6F175D3DCCD1}"><a14:hiddenFill xmlns:a14="http://schemas.microsoft.com/office/drawing/2010/main"><a:solidFill><a:srgbClr val="FFFFFF"/></a:solidFill></a14:hiddenFill></a:ext><a:ext uri="{91240B29-F687-4F45-9708-019B960494DF}"><a14:hiddenLine xmlns:a14="http://schemas.microsoft.com/office/drawing/2010/main" w="9525"><a:solidFill><a:srgbClr val="000000"/></a:solidFill><a:miter lim="800000"/><a:headEnd/><a:tailEnd/></a14:hiddenLine></a:ext></a:extLst></p:spPr></p:pic></p:spTree><p:extLst><p:ext uri="{BB962C8B-B14F-4D97-AF65-F5344CB8AC3E}"><p14:creationId xmlns:p14="http://schemas.microsoft.com/office/powerpoint/2010/main" val="1407360225"/></p:ext></p:extLst></p:cSld><p:clrMapOvr><a:masterClrMapping/></p:clrMapOvr><p:timing><p:tnLst><p:par><p:cTn id="1" dur="indefinite" restart="never" nodeType="tmRoot"/></p:par></p:tnLst></p:timing></p:sld>