<?xml version="1.0" encoding="UTF-8" standalone="yes"?>
<p:sld xmlns:a="http://schemas.openxmlformats.org/drawingml/2006/main" xmlns:r="http://schemas.openxmlformats.org/officeDocument/2006/relationships" xmlns:p="http://schemas.openxmlformats.org/presentationml/2006/main"><p:cSld><p:spTree><p:nvGrpSpPr><p:cNvPr id="1" name=""/><p:cNvGrpSpPr/><p:nvPr/></p:nvGrpSpPr><p:grpSpPr><a:xfrm><a:off x="0" y="0"/><a:ext cx="0" cy="0"/><a:chOff x="0" y="0"/><a:chExt cx="0" cy="0"/></a:xfrm></p:grpSpPr><p:sp><p:nvSpPr><p:cNvPr id="128002" name="Rectangle 2"/><p:cNvSpPr txBox="1"><a:spLocks noChangeArrowheads="1"/></p:cNvSpPr><p:nvPr/></p:nvSpPr><p:spPr bwMode="auto"><a:xfrm><a:off x="722313" y="625475"/><a:ext cx="8421687" cy="1143000"/></a:xfrm><a:prstGeom prst="rect"><a:avLst/></a:prstGeom><a:noFill/><a:ln><a:noFill/></a:ln><a:extLst><a:ext uri="{909E8E84-426E-40DD-AFC4-6F175D3DCCD1}"><a14:hiddenFill xmlns:a14="http://schemas.microsoft.com/office/drawing/2010/main"><a:solidFill><a:srgbClr val="FFFFFF"/></a:solidFill></a14:hiddenFill></a:ext><a:ext uri="{91240B29-F687-4F45-9708-019B960494DF}"><a14:hiddenLine xmlns:a14="http://schemas.microsoft.com/office/drawing/2010/main" w="9525"><a:solidFill><a:srgbClr val="000000"/></a:solidFill><a:miter lim="800000"/><a:headEnd/><a:tailEnd/></a14:hiddenLine></a:ext></a:extLst></p:spPr><p:txBody><a:bodyPr lIns="89506" tIns="44740" rIns="89506" bIns="44740" anchor="ctr"/><a:lstStyle><a:lvl1pPr><a:defRPr><a:solidFill><a:schemeClr val="tx1"/></a:solidFill><a:latin typeface="Arial" panose="020B0604020202020204" pitchFamily="34" charset="0"/><a:ea typeface="ＭＳ Ｐゴシック" panose="020B0600070205080204" pitchFamily="34" charset="-128"/></a:defRPr></a:lvl1pPr><a:lvl2pPr marL="742950" indent="-285750"><a:defRPr><a:solidFill><a:schemeClr val="tx1"/></a:solidFill><a:latin typeface="Arial" panose="020B0604020202020204" pitchFamily="34" charset="0"/><a:ea typeface="ＭＳ Ｐゴシック" panose="020B0600070205080204" pitchFamily="34" charset="-128"/></a:defRPr></a:lvl2pPr><a:lvl3pPr marL="1143000" indent="-228600"><a:defRPr><a:solidFill><a:schemeClr val="tx1"/></a:solidFill><a:latin typeface="Arial" panose="020B0604020202020204" pitchFamily="34" charset="0"/><a:ea typeface="ＭＳ Ｐゴシック" panose="020B0600070205080204" pitchFamily="34" charset="-128"/></a:defRPr></a:lvl3pPr><a:lvl4pPr marL="1600200" indent="-228600"><a:defRPr><a:solidFill><a:schemeClr val="tx1"/></a:solidFill><a:latin typeface="Arial" panose="020B0604020202020204" pitchFamily="34" charset="0"/><a:ea typeface="ＭＳ Ｐゴシック" panose="020B0600070205080204" pitchFamily="34" charset="-128"/></a:defRPr></a:lvl4pPr><a:lvl5pPr marL="2057400" indent="-228600"><a:defRPr><a:solidFill><a:schemeClr val="tx1"/></a:solidFill><a:latin typeface="Arial" panose="020B0604020202020204" pitchFamily="34" charset="0"/><a:ea typeface="ＭＳ Ｐゴシック" panose="020B0600070205080204" pitchFamily="34" charset="-128"/></a:defRPr></a:lvl5pPr><a:lvl6pPr marL="2514600" indent="-228600" eaLnBrk="0" fontAlgn="base" hangingPunct="0"><a:spcBef><a:spcPct val="0"/></a:spcBef><a:spcAft><a:spcPct val="0"/></a:spcAft><a:defRPr><a:solidFill><a:schemeClr val="tx1"/></a:solidFill><a:latin typeface="Arial" panose="020B0604020202020204" pitchFamily="34" charset="0"/><a:ea typeface="ＭＳ Ｐゴシック" panose="020B0600070205080204" pitchFamily="34" charset="-128"/></a:defRPr></a:lvl6pPr><a:lvl7pPr marL="2971800" indent="-228600" eaLnBrk="0" fontAlgn="base" hangingPunct="0"><a:spcBef><a:spcPct val="0"/></a:spcBef><a:spcAft><a:spcPct val="0"/></a:spcAft><a:defRPr><a:solidFill><a:schemeClr val="tx1"/></a:solidFill><a:latin typeface="Arial" panose="020B0604020202020204" pitchFamily="34" charset="0"/><a:ea typeface="ＭＳ Ｐゴシック" panose="020B0600070205080204" pitchFamily="34" charset="-128"/></a:defRPr></a:lvl7pPr><a:lvl8pPr marL="3429000" indent="-228600" eaLnBrk="0" fontAlgn="base" hangingPunct="0"><a:spcBef><a:spcPct val="0"/></a:spcBef><a:spcAft><a:spcPct val="0"/></a:spcAft><a:defRPr><a:solidFill><a:schemeClr val="tx1"/></a:solidFill><a:latin typeface="Arial" panose="020B0604020202020204" pitchFamily="34" charset="0"/><a:ea typeface="ＭＳ Ｐゴシック" panose="020B0600070205080204" pitchFamily="34" charset="-128"/></a:defRPr></a:lvl8pPr><a:lvl9pPr marL="3886200" indent="-228600" eaLnBrk="0" fontAlgn="base" hangingPunct="0"><a:spcBef><a:spcPct val="0"/></a:spcBef><a:spcAft><a:spcPct val="0"/></a:spcAft><a:defRPr><a:solidFill><a:schemeClr val="tx1"/></a:solidFill><a:latin typeface="Arial" panose="020B0604020202020204" pitchFamily="34" charset="0"/><a:ea typeface="ＭＳ Ｐゴシック" panose="020B0600070205080204" pitchFamily="34" charset="-128"/></a:defRPr></a:lvl9pPr></a:lstStyle><a:p><a:pPr defTabSz="914400" fontAlgn="base"><a:spcBef><a:spcPct val="0"/></a:spcBef><a:spcAft><a:spcPct val="0"/></a:spcAft></a:pPr><a:r><a:rPr lang="nl-BE" altLang="en-US" sz="3000" b="1" smtClean="0"><a:solidFill><a:srgbClr val="000000"/></a:solidFill></a:rPr><a:t>our most recognizeable brand image</a:t></a:r><a:endParaRPr lang="en-US" altLang="en-US" sz="3000" b="1" smtClean="0"><a:solidFill><a:srgbClr val="000000"/></a:solidFill></a:endParaRPr></a:p></p:txBody></p:sp><p:sp><p:nvSpPr><p:cNvPr id="128003" name="Rectangle 2"/><p:cNvSpPr txBox="1"><a:spLocks noChangeArrowheads="1"/></p:cNvSpPr><p:nvPr/></p:nvSpPr><p:spPr bwMode="auto"><a:xfrm><a:off x="722313" y="287338"/><a:ext cx="5183187" cy="360362"/></a:xfrm><a:prstGeom prst="rect"><a:avLst/></a:prstGeom><a:noFill/><a:ln><a:noFill/></a:ln><a:extLst><a:ext uri="{909E8E84-426E-40DD-AFC4-6F175D3DCCD1}"><a14:hiddenFill xmlns:a14="http://schemas.microsoft.com/office/drawing/2010/main"><a:solidFill><a:srgbClr val="FFFFFF"/></a:solidFill></a14:hiddenFill></a:ext><a:ext uri="{91240B29-F687-4F45-9708-019B960494DF}"><a14:hiddenLine xmlns:a14="http://schemas.microsoft.com/office/drawing/2010/main" w="9525"><a:solidFill><a:srgbClr val="000000"/></a:solidFill><a:miter lim="800000"/><a:headEnd/><a:tailEnd/></a14:hiddenLine></a:ext></a:extLst></p:spPr><p:txBody><a:bodyPr lIns="89506" tIns="44740" rIns="89506" bIns="44740" anchor="ctr"/><a:lstStyle><a:lvl1pPr><a:defRPr><a:solidFill><a:schemeClr val="tx1"/></a:solidFill><a:latin typeface="Arial" panose="020B0604020202020204" pitchFamily="34" charset="0"/><a:ea typeface="ＭＳ Ｐゴシック" panose="020B0600070205080204" pitchFamily="34" charset="-128"/></a:defRPr></a:lvl1pPr><a:lvl2pPr marL="742950" indent="-285750"><a:defRPr><a:solidFill><a:schemeClr val="tx1"/></a:solidFill><a:latin typeface="Arial" panose="020B0604020202020204" pitchFamily="34" charset="0"/><a:ea typeface="ＭＳ Ｐゴシック" panose="020B0600070205080204" pitchFamily="34" charset="-128"/></a:defRPr></a:lvl2pPr><a:lvl3pPr marL="1143000" indent="-228600"><a:defRPr><a:solidFill><a:schemeClr val="tx1"/></a:solidFill><a:latin typeface="Arial" panose="020B0604020202020204" pitchFamily="34" charset="0"/><a:ea typeface="ＭＳ Ｐゴシック" panose="020B0600070205080204" pitchFamily="34" charset="-128"/></a:defRPr></a:lvl3pPr><a:lvl4pPr marL="1600200" indent="-228600"><a:defRPr><a:solidFill><a:schemeClr val="tx1"/></a:solidFill><a:latin typeface="Arial" panose="020B0604020202020204" pitchFamily="34" charset="0"/><a:ea typeface="ＭＳ Ｐゴシック" panose="020B0600070205080204" pitchFamily="34" charset="-128"/></a:defRPr></a:lvl4pPr><a:lvl5pPr marL="2057400" indent="-228600"><a:defRPr><a:solidFill><a:schemeClr val="tx1"/></a:solidFill><a:latin typeface="Arial" panose="020B0604020202020204" pitchFamily="34" charset="0"/><a:ea typeface="ＭＳ Ｐゴシック" panose="020B0600070205080204" pitchFamily="34" charset="-128"/></a:defRPr></a:lvl5pPr><a:lvl6pPr marL="2514600" indent="-228600" eaLnBrk="0" fontAlgn="base" hangingPunct="0"><a:spcBef><a:spcPct val="0"/></a:spcBef><a:spcAft><a:spcPct val="0"/></a:spcAft><a:defRPr><a:solidFill><a:schemeClr val="tx1"/></a:solidFill><a:latin typeface="Arial" panose="020B0604020202020204" pitchFamily="34" charset="0"/><a:ea typeface="ＭＳ Ｐゴシック" panose="020B0600070205080204" pitchFamily="34" charset="-128"/></a:defRPr></a:lvl6pPr><a:lvl7pPr marL="2971800" indent="-228600" eaLnBrk="0" fontAlgn="base" hangingPunct="0"><a:spcBef><a:spcPct val="0"/></a:spcBef><a:spcAft><a:spcPct val="0"/></a:spcAft><a:defRPr><a:solidFill><a:schemeClr val="tx1"/></a:solidFill><a:latin typeface="Arial" panose="020B0604020202020204" pitchFamily="34" charset="0"/><a:ea typeface="ＭＳ Ｐゴシック" panose="020B0600070205080204" pitchFamily="34" charset="-128"/></a:defRPr></a:lvl7pPr><a:lvl8pPr marL="3429000" indent="-228600" eaLnBrk="0" fontAlgn="base" hangingPunct="0"><a:spcBef><a:spcPct val="0"/></a:spcBef><a:spcAft><a:spcPct val="0"/></a:spcAft><a:defRPr><a:solidFill><a:schemeClr val="tx1"/></a:solidFill><a:latin typeface="Arial" panose="020B0604020202020204" pitchFamily="34" charset="0"/><a:ea typeface="ＭＳ Ｐゴシック" panose="020B0600070205080204" pitchFamily="34" charset="-128"/></a:defRPr></a:lvl8pPr><a:lvl9pPr marL="3886200" indent="-228600" eaLnBrk="0" fontAlgn="base" hangingPunct="0"><a:spcBef><a:spcPct val="0"/></a:spcBef><a:spcAft><a:spcPct val="0"/></a:spcAft><a:defRPr><a:solidFill><a:schemeClr val="tx1"/></a:solidFill><a:latin typeface="Arial" panose="020B0604020202020204" pitchFamily="34" charset="0"/><a:ea typeface="ＭＳ Ｐゴシック" panose="020B0600070205080204" pitchFamily="34" charset="-128"/></a:defRPr></a:lvl9pPr></a:lstStyle><a:p><a:pPr defTabSz="914400" fontAlgn="base"><a:spcBef><a:spcPct val="0"/></a:spcBef><a:spcAft><a:spcPct val="0"/></a:spcAft></a:pPr><a:r><a:rPr lang="nl-BE" altLang="en-US" sz="1400" b="1" smtClean="0"><a:solidFill><a:srgbClr val="5C2D91"/></a:solidFill></a:rPr><a:t>Brand Image &amp; Communicating the Brand</a:t></a:r><a:endParaRPr lang="en-US" altLang="en-US" sz="1400" b="1" smtClean="0"><a:solidFill><a:srgbClr val="5C2D91"/></a:solidFill></a:endParaRPr></a:p></p:txBody></p:sp><p:pic><p:nvPicPr><p:cNvPr id="128004" name="Picture 62" descr="CARREZ – Q_RADBLU_RAD_RADRED_PP_PI_CIS_CMYK.eps"/><p:cNvPicPr><a:picLocks noChangeAspect="1"/></p:cNvPicPr><p:nvPr/></p:nvPicPr><p:blipFill><a:blip r:embed="rId3"><a:extLst><a:ext uri="{28A0092B-C50C-407E-A947-70E740481C1C}"><a14:useLocalDpi xmlns:a14="http://schemas.microsoft.com/office/drawing/2010/main" val="0"/></a:ext></a:extLst></a:blip><a:srcRect l="77454" t="27927" r="10600" b="24432"/><a:stretch><a:fillRect/></a:stretch></p:blipFill><p:spPr bwMode="auto"><a:xfrm><a:off x="266700" y="1946275"/><a:ext cx="8280400" cy="3081338"/></a:xfrm><a:prstGeom prst="rect"><a:avLst/></a:prstGeom><a:noFill/><a:ln><a:noFill/></a:ln><a:extLst><a:ext uri="{909E8E84-426E-40DD-AFC4-6F175D3DCCD1}"><a14:hiddenFill xmlns:a14="http://schemas.microsoft.com/office/drawing/2010/main"><a:solidFill><a:srgbClr val="FFFFFF"/></a:solidFill></a14:hiddenFill></a:ext><a:ext uri="{91240B29-F687-4F45-9708-019B960494DF}"><a14:hiddenLine xmlns:a14="http://schemas.microsoft.com/office/drawing/2010/main" w="9525"><a:solidFill><a:srgbClr val="000000"/></a:solidFill><a:miter lim="800000"/><a:headEnd/><a:tailEnd/></a14:hiddenLine></a:ext></a:extLst></p:spPr></p:pic></p:spTree><p:extLst><p:ext uri="{BB962C8B-B14F-4D97-AF65-F5344CB8AC3E}"><p14:creationId xmlns:p14="http://schemas.microsoft.com/office/powerpoint/2010/main" val="3100154570"/></p:ext></p:extLst></p:cSld><p:clrMapOvr><a:masterClrMapping/></p:clrMapOvr><p:transition spd="slow"/><p:timing><p:tnLst><p:par><p:cTn id="1" dur="indefinite" restart="never" nodeType="tmRoot"/></p:par></p:tnLst></p:timing></p:sld>